       91.000000       0.0000000
       94.000000       0.0000000
       96.000000       0.0000000
       98.000000       0.0000000
       100.00000       0.0000000
       102.00000       0.0000000
       104.00000       0.0000000
       106.00000       0.0000000
       108.00000       0.0000000
       110.00000       0.0000000
       114.00000       0.0000000
       118.00000       0.0000000
       121.00000       0.0000000
       125.00000       0.0000000
       127.00000       0.0000000
       128.00000       0.0000000
       131.00000       0.0000000
       132.00000       0.0000000
       134.00000       0.0000000
       137.00000       0.0000000
       140.00000       0.0000000
       143.00000       0.0000000
       147.00000       0.0000000
       151.00000       0.0000000
       155.00000       0.0000000
       159.00000       0.0000000
       162.00000       0.0000000
       166.00000       0.0000000
       170.00000       0.0000000
       173.00000       0.0000000
       177.00000       0.0000000
       180.00000       0.0000000
       182.00000       0.0000000
       186.00000       0.0000000
       191.00000       0.0000000
       194.00000       0.0000000
       198.00000       0.0000000
       202.00000       0.0000000
       205.00000       0.0000000
       210.00000       0.0000000
       216.00000       0.0000000
       220.00000       0.0000000
       223.00000       0.0000000
       227.00000       0.0000000
       230.00000       0.0000000
       234.00000       0.0000000
       240.00000       0.0000000
       246.00000       0.0000000
       252.00000       0.0000000
       257.00000       0.0000000
       260.00000       0.0000000
       264.00000       0.0000000
       269.00000       0.0000000
       274.00000       0.0000000
       279.00000       0.0000000
       284.00000       0.0000000
       290.00000       0.0000000
       296.00000       0.0000000
       301.00000       0.0000000
       308.00000       0.0000000
       318.00000       0.0000000
       328.00000       0.0000000
       338.00000       0.0000000
       348.00000       0.0000000
       357.00000       0.0000000
       366.00000       0.0000000
       375.00000       0.0000000
       385.00000       0.0000000
       395.00000   2.5178528e-51
       405.00000   9.3329339e-49
       414.00000   7.1169234e-49
       422.00000   6.6108964e-49
       430.00000   5.9966215e-49
       441.00000   4.9465040e-49
       451.00000   4.0138807e-49
       460.00000   3.2518810e-49
       470.00000   2.5239097e-49
       480.00000   1.9475070e-49
       490.00000   1.4961940e-49
       500.00000   1.0286132e-49
       506.00000   2.5738719e-50
       512.00000   3.9870500e-52
       520.00000   6.0398385e-56
       530.00000   3.1500052e-56
       540.00000   1.8660732e-56
       550.00000   1.1411347e-56
       560.00000   7.1736924e-57
       570.00000   4.6045112e-57
       580.00000   2.6578573e-57
       590.00000   1.7780350e-57
       600.00000   1.2713990e-57
       610.00000   9.9662140e-58
       620.00000   8.6517900e-58
       630.00000   7.6351752e-58
       640.00000   7.1405786e-58
       650.00000   7.2301902e-58
       658.00000   7.9251390e-58
       665.00000   9.0669365e-58
       675.00000   1.2093555e-57
       685.00000   1.7936784e-57
       695.00000   3.0451430e-57
       705.00000   5.9762493e-57
       716.00000   1.5171045e-56
       726.00000   4.2522050e-56
       735.00000   1.2545165e-55
       745.00000   5.0170363e-55
       755.00000   2.4871445e-54
       765.00000   1.5381486e-53
       775.00000   1.2132360e-52
       785.00000   1.2351835e-51
       795.00000   1.6536463e-50
       805.00000   2.9025860e-49
       815.00000   6.8199785e-48
       825.00000   2.2057056e-46
       835.00000   9.9784323e-45
       845.00000   6.4230268e-43
       855.00000   6.0748132e-41
       865.00000   8.6445092e-39
       875.00000   1.8688587e-36
       885.00000   6.2863335e-34
       895.00000   4.8254676e-31
       905.00000   8.3732260e-28
       915.00000   7.6547631e-26
       925.00000   7.1693244e-25
       935.00000   3.1574742e-24
       945.00000   8.5805153e-24
       955.00000   2.2254636e-23
       965.00000   2.7628205e-23
       975.00000   2.7479852e-22
       985.00000   1.9687196e-22
       995.00000   7.5352128e-23
       1005.0000   2.7485724e-23
       1015.0000   1.0457322e-21
       1025.0000   4.1586777e-20
       1035.0000   6.1909421e-20
       1045.0000   3.2311411e-20
       1055.0000   1.5818110e-20
       1065.0000   7.5199152e-21
       1075.0000   3.4342965e-21
       1085.0000   1.4500633e-21
       1095.0000   5.3150924e-22
       1105.0000   1.1436467e-22
       1115.0000   1.4897834e-23
       1125.0000   7.3791889e-23
       1135.0000   4.0286201e-22
       1145.0000   2.5747017e-22
       1155.0000   1.9691783e-23
       1165.0000   1.9289586e-25
       1175.0000   1.0125421e-27
       1185.0000   1.1980790e-28
       1195.0000   4.8655551e-18
       1205.0000   4.1826219e-15
       1207.6010   1.4315908e-14
       1207.7621   1.5283170e-14
       1207.9233   1.6472835e-14
       1208.0845   1.7690851e-14
       1208.2457   1.8909028e-14
       1208.4070   2.0170089e-14
       1208.5682   2.1690554e-14
       1208.7295   2.3211222e-14
       1208.8908   2.4732093e-14
       1209.0522   2.6395809e-14
       1209.2135   2.8277762e-14
       1209.3749   3.0159967e-14
       1209.5363   3.2042422e-14
       1209.6977   3.4202535e-14
       1209.8591   3.6512610e-14
       1210.0206   3.8822993e-14
       1210.1821   4.1133685e-14
       1210.3436   4.3897746e-14
       1210.5051   4.6710520e-14
       1210.6666   4.9523668e-14
       1210.8282   5.2429243e-14
       1210.9898   5.5827188e-14
       1211.1514   5.9225586e-14
       1211.3130   6.2624437e-14
       1211.4747   6.6301607e-14
       1211.6364   7.0376428e-14
       1211.7981   7.4451792e-14
       1211.9598   7.8527700e-14
       1212.1215   8.3119830e-14
       1212.2833   8.7971574e-14
       1212.4451   9.2823965e-14
       1212.6069   9.7677003e-14
       1212.7687   1.0334275e-13
       1212.9305   1.0908014e-13
       1213.0924   1.1481831e-13
       1213.2543   1.2073098e-13
       1213.4162   1.2747080e-13
       1213.5781   1.3421152e-13
       1213.7401   1.4095314e-13
       1213.9021   1.4817730e-13
       1214.0641   1.5604682e-13
       1214.2261   1.6391739e-13
       1214.3881   1.7178900e-13
       1214.5502   1.8052140e-13
       1214.7123   1.8965627e-13
       1214.8744   1.9879235e-13
       1215.0000   2.0587257e-13
       1215.0365   2.0792966e-13
       1215.1986   2.1838300e-13
       1215.3608   2.2892793e-13
       1215.5230   2.3947428e-13
       1215.6852   2.5031781e-13
       1215.8475   2.6242533e-13
       1216.0097   2.7453445e-13
       1216.1720   2.8664520e-13
       1216.3343   2.9952131e-13
       1216.4966   3.1335624e-13
       1216.6590   3.2719302e-13
       1216.8213   3.4103164e-13
       1216.9837   3.5619314e-13
       1217.1461   3.7192866e-13
       1217.3086   3.8766627e-13
       1217.4710   4.0340599e-13
       1217.6335   4.2112268e-13
       1217.7960   4.3894160e-13
       1217.9585   4.5676289e-13
       1218.1210   4.7505315e-13
       1218.2836   4.9514564e-13
       1218.4462   5.1524081e-13
       1218.6088   5.3533866e-13
       1218.7714   5.5657406e-13
       1218.9340   5.7914519e-13
       1219.0967   6.0171933e-13
       1219.2594   6.2429648e-13
       1219.4221   6.4878932e-13
       1219.5849   6.7405198e-13
       1219.7476   6.9931801e-13
       1219.9104   7.2458740e-13
       1220.0732   7.5266751e-13
       1220.2360   7.8084442e-13
       1220.3988   8.0902510e-13
       1220.5617   8.3790443e-13
       1220.7246   8.6922418e-13
       1220.8875   9.0054811e-13
       1221.0504   9.3187622e-13
       1221.2134   9.6481319e-13
       1221.3764   9.9952172e-13
       1221.5394   1.0342349e-12
       1221.7024   1.0689527e-12
       1221.8654   1.1063185e-12
       1222.0285   1.1446674e-12
       1222.1915   1.1830214e-12
       1222.3547   1.2213806e-12
       1222.5178   1.2635621e-12
       1222.6809   1.3058117e-12
       1222.8441   1.3480669e-12
       1223.0073   1.3913142e-12
       1223.1705   1.4377268e-12
       1223.3337   1.4841457e-12
       1223.4970   1.5305708e-12
       1223.6603   1.5791762e-12
       1225.0000   2.0256642e-12
       1235.0000   9.0133666e-12
       1245.0000   2.5775685e-11
       1255.0000   5.6629854e-11
       1265.0000   1.0507002e-10
       1275.0000   1.7357565e-10
       1285.0000   2.6414888e-10
       1295.0000   3.7934252e-10
       1305.0000   5.1758888e-10
       1315.0000   6.7346097e-10
       1325.0000   8.5217919e-10
       1335.0000   1.0535823e-09
       1345.0000   1.2758492e-09
       1355.0000   1.5185037e-09
       1365.0000   1.7796409e-09
       1375.0000   2.0585958e-09
       1385.0000   2.3562106e-09
       1395.0000   2.6776280e-09
       1405.0000   3.0640953e-09
       1415.0000   3.5333794e-09
       1425.0000   3.9758123e-09
       1435.0000   4.3881488e-09
       1442.0000   4.6896184e-09
       1447.0000   4.9149258e-09
       1455.0000   5.2925591e-09
       1465.0000   5.7905258e-09
       1475.0000   6.3168114e-09
       1485.0000   6.8747259e-09
       1495.0000   7.4634650e-09
       1505.0000   8.0863839e-09
       1512.0000   8.5404245e-09
       1517.0000   8.8725261e-09
       1525.0000   9.4193874e-09
       1535.0000   1.0139710e-08
       1545.0000   1.0911443e-08
       1555.0000   1.1692180e-08
       1565.0000   1.2491589e-08
       1575.0000   1.3359804e-08
       1585.0000   1.4274025e-08
       1595.0000   1.5219506e-08
       1605.0000   1.6202775e-08
       1615.0000   1.7232210e-08
       1625.0000   1.8316136e-08
       1635.0000   1.9519971e-08
       1635.0151   1.9521943e-08
       1635.2332   1.9550731e-08
       1635.4514   1.9579740e-08
       1635.6696   1.9608754e-08
       1635.8879   1.9637771e-08
       1636.1061   1.9667241e-08
       1636.3244   1.9696806e-08
       1636.5428   1.9726376e-08
       1636.7611   1.9755995e-08
       1636.9795   1.9786132e-08
       1637.1979   1.9816273e-08
       1637.4163   1.9846418e-08
       1637.6348   1.9876760e-08
       1637.8533   1.9907486e-08
       1638.0718   1.9938217e-08
       1638.2904   1.9968951e-08
       1638.5090   2.0000031e-08
       1638.7276   2.0031354e-08
       1638.9462   2.0062680e-08
       1639.1649   2.0094010e-08
       1639.3836   2.0125831e-08
       1639.6024   2.0157747e-08
       1639.8211   2.0189667e-08
       1640.0399   2.0221645e-08
       1640.2587   2.0254136e-08
       1640.4776   2.0286632e-08
       1640.6965   2.0319133e-08
       1640.9154   2.0351826e-08
       1641.1343   2.0384873e-08
       1641.3533   2.0417925e-08
       1641.5723   2.0450982e-08
       1641.7913   2.0484345e-08
       1642.0103   2.0517911e-08
       1642.2294   2.0551483e-08
       1642.4485   2.0585058e-08
       1642.6677   2.0619025e-08
       1642.8868   2.0653061e-08
       1643.1060   2.0687102e-08
       1643.3253   2.0721189e-08
       1643.5445   2.0755628e-08
       1643.7638   2.0790070e-08
       1643.9831   2.0824518e-08
       1644.2025   2.0859084e-08
       1644.4219   2.0893853e-08
       1644.6413   2.0928628e-08
       1644.8607   2.0963407e-08
       1645.0000   2.0985543e-08
       1645.0802   2.0998330e-08
       1645.2996   2.1033345e-08
       1645.5192   2.1068364e-08
       1645.7387   2.1103389e-08
       1655.0000   2.2519543e-08
       1655.8698   2.2636336e-08
       1656.0907   2.2665270e-08
       1656.3116   2.2694209e-08
       1656.5326   2.2722994e-08
       1656.7537   2.2750968e-08
       1656.9747   2.2778944e-08
       1657.1958   2.2806925e-08
       1657.4169   2.2834504e-08
       1657.6380   2.2861514e-08
       1657.8592   2.2888527e-08
       1658.0804   2.2915544e-08
       1658.3016   2.2941918e-08
       1658.5229   2.2967974e-08
       1658.7442   2.2994032e-08
       1658.9655   2.3020094e-08
       1659.1868   2.3045291e-08
       1659.4082   2.3070415e-08
       1659.6296   2.3095542e-08
       1659.8510   2.3120516e-08
       1660.0725   2.3144743e-08
       1660.2940   2.3168973e-08
       1660.5155   2.3193207e-08
       1660.7370   2.3217079e-08
       1660.9586   2.3240463e-08
       1661.1802   2.3263851e-08
       1661.4019   2.3287242e-08
       1661.6235   2.3310097e-08
       1661.8452   2.3332702e-08
       1662.0670   2.3355309e-08
       1662.2887   2.3377920e-08
       1662.5105   2.3399865e-08
       1662.7323   2.3421764e-08
       1662.9542   2.3443666e-08
       1663.1760   2.3465454e-08
       1663.3979   2.3486730e-08
       1663.6199   2.3508009e-08
       1663.8418   2.3529290e-08
       1664.0638   2.3550338e-08
       1664.2859   2.3571087e-08
       1664.5079   2.3591839e-08
       1664.7300   2.3612593e-08
       1664.9521   2.3633047e-08
       1665.0000   2.3637428e-08
       1665.1743   2.3653370e-08
       1665.3964   2.3673695e-08
       1665.6186   2.3694023e-08
       1665.8409   2.3714041e-08
       1666.0631   2.3734043e-08
       1666.2854   2.3754049e-08
       1666.5077   2.3774013e-08
       1666.7301   2.3793802e-08
       1666.9525   2.3813595e-08
       1667.1749   2.3833390e-08
       1667.3973   2.3853138e-08
       1667.6198   2.3872829e-08
       1667.8423   2.3892522e-08
       1668.0648   2.3912218e-08
       1668.2874   2.3931918e-08
       1668.5099   2.3951620e-08
       1668.7326   2.3971325e-08
       1668.9552   2.3991033e-08
       1669.1779   2.4010846e-08
       1669.4006   2.4030667e-08
       1669.6233   2.4050491e-08
       1669.8461   2.4070362e-08
       1670.0689   2.4090400e-08
       1670.2917   2.4110442e-08
       1670.5146   2.4130486e-08
       1670.7374   2.4150674e-08
       1670.9603   2.4171028e-08
       1671.1833   2.4191385e-08
       1671.4063   2.4211744e-08
       1671.6293   2.4232385e-08
       1672.0000   2.4266883e-08
       1677.0000   2.4770021e-08
       1685.0000   2.5739691e-08
       1695.0000   2.7119845e-08
       1705.0000   2.8567857e-08
       1715.0000   3.0047364e-08
       1725.0000   3.1518397e-08
       1735.0000   3.2760033e-08
       1745.0000   3.4011869e-08
       1755.0000   3.6008199e-08
       1765.0000   3.7924985e-08
       1775.0000   3.9634525e-08
       1785.0000   4.1335835e-08
       1795.0000   4.3063581e-08
       1805.0000   4.4856815e-08
       1806.3532   4.5104936e-08
       1806.5942   4.5149251e-08
       1806.8352   4.5193571e-08
       1807.0763   4.5237921e-08
       1807.3174   4.5282372e-08
       1807.5585   4.5326828e-08
       1807.7997   4.5371290e-08
       1808.0409   4.5415809e-08
       1808.2821   4.5460395e-08
       1808.5233   4.5504987e-08
       1808.7646   4.5549585e-08
       1809.0060   4.5594264e-08
       1809.2473   4.5638980e-08
       1809.4887   4.5683702e-08
       1809.7301   4.5728431e-08
       1809.9715   4.5773263e-08
       1810.2130   4.5818105e-08
       1810.4545   4.5862953e-08
       1810.6961   4.5907829e-08
       1810.9377   4.5952788e-08
       1811.1793   4.5997754e-08
       1811.4209   4.6042725e-08
       1811.6626   4.6087749e-08
       1811.9043   4.6132830e-08
       1812.1460   4.6177917e-08
       1812.3878   4.6223011e-08
       1812.6296   4.6268180e-08
       1812.8714   4.6313383e-08
       1813.1133   4.6358591e-08
       1813.3552   4.6403806e-08
       1813.5971   4.6449122e-08
       1813.8391   4.6494446e-08
       1814.0811   4.6539777e-08
       1814.3231   4.6585136e-08
       1814.5652   4.6630577e-08
       1814.8072   4.6676025e-08
       1815.0000   4.6712210e-08
       1815.0494   4.6721479e-08
       1815.2915   4.6766986e-08
       1815.5337   4.6812552e-08
       1815.7759   4.6858124e-08
       1816.0182   4.6903702e-08
       1816.2605   4.6949361e-08
       1816.5028   4.6995053e-08
       1816.7451   4.7040751e-08
       1816.9875   4.7086455e-08
       1817.2299   4.7132267e-08
       1817.4724   4.7178086e-08
       1817.7149   4.7223911e-08
       1817.9574   4.7269767e-08
       1818.1999   4.7315708e-08
       1825.0000   4.8613323e-08
       1835.0000   5.0541671e-08
       1845.0000   5.2476442e-08
       1848.7740   5.3215226e-08
       1849.0206   5.3263768e-08
       1849.2673   5.3312453e-08
       1849.5141   5.3361170e-08
       1849.7608   5.3409894e-08
       1850.0076   5.3458641e-08
       1850.2544   5.3507552e-08
       1850.5013   5.3556469e-08
       1850.7481   5.3605393e-08
       1850.9951   5.3654386e-08
       1851.2420   5.3703506e-08
       1851.4890   5.3752632e-08
       1851.7360   5.3801766e-08
       1851.9830   5.3851019e-08
       1852.2301   5.3900357e-08
       1852.4772   5.3949701e-08
       1852.7244   5.3999051e-08
       1852.9716   5.4048576e-08
       1853.2188   5.4098137e-08
       1853.4660   5.4147704e-08
       1853.7133   5.4197299e-08
       1853.9606   5.4247081e-08
       1854.2080   5.4296870e-08
       1854.4553   5.4346665e-08
       1854.7028   5.4396539e-08
       1854.9502   5.4446551e-08
       1855.0000   5.4456617e-08
       1855.1977   5.4496570e-08
       1855.4452   5.4546595e-08
       1855.6927   5.4596751e-08
       1855.9403   5.4646993e-08
       1856.1879   5.4697242e-08
       1856.4355   5.4747497e-08
       1856.6832   5.4797933e-08
       1856.9309   5.4848403e-08
       1857.1787   5.4898880e-08
       1857.4264   5.4949387e-08
       1857.6743   5.5000075e-08
       1857.9221   5.5050770e-08
       1858.1700   5.5101471e-08
       1858.4179   5.5152251e-08
       1858.6658   5.5203158e-08
       1858.9138   5.5254072e-08
       1859.1618   5.5304993e-08
       1859.4098   5.5356036e-08
       1859.6579   5.5407156e-08
       1859.9060   5.5458283e-08
       1860.1541   5.5509417e-08
       1860.4023   5.5560712e-08
       1860.6505   5.5612036e-08
       1860.8987   5.5663368e-08
       1861.1470   5.5714727e-08
       1861.3953   5.5766240e-08
       1861.6437   5.5817760e-08
       1861.8920   5.5869287e-08
       1862.1404   5.5920881e-08
       1862.3889   5.5972580e-08
       1862.6373   5.6024286e-08
       1862.8858   5.6075999e-08
       1863.1344   5.6127813e-08
       1863.3829   5.6179688e-08
       1863.6315   5.6231570e-08
       1863.8802   5.6283459e-08
       1864.1288   5.6335477e-08
       1864.3775   5.6387517e-08
       1864.6263   5.6439565e-08
       1864.8750   5.6491637e-08
       1865.0000   5.6517849e-08
       1865.1238   5.6543826e-08
       1865.3727   5.6596022e-08
       1865.6215   5.6648225e-08
       1865.8704   5.6700482e-08
       1866.1194   5.6752816e-08
       1866.3683   5.6805158e-08
       1866.6173   5.6857507e-08
       1866.8664   5.6909933e-08
       1867.1154   5.6962404e-08
       1867.3645   5.7014882e-08
       1867.6137   5.7067367e-08
       1867.8628   5.7119949e-08
       1868.1120   5.7172547e-08
       1868.3613   5.7225153e-08
       1868.6105   5.7277780e-08
       1868.8598   5.7330492e-08
       1875.0000   5.8634695e-08
       1885.0000   6.0787296e-08
       1895.0000   6.3002774e-08
       1900.5388   6.4265369e-08
       1900.7924   6.4323494e-08
       1901.0460   6.4381631e-08
       1901.2996   6.4439777e-08
       1901.5532   6.4497930e-08
       1901.8069   6.4556041e-08
       1902.0607   6.4614161e-08
       1902.3144   6.4672288e-08
       1902.5682   6.4730390e-08
       1902.8220   6.4788403e-08
       1903.0759   6.4846424e-08
       1903.3298   6.4904453e-08
       1903.5837   6.4962376e-08
       1903.8377   6.5020196e-08
       1904.0917   6.5078025e-08
       1904.3457   6.5135861e-08
       1904.5998   6.5193452e-08
       1904.8539   6.5250972e-08
       1905.0000   6.5284052e-08
       1905.1080   6.5308499e-08
       1905.3622   6.5366028e-08
       1905.6164   6.5423116e-08
       1905.8706   6.5480212e-08
       1906.1249   6.5537315e-08
       1906.3792   6.5594268e-08
       1906.6335   6.5650795e-08
       1906.8879   6.5707329e-08
       1907.1423   6.5763870e-08
       1907.3967   6.5820033e-08
       1907.6512   6.5875847e-08
       1907.9057   6.5931668e-08
       1908.1602   6.5987497e-08
       1908.4148   6.6042633e-08
       1908.6694   6.6097570e-08
       1908.9240   6.6152515e-08
       1909.1787   6.6207440e-08
       1909.4334   6.6261321e-08
       1909.6882   6.6315210e-08
       1909.9429   6.6369105e-08
       1910.1977   6.6422659e-08
       1910.4526   6.6475314e-08
       1910.7075   6.6527976e-08
       1910.9624   6.6580645e-08
       1911.2173   6.6632562e-08
       1911.4723   6.6683815e-08
       1911.7273   6.6735074e-08
       1911.9824   6.6786341e-08
       1912.2374   6.6836362e-08
       1912.4926   6.6886046e-08
       1912.7477   6.6935736e-08
       1913.0029   6.6985367e-08
       1913.2581   6.7033326e-08
       1913.5134   6.7081291e-08
       1913.7686   6.7129262e-08
       1914.0240   6.7176699e-08
       1914.2793   6.7222819e-08
       1914.5347   6.7268945e-08
       1914.7901   6.7315077e-08
       1915.0000   6.7352276e-08
       1915.0456   6.7360161e-08
       1925.0000   6.8817374e-08
       1935.0000   7.0912116e-08
       1945.0000   7.4217732e-08
       1955.0000   7.7217927e-08
       1967.0000   8.0376010e-08
       1976.0000   8.2728816e-08
       1984.0000   8.4872932e-08
       1995.0000   8.7856398e-08
       2005.0000   9.0592101e-08
       2015.0000   9.3451201e-08
       2025.0000   9.6460523e-08
       2035.0000   9.9518902e-08
       2045.0000   1.0261707e-07
       2055.0000   1.0575765e-07
       2065.0000   1.0893328e-07
       2074.0000   1.1186420e-07
       2078.0000   1.1318002e-07
       2085.0000   1.1548505e-07
       2095.0000   1.1878821e-07
       2105.0000   1.2215318e-07
       2115.0000   1.2562844e-07
       2125.0000   1.2915896e-07
       2135.0000   1.3268599e-07
       2135.2746   1.3278325e-07
       2135.5594   1.3288431e-07
       2135.8443   1.3298546e-07
       2136.1293   1.3308662e-07
       2136.4142   1.3318780e-07
       2136.6992   1.3328922e-07
       2136.9843   1.3339069e-07
       2137.2694   1.3349217e-07
       2137.5545   1.3359371e-07
       2137.8397   1.3369551e-07
       2138.1249   1.3379732e-07
       2138.4101   1.3389914e-07
       2138.6954   1.3400111e-07
       2138.9807   1.3410328e-07
       2139.2660   1.3420546e-07
       2139.5514   1.3430766e-07
       2139.8368   1.3441009e-07
       2140.1223   1.3451264e-07
       2140.4078   1.3461521e-07
       2140.6933   1.3471780e-07
       2140.9789   1.3482071e-07
       2141.2645   1.3492366e-07
       2141.5502   1.3502662e-07
       2141.8359   1.3512966e-07
       2142.1216   1.3523300e-07
       2142.4074   1.3533635e-07
       2142.6932   1.3543971e-07
       2142.9790   1.3554323e-07
       2143.2649   1.3564696e-07
       2143.5508   1.3575070e-07
       2143.8368   1.3585446e-07
       2144.1228   1.3595845e-07
       2144.4088   1.3606256e-07
       2144.6949   1.3616668e-07
       2144.9810   1.3627082e-07
       2145.0000   1.3627773e-07
       2145.2672   1.3637525e-07
       2145.5534   1.3647972e-07
       2145.8396   1.3658420e-07
       2146.1258   1.3668875e-07
       2146.4122   1.3679354e-07
       2146.6985   1.3689834e-07
       2146.9849   1.3700315e-07
       2147.2713   1.3710809e-07
       2147.5577   1.3721318e-07
       2147.8442   1.3731828e-07
       2148.1308   1.3742340e-07
       2148.4173   1.3752868e-07
       2148.7039   1.3763403e-07
       2148.9906   1.3773940e-07
       2149.2773   1.3784479e-07
       2155.0000   1.3995554e-07
       2165.0000   1.4362570e-07
       2175.0000   1.4723308e-07
       2185.0000   1.5080464e-07
       2195.0000   1.5437434e-07
       2205.0000   1.5800569e-07
       2215.0000   1.6174283e-07
       2225.0000   1.6553843e-07
       2235.0000   1.6935560e-07
       2245.0000   1.7319064e-07
       2255.0000   1.7702380e-07
       2265.0000   1.8083440e-07
       2275.0000   1.8465859e-07
       2285.0000   1.8891652e-07
       2295.0000   1.9579989e-07
       2305.0000   2.1064609e-07
       2314.1245   2.3287336e-07
       2314.4332   2.3367738e-07
       2314.7419   2.3447445e-07
       2315.0000   2.3514064e-07
       2315.0507   2.3527162e-07
       2315.3596   2.3606889e-07
       2315.6684   2.3685423e-07
       2315.9773   2.3763082e-07
       2316.2863   2.3840752e-07
       2316.5953   2.3918432e-07
       2316.9043   2.3993498e-07
       2317.2134   2.4068034e-07
       2317.5225   2.4142580e-07
       2317.8317   2.4216789e-07
       2318.1409   2.4287114e-07
       2318.4501   2.4357447e-07
       2318.7594   2.4427790e-07
       2319.0687   2.4496375e-07
       2319.3781   2.4561447e-07
       2319.6875   2.4626528e-07
       2319.9969   2.4691617e-07
       2320.3064   2.4753032e-07
       2320.6159   2.4811860e-07
       2320.9255   2.4870695e-07
       2321.2351   2.4929539e-07
       2321.5448   2.4982366e-07
       2321.8545   2.5034046e-07
       2322.1642   2.5085734e-07
       2322.4740   2.5136698e-07
       2322.7838   2.5180440e-07
       2323.0936   2.5224189e-07
       2323.4035   2.5267943e-07
       2323.7135   2.5308743e-07
       2324.0235   2.5343913e-07
       2324.3335   2.5379088e-07
       2324.6436   2.5414268e-07
       2324.9537   2.5444039e-07
       2325.0000   2.5447942e-07
       2325.2638   2.5470160e-07
       2325.5740   2.5496284e-07
       2325.8842   2.5522411e-07
       2326.1945   2.5540592e-07
       2326.5048   2.5557367e-07
       2326.8152   2.5574143e-07
       2327.1256   2.5589957e-07
       2327.4360   2.5597279e-07
       2327.7465   2.5604602e-07
       2328.0570   2.5611925e-07
       2328.3676   2.5615929e-07
       2328.6782   2.5613889e-07
       2328.9888   2.5611848e-07
       2329.2995   2.5609806e-07
       2329.6102   2.5602252e-07
       2329.9210   2.5591128e-07
       2330.2318   2.5580002e-07
       2330.5427   2.5568875e-07
       2330.8535   2.5550341e-07
       2331.1645   2.5530594e-07
       2331.4755   2.5510845e-07
       2331.7865   2.5490197e-07
       2332.0975   2.5462459e-07
       2332.4086   2.5434716e-07
       2332.7198   2.5406969e-07
       2333.0310   2.5376590e-07
       2333.3422   2.5341628e-07
       2333.6535   2.5306660e-07
       2333.9648   2.5271688e-07
       2334.2761   2.5232814e-07
       2334.5875   2.5191519e-07
       2334.8989   2.5150218e-07
       2335.0000   2.5136815e-07
       2335.2104   2.5108912e-07
       2335.5219   2.5062966e-07
       2335.8335   2.5016320e-07
       2336.1451   2.4969669e-07
       2336.4567   2.4922487e-07
       2345.0000   2.3406935e-07
       2355.0000   2.2197167e-07
       2365.0000   2.1963568e-07
       2375.0000   2.2195440e-07
       2385.0000   2.2537073e-07
       2395.0000   2.2891636e-07
       2405.0000   2.3251663e-07
       2415.0000   2.3617055e-07
       2425.0000   2.3978508e-07
       2435.0000   2.4327319e-07
       2445.0000   2.4667506e-07
       2455.0000   2.5008397e-07
       2462.8622   2.5278108e-07
       2463.1908   2.5289402e-07
       2463.5194   2.5300697e-07
       2463.8480   2.5312003e-07
       2464.1766   2.5323310e-07
       2464.5054   2.5334620e-07
       2464.8341   2.5345932e-07
       2465.0000   2.5351645e-07
       2465.1629   2.5357255e-07
       2465.4918   2.5368580e-07
       2465.8206   2.5379907e-07
       2466.1496   2.5391240e-07
       2466.4786   2.5402582e-07
       2466.8076   2.5413926e-07
       2467.1366   2.5425272e-07
       2467.4657   2.5436629e-07
       2467.7949   2.5447993e-07
       2468.1241   2.5459359e-07
       2468.4533   2.5470726e-07
       2468.7826   2.5482110e-07
       2469.1119   2.5493499e-07
       2469.4413   2.5504888e-07
       2469.7707   2.5516282e-07
       2470.1002   2.5527695e-07
       2470.4297   2.5539110e-07
       2470.7592   2.5550526e-07
       2471.0888   2.5561952e-07
       2471.4184   2.5573394e-07
       2471.7481   2.5584837e-07
       2472.0778   2.5596282e-07
       2472.4076   2.5607744e-07
       2472.7374   2.5619217e-07
       2473.0673   2.5630691e-07
       2473.3972   2.5642166e-07
       2473.7271   2.5653667e-07
       2474.0571   2.5665172e-07
       2474.3871   2.5676679e-07
       2474.7172   2.5688191e-07
       2475.0000   2.5698074e-07
       2475.0473   2.5699728e-07
       2475.3775   2.5711267e-07
       2475.7077   2.5722807e-07
       2476.0379   2.5734360e-07
       2476.3682   2.5745931e-07
       2476.6986   2.5757503e-07
       2477.0290   2.5769078e-07
       2477.3594   2.5780672e-07
       2477.6898   2.5792277e-07
       2478.0204   2.5803884e-07
       2478.3509   2.5815493e-07
       2478.6815   2.5827128e-07
       2479.0122   2.5838767e-07
       2485.0000   2.6050604e-07
       2495.0000   2.6407225e-07
       2505.0000   2.6764314e-07
       2513.0000   2.7048447e-07
       2518.0000   2.7224583e-07
       2525.0000   2.7469094e-07
       2535.0000   2.7816508e-07
       2545.0000   2.8166955e-07
       2555.0000   2.8521776e-07
       2565.0000   2.8877919e-07
       2575.0000   2.9234826e-07
       2585.0000   2.9596668e-07
       2595.0000   2.9967332e-07
       2605.0000   3.0342253e-07
       2615.0000   3.0716509e-07
       2625.0000   3.1087813e-07
       2635.0000   3.1452382e-07
       2645.0000   3.1812624e-07
       2652.4574   3.2082090e-07
       2652.8112   3.2094910e-07
       2653.1651   3.2107740e-07
       2653.5190   3.2120572e-07
       2653.8729   3.2133406e-07
       2654.2270   3.2146246e-07
       2654.5810   3.2159093e-07
       2654.9351   3.2171941e-07
       2655.0000   3.2174295e-07
       2655.2893   3.2184791e-07
       2655.6435   3.2197649e-07
       2655.9977   3.2210510e-07
       2656.3520   3.2223373e-07
       2656.7063   3.2236238e-07
       2657.0607   3.2249110e-07
       2657.4151   3.2261985e-07
       2657.7696   3.2274861e-07
       2658.1241   3.2287739e-07
       2658.4787   3.2300623e-07
       2658.8333   3.2313509e-07
       2659.1880   3.2326397e-07
       2659.5427   3.2339288e-07
       2659.8975   3.2352182e-07
       2660.2523   3.2365078e-07
       2660.6072   3.2377976e-07
       2660.9621   3.2390877e-07
       2661.3170   3.2403781e-07
       2661.6720   3.2416687e-07
       2662.0271   3.2429594e-07
       2662.3821   3.2442505e-07
       2662.7373   3.2455418e-07
       2663.0925   3.2468333e-07
       2663.4477   3.2481250e-07
       2663.8030   3.2494171e-07
       2664.1583   3.2507093e-07
       2664.5137   3.2520018e-07
       2664.8691   3.2532945e-07
       2665.0000   3.2537706e-07
       2665.2246   3.2545876e-07
       2665.5801   3.2558808e-07
       2665.9357   3.2571743e-07
       2666.2913   3.2584682e-07
       2666.6470   3.2597624e-07
       2667.0027   3.2610567e-07
       2667.3584   3.2623513e-07
       2667.7142   3.2636466e-07
       2668.0701   3.2649420e-07
       2668.4260   3.2662376e-07
       2668.7819   3.2675336e-07
       2669.1379   3.2688303e-07
       2669.4940   3.2701272e-07
       2669.8501   3.2714242e-07
       2670.2062   3.2727219e-07
       2670.5624   3.2740202e-07
       2670.9186   3.2753187e-07
       2671.2749   3.2766173e-07
       2671.6312   3.2779170e-07
       2671.9876   3.2792171e-07
       2672.3440   3.2805174e-07
       2672.7005   3.2818178e-07
       2673.0570   3.2831197e-07
       2673.4136   3.2844218e-07
       2673.7702   3.2857240e-07
       2674.1268   3.2870268e-07
       2674.4836   3.2883309e-07
       2674.8403   3.2896351e-07
       2675.0000   3.2902189e-07
       2675.1971   3.2909395e-07
       2675.5540   3.2922449e-07
       2675.9109   3.2935512e-07
       2676.2678   3.2948578e-07
       2676.6248   3.2961645e-07
       2676.9818   3.2974728e-07
       2677.3389   3.2987817e-07
       2677.6961   3.3000907e-07
       2678.0532   3.3014000e-07
       2678.4105   3.3027113e-07
       2678.7678   3.3040228e-07
       2685.0000   3.3269976e-07
       2695.0000   3.3644357e-07
       2705.0000   3.4028784e-07
       2715.0000   3.4421117e-07
       2725.0000   3.4815979e-07
       2735.0000   3.5212978e-07
       2745.0000   3.5612578e-07
       2755.0000   3.6010453e-07
       2765.0000   3.6400886e-07
       2775.0000   3.6782343e-07
       2785.0000   3.7158271e-07
       2787.3875   3.7247889e-07
       2787.7593   3.7261865e-07
       2788.1312   3.7275843e-07
       2788.5031   3.7289823e-07
       2788.8750   3.7303816e-07
       2789.2470   3.7317824e-07
       2789.6191   3.7331833e-07
       2789.9912   3.7345844e-07
       2790.3634   3.7359880e-07
       2790.7356   3.7373927e-07
       2791.1078   3.7387975e-07
       2791.4801   3.7402025e-07
       2791.8525   3.7416115e-07
       2792.2249   3.7430208e-07
       2792.5973   3.7444302e-07
       2792.9698   3.7458410e-07
       2793.3424   3.7472555e-07
       2793.7150   3.7486702e-07
       2794.0877   3.7500850e-07
       2794.4604   3.7515027e-07
       2794.8331   3.7529234e-07
       2795.0000   3.7535595e-07
       2795.2059   3.7543443e-07
       2795.5788   3.7557653e-07
       2795.9517   3.7571911e-07
       2796.3246   3.7586187e-07
       2796.6976   3.7600464e-07
       2797.0707   3.7614743e-07
       2797.4438   3.7629092e-07
       2797.8169   3.7643443e-07
       2798.1901   3.7657796e-07
       2798.5634   3.7672168e-07
       2798.9367   3.7686599e-07
       2799.3100   3.7701031e-07
       2799.6834   3.7715465e-07
       2800.0569   3.7729940e-07
       2800.4304   3.7744456e-07
       2800.8039   3.7758974e-07
       2801.1775   3.7773495e-07
       2801.5512   3.7788078e-07
       2801.9249   3.7802683e-07
       2802.2986   3.7817291e-07
       2802.6724   3.7831901e-07
       2803.0463   3.7846596e-07
       2803.4202   3.7861294e-07
       2803.7941   3.7875993e-07
       2804.1681   3.7890715e-07
       2804.5421   3.7905503e-07
       2804.9162   3.7920292e-07
       2805.0000   3.7923604e-07
       2805.2904   3.7935084e-07
       2805.6646   3.7949919e-07
       2806.0388   3.7964798e-07
       2806.4131   3.7979679e-07
       2806.7875   3.7994561e-07
       2807.1619   3.8009507e-07
       2807.5363   3.8024474e-07
       2807.9108   3.8039443e-07
       2808.2854   3.8054414e-07
       2808.6600   3.8069462e-07
       2809.0346   3.8084513e-07
       2809.4093   3.8099566e-07
       2809.7841   3.8114638e-07
       2810.1588   3.8129764e-07
       2810.5337   3.8144892e-07
       2810.9086   3.8160022e-07
       2811.2835   3.8175185e-07
       2811.6585   3.8190379e-07
       2812.0336   3.8205576e-07
       2812.4087   3.8220775e-07
       2812.7838   3.8236015e-07
       2815.0000   3.8326236e-07
       2825.0000   3.8733986e-07
       2835.0000   3.9131493e-07
       2845.0000   3.9517507e-07
       2855.0000   3.9907572e-07
       2865.0000   4.0312270e-07
       2875.0000   4.0728150e-07
       2885.0000   4.1150854e-07
       2895.0000   4.1582686e-07
       2910.0000   4.2254493e-07
       2930.0000   4.3207429e-07
       2950.0000   4.4215388e-07
       2970.0000   4.5194861e-07
       2990.0000   4.6052852e-07
       3010.0000   4.6916589e-07
       3030.0000   4.7864466e-07
       3050.0000   4.8844865e-07
       3070.0000   4.9839098e-07
       3090.0000   5.0859655e-07
       3100.0170   5.1377631e-07
       3100.4305   5.1399100e-07
       3100.8441   5.1420606e-07
       3101.2577   5.1442117e-07
       3101.6713   5.1463631e-07
       3102.0851   5.1485155e-07
       3102.4988   5.1506713e-07
       3102.9127   5.1528275e-07
       3103.3265   5.1549839e-07
       3103.7405   5.1571425e-07
       3104.1545   5.1593037e-07
       3104.5685   5.1614652e-07
       3104.9826   5.1636270e-07
       3105.3968   5.1657922e-07
       3105.8110   5.1679591e-07
       3106.2253   5.1701263e-07
       3106.6396   5.1722938e-07
       3107.0540   5.1744662e-07
       3107.4684   5.1766391e-07
       3107.8829   5.1788123e-07
       3108.2974   5.1809868e-07
       3108.7120   5.1831657e-07
       3109.1267   5.1853449e-07
       3109.5414   5.1875244e-07
       3109.9562   5.1897066e-07
       3110.0000   5.1899375e-07
       3110.3710   5.1918921e-07
       3110.7859   5.1940778e-07
       3111.2008   5.1962638e-07
       3111.6158   5.1984541e-07
       3112.0308   5.2006463e-07
       3112.4459   5.2028388e-07
       3112.8611   5.2050316e-07
       3113.2763   5.2072302e-07
       3113.6916   5.2094294e-07
       3114.1069   5.2116288e-07
       3114.5223   5.2138298e-07
       3114.9377   5.2160358e-07
       3115.3532   5.2182421e-07
       3115.7687   5.2204486e-07
       3116.1843   5.2226583e-07
       3116.6000   5.2248715e-07
       3117.0157   5.2270850e-07
       3117.4314   5.2292987e-07
       3117.8473   5.2315172e-07
       3118.2631   5.2337378e-07
       3118.6791   5.2359586e-07
       3119.0950   5.2381797e-07
       3119.5111   5.2404071e-07
       3119.9272   5.2426350e-07
       3120.3433   5.2448632e-07
       3130.0000   5.2970626e-07
       3150.0000   5.4086077e-07
       3170.0000   5.5277826e-07
       3190.0000   5.6479355e-07
       3210.0000   5.7546429e-07
       3230.0000   5.8615344e-07
       3250.0000   5.9767301e-07
       3270.0000   6.0953976e-07
       3290.0000   6.2152625e-07
       3310.0000   6.3360974e-07
       3330.0000   6.4592136e-07
       3332.4133   6.4743810e-07
       3332.8578   6.4771823e-07
       3333.3023   6.4799841e-07
       3333.7469   6.4827906e-07
       3334.1916   6.4856020e-07
       3334.6363   6.4884138e-07
       3335.0811   6.4912259e-07
       3335.5260   6.4940449e-07
       3335.9709   6.4968664e-07
       3336.4158   6.4996882e-07
       3336.8608   6.5025105e-07
       3337.3059   6.5053412e-07
       3337.7510   6.5081724e-07
       3338.1962   6.5110039e-07
       3338.6415   6.5138378e-07
       3339.0868   6.5166778e-07
       3339.5322   6.5195182e-07
       3339.9776   6.5223590e-07
       3340.4231   6.5252039e-07
       3340.8687   6.5280528e-07
       3341.3143   6.5309021e-07
       3341.7600   6.5337517e-07
       3342.2057   6.5366069e-07
       3342.6515   6.5394642e-07
       3343.0973   6.5423219e-07
       3343.5432   6.5451801e-07
       3343.9892   6.5480450e-07
       3344.4352   6.5509104e-07
       3344.8813   6.5537761e-07
       3345.3275   6.5566438e-07
       3345.7737   6.5595165e-07
       3346.2199   6.5623895e-07
       3346.6663   6.5652629e-07
       3347.1127   6.5681397e-07
       3347.5591   6.5710197e-07
       3348.0056   6.5739002e-07
       3348.4522   6.5767810e-07
       3348.8988   6.5796664e-07
       3349.3455   6.5825536e-07
       3349.7922   6.5854411e-07
       3350.0000   6.5867841e-07
       3350.2390   6.5883291e-07
       3350.6859   6.5912228e-07
       3351.1328   6.5941168e-07
       3351.5798   6.5970112e-07
       3352.0268   6.5999074e-07
       3352.4739   6.6028078e-07
       3352.9211   6.6057085e-07
       3353.3683   6.6086096e-07
       3353.8156   6.6115136e-07
       3354.2629   6.6144204e-07
       3370.0000   6.7173535e-07
       3390.0000   6.8492235e-07
       3410.0000   6.9818143e-07
       3430.0000   7.1209573e-07
       3450.0000   7.2703684e-07
       3470.0000   7.4094114e-07
       3490.0000   7.5291912e-07
       3510.0000   7.6525675e-07
       3530.0000   7.7875767e-07
       3550.0000   7.9283337e-07
       3570.0000   8.0822953e-07
       3590.0000   8.5652977e-07
       3601.8274   1.0368816e-06
       3602.7275   1.0670242e-06
       3603.6279   1.0990773e-06
       3604.5280   1.1372240e-06
       3605.4282   1.1777433e-06
       3606.3286   1.2257782e-06
       3607.2287   1.2767334e-06
       3608.1291   1.3368303e-06
       3609.0292   1.4005224e-06
       3609.9293   1.4751653e-06
       3610.8297   1.5542540e-06
       3611.7299   1.6463041e-06
       3612.6302   1.7437205e-06
       3613.5304   1.8562930e-06
       3614.4305   1.9752816e-06
       3615.3309   2.1117720e-06
       3616.2310   2.2558586e-06
       3617.1314   2.4197834e-06
       3618.0315   2.5926288e-06
       3618.9317   2.7875419e-06
       3619.8320   2.9928902e-06
       3620.7322   3.2223521e-06
       3621.6326   3.4637765e-06
       3622.5327   3.7310401e-06
       3623.4328   4.0117122e-06
       3624.3332   4.3197412e-06
       3625.2333   4.6425234e-06
       3626.1337   4.9934474e-06
       3627.0339   5.3604335e-06
       3627.9340   5.7554814e-06
       3628.8344   6.1678235e-06
       3629.7345   6.6074213e-06
       3630.6349   7.0649614e-06
       3631.5350   7.5481860e-06
       3632.4351   8.0493198e-06
       3633.3355   8.5740423e-06
       3634.2357   9.1160446e-06
       3635.1360   9.6782959e-06
       3636.0362   1.0256595e-05
       3636.9363   1.0851060e-05
       3637.8367   1.1459701e-05
       3638.7368   1.2079854e-05
       3639.6372   1.2711131e-05
       3640.5373   1.3349035e-05
       3641.4375   1.3993931e-05
       3642.3379   1.4640808e-05
       3643.2380   1.5289498e-05
       3644.1384   1.5935377e-05
       3645.0385   1.6577377e-05
       3645.9386   1.7211883e-05
       3646.8390   1.7836606e-05
       3647.7391   1.8449789e-05
       3648.6395   1.9046441e-05
       3649.5397   1.9628611e-05
       3650.4398   2.0187121e-05
       3651.3402   2.0729413e-05
       3652.2403   2.1241240e-05
       3653.1407   2.1735802e-05
       3654.0408   2.2193749e-05
       3654.9410   2.2634305e-05
       3655.8413   2.3033128e-05
       3656.7415   2.3415365e-05
       3657.6419   2.3751736e-05
       3658.5420   2.4073125e-05
       3659.4421   2.4345819e-05
       3660.3425   2.4605971e-05
       3661.2426   2.4816154e-05
       3662.1430   2.5016345e-05
       3663.0432   2.5167084e-05
       3663.9433   2.5310419e-05
       3664.8437   2.5406500e-05
       3665.7438   2.5497688e-05
       3666.6442   2.5545264e-05
       3667.5443   2.5590166e-05
       3668.4445   2.5596418e-05
       3669.3448   2.5601752e-05
       3670.2450   2.5574436e-05
       3671.1453   2.5547116e-05
       3672.0455   2.5494383e-05
       3672.9456   2.5441384e-05
       3673.8460   2.5371192e-05
       3674.7461   2.5300123e-05
       3675.6465   2.5218963e-05
       3676.5466   2.5136838e-05
       3677.4468   2.5050423e-05
       3678.3472   2.4963345e-05
       3679.2473   2.4876413e-05
       3680.1477   2.4789476e-05
       3681.0478   2.4705735e-05
       3681.9479   2.4622865e-05
       3682.8483   2.4544961e-05
       3683.7485   2.4468828e-05
       3684.6488   2.4398471e-05
       3685.5490   2.4330660e-05
       3686.4491   2.4268620e-05
       3687.3495   2.4209681e-05
       3688.2496   2.4155914e-05
       3689.1500   2.4105543e-05
       3690.0501   2.4059378e-05
       3690.9503   2.4016586e-05
       3691.8507   2.3976862e-05
       3692.7508   2.3940176e-05
       3693.6512   2.3905446e-05
       3694.5513   2.3873095e-05
       3695.4514   2.3841730e-05
       3696.3518   2.3811819e-05
       3697.2520   2.3782124e-05
       3698.1523   2.3752814e-05
       3699.0525   2.3723179e-05
       3699.9526   2.3692772e-05
       3700.8530   2.3661732e-05
       3701.7531   2.3628760e-05
       3702.6535   2.3595080e-05
       3703.5536   2.3558387e-05
       3704.4538   2.3521095e-05
       3705.3541   2.3479843e-05
       3706.2543   2.3438226e-05
       3707.1547   2.3391942e-05
       3708.0548   2.3345596e-05
       3708.9549   2.3294143e-05
       3709.8553   2.3242672e-05
       3710.6015   2.3196051e-05
       3710.7554   2.3186392e-05
       3711.0965   2.3164982e-05
       3711.5914   2.3133910e-05
       3711.6558   2.3129869e-05
       3712.0865   2.3101096e-05
       3712.5560   2.3069196e-05
       3712.5816   2.3067457e-05
       3713.0768   2.3033814e-05
       3713.4561   2.3008042e-05
       3713.5720   2.3000167e-05
       3714.0673   2.2964450e-05
       3714.3565   2.2943508e-05
       3714.5627   2.2928575e-05
       3715.0581   2.2892696e-05
       3715.2566   2.2878323e-05
       3715.5536   2.2856486e-05
       3716.0492   2.2818820e-05
       3716.1570   2.2810628e-05
       3716.5449   2.2781149e-05
       3717.0406   2.2743472e-05
       3717.0571   2.2742215e-05
       3717.5363   2.2705247e-05
       3717.9573   2.2672190e-05
       3718.0322   2.2666311e-05
       3718.5281   2.2627369e-05
       3718.8576   2.2601493e-05
       3719.0240   2.2588422e-05
       3719.5201   2.2549011e-05
       3719.7578   2.2530023e-05
       3720.0162   2.2509385e-05
       3720.5124   2.2469754e-05
       3720.6582   2.2458104e-05
       3721.0086   2.2430117e-05
       3721.5049   2.2390428e-05
       3721.5583   2.2386157e-05
       3722.0013   2.2350731e-05
       3722.4584   2.2314171e-05
       3722.4977   2.2311029e-05
       3722.9942   2.2271432e-05
       3723.3588   2.2242700e-05
       3723.4908   2.2232301e-05
       3723.9874   2.2193166e-05
       3724.2589   2.2171770e-05
       3724.4841   2.2154025e-05
       3724.9809   2.2115431e-05
       3725.1593   2.2101816e-05
       3725.4777   2.2077526e-05
       3725.9746   2.2039616e-05
       3726.0595   2.2033137e-05
       3726.4715   2.2001701e-05
       3726.9596   2.1965744e-05
       3726.9686   2.1965094e-05
       3727.4657   2.1929059e-05
       3727.8600   2.1900473e-05
       3727.9628   2.1893019e-05
       3728.4601   2.1856974e-05
       3728.7601   2.1836609e-05
       3728.9574   2.1823309e-05
       3729.4547   2.1789774e-05
       3729.6605   2.1775898e-05
       3729.9521   2.1756234e-05
       3730.4496   2.1723311e-05
       3730.5606   2.1716526e-05
       3730.9472   2.1692888e-05
       3731.4448   2.1662461e-05
       3731.4608   2.1661483e-05
       3731.9425   2.1632029e-05
       3732.3611   2.1607515e-05
       3732.4403   2.1603263e-05
       3732.9381   2.1576529e-05
       3733.2613   2.1559172e-05
       3733.4360   2.1549791e-05
       3733.9339   2.1523049e-05
       3734.1617   2.1511498e-05
       3734.4320   2.1499293e-05
       3734.9301   2.1476799e-05
       3735.0618   2.1470849e-05
       3735.4282   2.1454302e-05
       3735.9264   2.1431801e-05
       3735.9619   2.1430322e-05
       3736.4247   2.1413838e-05
       3736.8623   2.1398255e-05
       3736.9231   2.1396090e-05
       3737.4215   2.1378338e-05
       3737.7624   2.1366198e-05
       3737.9200   2.1361662e-05
       3738.4186   2.1349126e-05
       3738.6628   2.1342984e-05
       3738.9172   2.1336588e-05
       3739.4159   2.1324048e-05
       3739.5630   2.1320348e-05
       3739.9146   2.1314093e-05
       3740.4134   2.1307193e-05
       3740.4631   2.1306506e-05
       3740.9123   2.1300292e-05
       3741.3635   2.1294051e-05
       3741.4113   2.1293390e-05
       3741.9103   2.1290764e-05
       3742.2636   2.1290139e-05
       3743.1640   2.1288548e-05
       3744.0641   2.1295071e-05
       3744.9643   2.1304939e-05
       3745.8646   2.1322350e-05
       3746.7648   2.1344208e-05
       3747.6652   2.1372904e-05
       3748.5653   2.1407204e-05
       3749.4654   2.1447499e-05
       3750.3658   2.1494634e-05
       3751.2659   2.1546797e-05
       3752.1663   2.1607027e-05
       3753.0665   2.1671252e-05
       3753.9666   2.1744730e-05
       3754.8670   2.1821134e-05
       3755.7671   2.1907934e-05
       3756.6675   2.1996512e-05
       3757.5676   2.2096523e-05
       3758.4678   2.2197136e-05
       3759.3681   2.2310088e-05
       3760.2683   2.2423028e-05
       3761.1687   2.2547890e-05
       3762.0688   2.2673226e-05
       3762.9689   2.2808715e-05
       3763.8693   2.2945768e-05
       3764.7694   2.3091123e-05
       3765.6698   2.3238876e-05
       3766.5700   2.3393151e-05
       3767.4701   2.3550357e-05
       3768.3705   2.3712475e-05
       3769.2706   2.3877804e-05
       3770.1710   2.4046545e-05
       3771.0711   2.4218513e-05
       3771.9713   2.4392611e-05
       3772.8716   2.4569748e-05
       3773.7718   2.4748036e-05
       3774.6722   2.4928886e-05
       3775.5723   2.5110219e-05
       3776.4724   2.5293471e-05
       3777.3728   2.5476976e-05
       3778.2729   2.5661785e-05
       3779.1733   2.5846683e-05
       3780.0735   2.6032589e-05
       3780.9736   2.6218474e-05
       3781.8740   2.6405427e-05
       3782.7741   2.6592397e-05
       3783.6745   2.6780754e-05
       3784.5746   2.6969324e-05
       3785.4748   2.7159786e-05
       3786.3751   2.7350976e-05
       3786.5908   2.7396773e-05
       3787.0958   2.7505685e-05
       3787.2753   2.7544583e-05
       3787.6009   2.7615146e-05
       3788.1061   2.7724621e-05
       3788.1757   2.7739704e-05
       3788.6113   2.7834137e-05
       3789.0758   2.7937586e-05
       3789.1167   2.7946687e-05
       3789.6220   2.8059252e-05
       3789.9759   2.8138067e-05
       3790.1275   2.8171832e-05
       3790.6330   2.8285437e-05
       3790.8763   2.8341492e-05
       3791.1386   2.8401925e-05
       3791.6442   2.8518429e-05
       3791.7765   2.8548901e-05
       3792.1500   2.8634948e-05
       3792.6558   2.8753814e-05
       3792.6768   2.8758853e-05
       3793.1616   2.8874913e-05
       3793.5770   2.8974356e-05
       3793.6675   2.8996028e-05
       3794.1735   2.9117159e-05
       3794.4771   2.9191623e-05
       3794.6796   2.9242059e-05
       3795.1857   2.9368132e-05
       3795.3775   2.9415909e-05
       3795.6919   2.9494222e-05
       3796.1982   2.9620408e-05
       3796.2776   2.9640956e-05
       3796.7045   2.9751360e-05
       3797.1780   2.9873828e-05
       3797.2109   2.9882330e-05
       3797.7173   3.0013317e-05
       3798.0781   3.0106623e-05
       3798.2239   3.0145449e-05
       3798.7305   3.0280675e-05
       3798.9783   3.0346831e-05
       3799.2371   3.0415918e-05
       3799.7439   3.0551180e-05
       3799.8787   3.0587174e-05
       3800.2507   3.0688008e-05
       3800.7575   3.0826282e-05
       3800.7788   3.0832087e-05
       3801.2645   3.0964575e-05
       3801.6792   3.1077717e-05
       3801.7715   3.1102886e-05
       3802.2785   3.1242104e-05
       3802.5793   3.1324837e-05
       3802.7857   3.1381603e-05
       3803.2929   3.1521120e-05
       3803.4794   3.1572428e-05
       3803.8001   3.1660627e-05
       3804.3075   3.1798973e-05
       3804.3798   3.1818692e-05
       3804.8149   3.1937337e-05
       3805.2800   3.2064166e-05
       3805.3224   3.2075720e-05
       3805.8299   3.2213034e-05
       3806.1803   3.2305857e-05
       3806.3375   3.2347509e-05
       3806.8452   3.2482002e-05
       3807.0805   3.2544336e-05
       3807.3530   3.2616513e-05
       3807.8608   3.2747412e-05
       3807.9806   3.2777535e-05
       3808.3686   3.2875081e-05
       3808.8766   3.3002766e-05
       3808.8810   3.3003873e-05
       3809.3846   3.3130469e-05
       3809.7811   3.3224666e-05
       3809.8927   3.3250575e-05
       3810.4009   3.3368546e-05
       3810.6815   3.3433700e-05
       3810.9091   3.3486533e-05
       3811.4174   3.3604145e-05
       3811.5816   3.3638289e-05
       3812.4818   3.3825436e-05
       3813.3822   3.4010506e-05
       3814.2823   3.4172295e-05
       3815.1827   3.4334137e-05
       3816.0828   3.4469505e-05
       3816.9830   3.4603948e-05
       3817.8833   3.4715063e-05
       3818.7835   3.4821932e-05
       3819.6838   3.4910103e-05
       3820.5840   3.4991218e-05
       3821.4841   3.5059100e-05
       3822.3845   3.5118378e-05
       3823.2846   3.5169920e-05
       3824.1466   3.5211378e-05
       3824.1850   3.5213223e-05
       3824.6567   3.5235907e-05
       3825.0852   3.5253490e-05
       3825.1668   3.5256652e-05
       3825.6770   3.5276423e-05
       3825.9853   3.5288371e-05
       3826.1872   3.5296197e-05
       3826.6976   3.5315984e-05
       3826.8857   3.5323353e-05
       3827.2080   3.5335977e-05
       3827.7184   3.5355974e-05
       3827.7858   3.5358613e-05
       3828.2290   3.5375973e-05
       3828.6862   3.5394970e-05
       3828.7396   3.5397644e-05
       3829.2502   3.5423233e-05
       3829.5863   3.5440074e-05
       3829.7610   3.5448826e-05
       3830.2718   3.5474423e-05
       3830.4865   3.5485184e-05
       3830.7826   3.5506070e-05
       3831.2936   3.5542652e-05
       3831.3868   3.5549327e-05
       3831.8046   3.5579239e-05
       3832.2870   3.5613780e-05
       3832.3156   3.5615831e-05
       3832.8268   3.5665278e-05
       3833.1874   3.5702389e-05
       3833.3380   3.5717888e-05
       3833.8493   3.5770506e-05
       3834.0875   3.5795022e-05
       3834.3606   3.5824241e-05
       3834.8720   3.5897169e-05
       3834.9876   3.5913648e-05
       3835.3835   3.5970107e-05
       3835.8880   3.6042046e-05
       3835.8951   3.6043055e-05
       3836.4067   3.6123222e-05
       3836.7881   3.6195136e-05
       3836.9184   3.6219701e-05
       3837.4301   3.6316194e-05
       3837.6885   3.6364908e-05
       3837.9420   3.6412700e-05
       3838.4539   3.6523392e-05
       3838.5887   3.6555500e-05
       3838.9658   3.6645303e-05
       3839.4779   3.6767230e-05
       3839.4888   3.6769837e-05
       3839.9899   3.6889173e-05
       3840.3892   3.6999421e-05
       3840.5021   3.7031980e-05
       3841.0144   3.7179682e-05
       3841.2893   3.7258964e-05
       3841.5267   3.7327404e-05
       3842.0390   3.7476671e-05
       3842.1897   3.7527307e-05
       3842.5515   3.7648883e-05
       3843.0640   3.7821118e-05
       3843.0898   3.7829799e-05
       3843.5765   3.7993377e-05
       3843.9900   3.8134929e-05
       3844.0892   3.8172438e-05
       3844.6019   3.8366316e-05
       3844.8904   3.8475409e-05
       3845.1147   3.8560221e-05
       3845.6275   3.8754152e-05
       3845.7905   3.8815776e-05
       3846.1405   3.8957863e-05
       3846.6534   3.9169077e-05
       3846.6909   3.9184501e-05
       3847.1665   3.9380318e-05
       3847.5910   3.9555102e-05
       3847.6796   3.9591588e-05
       3848.1928   3.9812401e-05
       3848.4911   3.9941978e-05
       3848.7061   4.0035360e-05
       3849.2194   4.0258348e-05
       3849.3915   4.0333109e-05
       3850.2917   4.0730033e-05
       3851.1920   4.1130019e-05
       3852.0922   4.1528054e-05
       3852.9923   4.1924303e-05
       3853.8927   4.2314340e-05
       3854.7928   4.2694046e-05
       3855.6932   4.3066807e-05
       3856.5933   4.3417435e-05
       3857.4420   4.3746228e-05
       3857.4935   4.3763981e-05
       3857.9565   4.3923464e-05
       3858.3939   4.4074157e-05
       3858.4710   4.4100724e-05
       3858.9857   4.4278007e-05
       3859.2940   4.4384229e-05
       3859.5003   4.4445824e-05
       3860.0151   4.4594357e-05
       3860.1944   4.4646088e-05
       3860.5300   4.4742909e-05
       3861.0449   4.4891482e-05
       3861.0945   4.4905805e-05
       3861.5598   4.5020808e-05
       3861.9947   4.5118308e-05
       3862.0749   4.5136283e-05
       3862.5900   4.5251774e-05
       3862.8950   4.5320160e-05
       3863.1052   4.5367280e-05
       3863.6204   4.5452837e-05
       3863.7952   4.5479828e-05
       3864.1357   4.5532414e-05
       3864.6511   4.5612001e-05
       3864.6956   4.5618870e-05
       3865.1666   4.5688434e-05
       3865.5957   4.5723813e-05
       3865.6821   4.5730936e-05
       3866.1977   4.5773443e-05
       3866.4958   4.5798021e-05
       3866.7133   4.5815956e-05
       3867.2291   4.5846167e-05
       3867.3962   4.5848118e-05
       3867.7449   4.5852187e-05
       3868.2607   4.5858206e-05
       3868.2963   4.5858621e-05
       3868.7767   4.5864227e-05
       3869.1967   4.5855357e-05
       3869.2927   4.5850122e-05
       3869.8088   4.5821975e-05
       3870.0969   4.5806259e-05
       3870.3249   4.5793824e-05
       3870.8411   4.5765670e-05
       3870.9970   4.5752849e-05
       3871.3574   4.5712108e-05
       3871.8737   4.5653737e-05
       3871.8974   4.5651062e-05
       3872.3902   4.5595358e-05
       3872.7975   4.5549309e-05
       3872.9066   4.5534667e-05
       3873.4232   4.5451476e-05
       3873.6979   4.5407236e-05
       3873.9398   4.5368274e-05
       3874.4565   4.5285061e-05
       3874.5980   4.5262275e-05
       3874.9733   4.5195560e-05
       3875.4901   4.5094119e-05
       3875.4982   4.5092531e-05
       3876.0070   4.4992665e-05
       3876.3985   4.4915825e-05
       3876.5240   4.4891197e-05
       3877.0410   4.4783297e-05
       3877.2987   4.4727360e-05
       3877.5581   4.4671046e-05
       3878.0753   4.4558780e-05
       3878.1991   4.4531905e-05
       3878.5925   4.4446498e-05
       3879.0992   4.4334184e-05
       3879.1099   4.4331813e-05
       3879.6272   4.4216687e-05
       3879.9993   4.4133897e-05
       3880.1447   4.4101545e-05
       3880.6622   4.3986914e-05
       3880.8997   4.3936466e-05
       3881.1798   4.3876969e-05
       3881.6975   4.3767009e-05
       3881.7999   4.3745248e-05
       3882.2152   4.3657035e-05
       3882.7002   4.3557761e-05
       3882.7330   4.3551619e-05
       3883.2508   4.3454594e-05
       3883.6004   4.3389103e-05
       3883.7688   4.3357556e-05
       3884.2868   4.3260505e-05
       3884.5005   4.3220803e-05
       3884.8049   4.3175577e-05
       3885.3230   4.3098584e-05
       3885.4009   4.3087008e-05
       3885.8412   4.3021581e-05
       3886.3010   4.2953258e-05
       3886.3595   4.2944567e-05
       3886.8778   4.2889969e-05
       3887.2014   4.2858239e-05
       3887.3963   4.2839130e-05
       3887.9147   4.2788284e-05
       3888.1015   4.2769970e-05
       3888.4333   4.2740787e-05
       3888.9519   4.2720964e-05
       3889.0017   4.2719061e-05
       3889.4706   4.2701138e-05
       3889.9021   4.2684646e-05
       3889.9894   4.2681310e-05
       3890.5082   4.2673874e-05
       3890.8022   4.2682143e-05
       3891.0271   4.2688470e-05
       3891.5461   4.2703068e-05
       3891.7026   4.2707471e-05
       3892.0651   4.2717669e-05
       3892.5842   4.2754446e-05
       3892.6027   4.2756254e-05
       3893.1034   4.2805293e-05
       3893.5029   4.2844416e-05
       3893.6227   4.2856146e-05
       3894.1420   4.2907007e-05
       3894.4032   4.2945955e-05
       3894.6614   4.2989355e-05
       3895.1808   4.3076678e-05
       3895.3034   4.3097282e-05
       3895.7004   4.3164012e-05
       3896.2038   4.3251614e-05
       3896.2200   4.3255420e-05
       3896.7396   4.3377883e-05
       3897.1039   4.3463730e-05
       3897.2593   4.3500362e-05
       3897.7792   4.3622858e-05
       3898.0040   4.3675845e-05
       3898.2990   4.3757266e-05
       3898.8190   4.3912158e-05
       3898.9044   4.3937610e-05
       3899.3390   4.4067071e-05
       3899.8045   4.4205752e-05
       3899.8591   4.4222004e-05
       3900.3792   4.4394565e-05
       3900.7049   4.4509387e-05
       3900.8994   4.4577965e-05
       3901.4197   4.4761389e-05
       3901.6051   4.4826747e-05
       3901.9401   4.4944838e-05
       3902.4605   4.5148829e-05
       3902.5052   4.5166612e-05
       3902.9810   4.5355875e-05
       3903.4056   4.5524778e-05
       3904.3057   4.5894867e-05
       3905.2061   4.6284213e-05
       3906.1062   4.6678008e-05
       3907.0064   4.7088271e-05
       3907.9068   4.7499148e-05
       3908.8069   4.7920079e-05
       3909.7073   4.8341150e-05
       3910.6074   4.8762760e-05
       3911.5075   4.9184464e-05
       3912.4079   4.9600333e-05
       3913.3081   5.0013629e-05
       3914.2084   5.0418047e-05
       3915.1086   5.0814635e-05
       3916.0087   5.1202598e-05
       3916.9091   5.1575446e-05
       3917.8092   5.1942658e-05
       3918.7096   5.2285765e-05
       3919.6098   5.2628466e-05
       3920.5099   5.2936991e-05
       3921.4103   5.3245619e-05
       3922.3104   5.3522391e-05
       3923.2108   5.3792870e-05
       3924.1109   5.4036493e-05
       3925.0111   5.4266016e-05
       3925.9114   5.4475161e-05
       3926.8116   5.4661760e-05
       3927.7120   5.4835295e-05
       3928.6121   5.4977484e-05
       3929.5122   5.5114513e-05
       3930.4126   5.5211290e-05
       3931.3128   5.5308046e-05
       3932.2131   5.5361768e-05
       3933.1133   5.5412307e-05
       3934.0134   5.5427898e-05
       3934.9138   5.5431701e-05
       3935.8139   5.5409050e-05
       3936.7143   5.5365861e-05
       3937.6144   5.5305003e-05
       3938.5146   5.5214963e-05
       3939.4150   5.5116088e-05
       3940.3151   5.4979838e-05
       3941.2155   5.4843415e-05
       3942.1156   5.4662286e-05
       3943.0158   5.4481136e-05
       3943.9161   5.4265276e-05
       3944.8163   5.4041497e-05
       3945.7167   5.3793180e-05
       3946.6168   5.3530173e-05
       3947.5169   5.3252209e-05
       3948.4173   5.2954510e-05
       3949.3174   5.2650059e-05
       3950.2178   5.2323814e-05
       3951.1180   5.1996656e-05
       3952.0181   5.1649461e-05
       3952.9185   5.1302150e-05
       3953.8186   5.0944530e-05
       3954.7190   5.0584983e-05
       3955.3826   5.0319098e-05
       3955.6191   5.0224087e-05
       3955.9102   5.0107125e-05
       3956.4378   4.9895124e-05
       3956.5193   4.9862383e-05
       3956.9655   4.9683095e-05
       3957.4197   4.9504575e-05
       3957.4933   4.9475719e-05
       3958.0211   4.9268699e-05
       3958.3198   4.9151550e-05
       3958.5490   4.9061652e-05
       3959.0770   4.8856645e-05
       3959.2202   4.8803660e-05
       3959.6050   4.8661282e-05
       3960.1203   4.8470647e-05
       3960.1331   4.8465894e-05
       3960.6613   4.8270479e-05
       3961.0205   4.8139590e-05
       3961.1896   4.8082934e-05
       3961.7179   4.7905912e-05
       3961.9208   4.7837934e-05
       3962.2463   4.7728866e-05
       3962.7748   4.7551797e-05
       3962.8210   4.7536312e-05
       3963.3033   4.7391612e-05
       3963.7214   4.7271198e-05
       3963.8319   4.7239363e-05
       3964.3606   4.7087093e-05
       3964.6215   4.7011952e-05
       3964.8894   4.6934803e-05
       3965.4182   4.6811118e-05
       3965.5216   4.6787339e-05
       3965.9471   4.6689509e-05
       3966.4220   4.6580307e-05
       3966.4760   4.6567883e-05
       3967.0051   4.6452801e-05
       3967.3221   4.6401294e-05
       3967.5342   4.6366840e-05
       3968.0633   4.6280867e-05
       3968.2225   4.6255010e-05
       3968.5926   4.6194883e-05
       3969.1219   4.6126114e-05
       3969.1227   4.6126044e-05
       3969.6513   4.6079651e-05
       3970.0228   4.6047044e-05
       3970.1807   4.6033182e-05
       3970.7103   4.5986706e-05
       3970.9232   4.5971786e-05
       3971.2399   4.5969132e-05
       3971.7695   4.5964694e-05
       3971.8233   4.5964243e-05
       3972.2993   4.5960254e-05
       3972.7237   4.5956698e-05
       3972.8291   4.5955815e-05
       3973.3590   4.5991835e-05
       3973.6238   4.6011143e-05
       3973.8889   4.6030470e-05
       3974.4189   4.6069110e-05
       3974.5240   4.6076770e-05
       3974.9490   4.6115896e-05
       3975.4244   4.6188715e-05
       3975.4792   4.6197106e-05
       3976.0094   4.6278327e-05
       3976.3245   4.6326593e-05
       3976.5397   4.6359559e-05
       3977.0701   4.6458768e-05
       3977.2249   4.6494314e-05
       3977.6005   4.6580564e-05
       3978.1250   4.6700987e-05
       3978.1310   4.6702376e-05
       3978.6616   4.6824204e-05
       3979.0252   4.6921797e-05
       3979.1923   4.6971852e-05
       3979.7230   4.7130841e-05
       3979.9255   4.7191498e-05
       3980.2538   4.7289852e-05
       3980.7847   4.7448883e-05
       3980.8257   4.7461956e-05
       3981.3156   4.7638709e-05
       3981.7261   4.7786796e-05
       3981.8466   4.7830283e-05
       3982.3777   4.8021884e-05
       3982.6262   4.8111529e-05
       3982.9089   4.8218860e-05
       3983.4401   4.8437421e-05
       3983.5263   4.8472888e-05
       3983.9714   4.8656012e-05
       3984.4267   4.8843341e-05
       3985.3268   4.9234355e-05
       3986.2272   4.9639809e-05
       3987.1274   5.0054167e-05
       3988.0275   5.0483272e-05
       3988.9279   5.0914572e-05
       3989.8280   5.1356203e-05
       3990.7284   5.1797981e-05
       3991.6285   5.2241241e-05
       3992.5287   5.2684639e-05
       3993.4291   5.3122138e-05
       3994.3292   5.3557293e-05
       3995.2296   5.3983924e-05
       3996.1297   5.4402225e-05
       3997.0299   5.4813484e-05
       3997.9302   5.5207872e-05
       3998.8304   5.5599989e-05
       3999.7308   5.5964927e-05
       4000.6309   5.6329744e-05
       4001.5310   5.6666137e-05
       4002.4314   5.6997806e-05
       4003.3315   5.7306991e-05
       4004.2319   5.7603278e-05
       4005.1321   5.7884779e-05
       4006.0322   5.8145020e-05
       4006.9326   5.8398832e-05
       4007.8327   5.8623890e-05
       4008.7331   5.8849023e-05
       4009.6332   5.9042112e-05
       4010.5334   5.9233883e-05
       4011.4338   5.9403265e-05
       4012.3339   5.9564429e-05
       4013.2343   5.9711877e-05
       4014.1344   5.9845814e-05
       4015.0346   5.9973261e-05
       4015.9349   6.0083719e-05
       4016.8351   6.0193243e-05
       4017.7355   6.0284080e-05
       4018.6356   6.0374886e-05
       4019.5357   6.0452829e-05
       4020.4361   6.0527895e-05
       4021.3363   6.0595901e-05
       4022.2366   6.0658895e-05
       4023.1368   6.0718861e-05
       4024.0369   6.0773228e-05
       4024.9373   6.0826974e-05
       4025.8374   6.0875855e-05
       4026.7378   6.0924752e-05
       4027.6379   6.0971242e-05
       4028.5381   6.1017415e-05
       4029.4385   6.1063403e-05
       4030.3386   6.1109268e-05
       4031.2390   6.1155859e-05
       4032.1391   6.1203471e-05
       4033.0393   6.1251670e-05
       4033.9396   6.1302759e-05
       4034.8398   6.1353842e-05
       4035.7402   6.1409450e-05
       4036.6403   6.1465389e-05
       4037.5404   6.1525396e-05
       4038.4408   6.1587277e-05
       4039.3410   6.1652116e-05
       4040.2413   6.1720670e-05
       4041.1415   6.1790652e-05
       4042.0416   6.1866309e-05
       4042.9420   6.1941990e-05
       4043.8421   6.2024553e-05
       4044.7425   6.2107452e-05
       4045.6427   6.2195258e-05
       4046.5428   6.2285048e-05
       4047.4432   6.2377760e-05
       4048.3433   6.2473768e-05
       4049.2437   6.2570907e-05
       4050.1438   6.2671974e-05
       4051.0440   6.2773052e-05
       4051.9443   6.2877432e-05
       4052.8445   6.2981909e-05
       4053.7449   6.3087277e-05
       4054.6450   6.3192951e-05
       4055.5451   6.3297916e-05
       4056.3503   6.3391095e-05
       4056.4455   6.3402108e-05
       4056.8913   6.3453700e-05
       4057.3457   6.3505253e-05
       4057.4324   6.3514832e-05
       4057.9736   6.3574594e-05
       4058.2460   6.3604677e-05
       4058.5148   6.3634365e-05
       4059.0561   6.3694143e-05
       4059.1462   6.3704090e-05
       4059.5975   6.3750017e-05
       4060.0463   6.3795367e-05
       4060.1390   6.3804730e-05
       4060.6805   6.3859449e-05
       4060.9467   6.3886350e-05
       4061.2221   6.3914013e-05
       4061.7637   6.3961230e-05
       4061.8468   6.3968470e-05
       4062.3055   6.4008453e-05
       4062.7472   6.4046958e-05
       4062.8473   6.4055682e-05
       4063.3892   6.4100161e-05
       4063.6474   6.4117869e-05
       4063.9311   6.4137325e-05
       4064.4732   6.4174494e-05
       4064.5475   6.4179593e-05
       4065.0153   6.4211668e-05
       4065.4479   6.4237244e-05
       4065.5574   6.4242199e-05
       4066.0997   6.4266729e-05
       4066.3480   6.4277963e-05
       4066.6420   6.4291262e-05
       4067.1844   6.4315799e-05
       4067.2484   6.4318695e-05
       4067.7268   6.4328616e-05
       4068.1485   6.4335968e-05
       4068.2694   6.4338075e-05
       4068.8120   6.4347536e-05
       4069.0487   6.4351664e-05
       4069.3546   6.4356496e-05
       4069.8974   6.4348734e-05
       4069.9491   6.4347994e-05
       4070.4402   6.4340970e-05
       4070.8492   6.4335121e-05
       4070.9831   6.4333206e-05
       4071.5261   6.4320125e-05
       4071.7496   6.4309143e-05
       4072.0691   6.4293443e-05
       4072.6122   6.4266757e-05
       4072.6497   6.4264916e-05
       4073.1554   6.4240067e-05
       4073.5499   6.4215507e-05
       4073.6987   6.4202725e-05
       4074.2420   6.4156042e-05
       4074.4502   6.4138154e-05
       4074.7854   6.4109354e-05
       4075.3289   6.4062659e-05
       4075.3504   6.4060810e-05
       4075.8724   6.4000044e-05
       4076.2508   6.3953419e-05
       4076.4160   6.3933056e-05
       4076.9597   6.3866058e-05
       4077.1509   6.3842502e-05
       4077.5035   6.3798332e-05
       4078.0473   6.3711639e-05
       4078.0510   6.3711055e-05
       4078.5912   6.3624934e-05
       4078.9514   6.3567523e-05
       4079.1352   6.3538218e-05
       4079.6793   6.3446270e-05
       4079.8516   6.3413071e-05
       4080.2234   6.3341433e-05
       4080.7519   6.3239609e-05
       4080.7676   6.3236582e-05
       4081.3119   6.3131717e-05
       4081.6521   6.3063603e-05
       4081.8562   6.3018459e-05
       4082.4006   6.2898056e-05
       4082.5522   6.2864539e-05
       4082.9451   6.2777638e-05
       4083.4526   6.2665408e-05
       4083.4897   6.2657203e-05
       4084.0343   6.2527294e-05
       4084.3527   6.2449904e-05
       4084.5790   6.2394885e-05
       4085.1238   6.2262458e-05
       4085.2531   6.2231032e-05
       4085.6687   6.2129684e-05
       4086.1532   6.2005242e-05
       4086.2136   6.1989730e-05
       4086.7586   6.1849758e-05
       4087.0534   6.1774043e-05
       4087.3037   6.1709767e-05
       4087.8488   6.1569070e-05
       4087.9538   6.1541659e-05
       4088.3940   6.1426721e-05
       4088.8539   6.1306654e-05
       4088.9393   6.1284353e-05
       4089.4847   6.1141966e-05
       4089.7543   6.1071712e-05
       4090.0301   6.1001397e-05
       4090.5756   6.0862327e-05
       4090.6544   6.0842242e-05
       4091.1212   6.0723237e-05
       4091.5546   6.0612746e-05
       4091.6669   6.0584129e-05
       4092.2126   6.0452410e-05
       4092.4549   6.0394747e-05
       4092.7584   6.0322531e-05
       4093.3042   6.0192634e-05
       4093.3551   6.0180533e-05
       4093.8502   6.0063498e-05
       4094.2555   5.9978268e-05
       4094.3962   5.9948680e-05
       4094.9423   5.9833846e-05
       4095.1556   5.9788992e-05
       4095.4885   5.9718998e-05
       4096.0347   5.9610377e-05
       4096.0557   5.9606751e-05
       4096.5810   5.9516087e-05
       4096.9561   5.9451346e-05
       4097.1274   5.9421784e-05
       4097.6738   5.9327468e-05
       4097.8565   5.9295940e-05
       4098.2204   5.9247231e-05
       4098.7566   5.9179584e-05
       4098.7670   5.9178277e-05
       4099.3136   5.9109314e-05
       4099.6568   5.9066023e-05
       4099.8604   5.9040342e-05
       4100.4072   5.8994950e-05
       4100.5569   5.8984067e-05
       4100.9541   5.8955194e-05
       4101.4571   5.8918628e-05
       4101.5010   5.8915433e-05
       4102.0481   5.8877543e-05
       4102.3577   5.8873091e-05
       4102.5952   5.8869676e-05
       4103.1424   5.8861807e-05
       4103.2578   5.8860147e-05
       4103.6896   5.8853937e-05
       4104.1580   5.8852734e-05
       4104.2370   5.8856394e-05
       4104.7844   5.8881768e-05
       4105.0581   5.8894457e-05
       4105.3318   5.8907145e-05
       4105.8794   5.8932526e-05
       4105.9582   5.8936179e-05
       4106.4270   5.8976571e-05
       4106.8589   5.9022754e-05
       4106.9747   5.9035136e-05
       4107.5225   5.9093708e-05
       4107.7590   5.9119001e-05
       4108.0703   5.9152288e-05
       4108.6182   5.9236692e-05
       4108.6591   5.9243429e-05
       4109.1662   5.9326991e-05
       4109.5593   5.9391767e-05
       4109.7143   5.9417302e-05
       4110.2624   5.9509541e-05
       4110.4594   5.9552394e-05
       4110.8106   5.9628786e-05
       4111.3589   5.9748048e-05
       4111.3600   5.9748292e-05
       4111.9072   5.9867325e-05
       4112.2602   5.9944104e-05
       4112.4557   5.9994561e-05
       4113.0041   6.0138841e-05
       4113.1603   6.0179917e-05
       4113.5527   6.0283141e-05
       4114.0605   6.0416712e-05
       4114.1014   6.0427460e-05
       4114.6501   6.0583261e-05
       4114.9606   6.0676323e-05
       4115.1989   6.0747731e-05
       4115.7477   6.0912224e-05
       4115.8612   6.0946230e-05
       4116.2967   6.1076738e-05
       4116.7614   6.1225781e-05
       4117.6615   6.1519492e-05
       4118.5616   6.1814942e-05
       4119.4618   6.2123060e-05
       4120.3624   6.2431316e-05
       4121.2625   6.2743363e-05
       4122.1627   6.3056235e-05
       4123.0628   6.3366659e-05
       4123.9630   6.3675103e-05
       4124.8636   6.3980426e-05
       4125.7637   6.4276091e-05
       4126.6639   6.4571789e-05
       4127.5640   6.4848299e-05
       4128.4641   6.5124106e-05
       4129.3648   6.5382923e-05
       4130.2649   6.5633208e-05
       4131.1650   6.5872262e-05
       4132.0652   6.6092972e-05
       4132.9653   6.6310937e-05
       4133.8659   6.6499675e-05
       4134.7661   6.6688329e-05
       4135.6662   6.6850946e-05
       4136.5664   6.7006653e-05
       4137.4665   6.7146367e-05
       4138.3671   6.7269713e-05
       4139.2673   6.7387011e-05
       4140.1674   6.7479622e-05
       4141.0675   6.7572234e-05
       4141.9677   6.7639805e-05
       4142.8683   6.7704504e-05
       4143.7684   6.7754536e-05
       4144.6686   6.7794675e-05
       4145.5687   6.7828711e-05
       4146.4689   6.7848179e-05
       4147.3695   6.7867655e-05
       4148.2696   6.7870614e-05
       4149.1698   6.7873457e-05
       4150.0699   6.7867608e-05
       4150.9700   6.7857843e-05
       4151.8707   6.7844681e-05
       4152.7708   6.7826109e-05
       4153.6709   6.7807116e-05
       4154.5711   6.7783187e-05
       4155.4712   6.7759262e-05
       4156.3718   6.7733512e-05
       4157.2720   6.7707237e-05
       4158.1721   6.7681044e-05
       4159.0723   6.7654937e-05
       4159.9724   6.7629168e-05
       4160.8730   6.7605221e-05
       4161.7732   6.7581286e-05
       4162.6733   6.7560458e-05
       4163.5734   6.7540204e-05
       4164.4736   6.7522467e-05
       4165.3742   6.7506934e-05
       4166.2743   6.7492593e-05
       4167.1745   6.7482447e-05
       4168.0746   6.7472302e-05
       4168.9748   6.7467308e-05
       4169.8754   6.7462847e-05
       4170.7755   6.7461769e-05
       4171.6757   6.7463030e-05
       4172.5758   6.7465813e-05
       4173.4759   6.7472617e-05
       4174.3766   6.7479425e-05
       4175.2767   6.7491223e-05
       4176.1768   6.7503242e-05
       4177.0770   6.7518324e-05
       4177.9771   6.7535136e-05
       4178.8777   6.7553327e-05
       4179.7779   6.7574429e-05
       4180.6780   6.7595529e-05
       4181.5782   6.7620405e-05
       4182.4783   6.7645284e-05
       4183.3789   6.7672396e-05
       4184.2791   6.7700556e-05
       4185.1792   6.7729702e-05
       4186.0793   6.7760659e-05
       4186.9795   6.7791686e-05
       4187.8801   6.7825019e-05
       4188.7802   6.7858333e-05
       4189.6804   6.7893030e-05
       4190.5805   6.7928303e-05
       4191.4807   6.7964186e-05
       4192.3813   6.8001088e-05
       4193.2814   6.8038033e-05
       4194.1816   6.8076222e-05
       4195.0817   6.8114406e-05
       4195.9818   6.8153340e-05
       4196.8825   6.8192591e-05
       4197.7826   6.8232138e-05
       4198.6827   6.8272186e-05
       4199.5829   6.8312276e-05
       4200.4830   6.8352958e-05
       4201.3836   6.8393662e-05
       4202.2838   6.8434697e-05
       4203.1839   6.8475858e-05
       4204.0841   6.8517170e-05
       4204.9842   6.8558703e-05
       4205.8848   6.8600276e-05
       4206.7850   6.8642090e-05
       4207.6851   6.8683898e-05
       4208.5852   6.8725849e-05
       4209.4854   6.8767858e-05
       4210.3860   6.8809938e-05
       4211.2861   6.8852077e-05
       4212.1863   6.8894225e-05
       4213.0864   6.8936450e-05
       4213.9866   6.8978681e-05
       4214.8872   6.9020967e-05
       4215.7873   6.9063245e-05
       4216.6875   6.9105539e-05
       4217.5876   6.9147847e-05
       4218.4877   6.9190156e-05
       4219.3884   6.9232511e-05
       4220.2885   6.9274837e-05
       4221.1886   6.9317176e-05
       4222.0888   6.9359525e-05
       4222.9889   6.9401878e-05
       4223.8895   6.9444273e-05
       4224.7897   6.9486650e-05
       4225.6898   6.9529070e-05
       4226.5900   6.9571496e-05
       4227.4901   6.9613972e-05
       4228.3907   6.9656502e-05
       4229.2909   6.9699053e-05
       4230.1910   6.9741697e-05
       4231.0911   6.9784341e-05
       4231.9913   6.9827187e-05
       4232.8919   6.9870064e-05
       4233.7921   6.9913104e-05
       4234.6922   6.9956262e-05
       4235.5923   6.9999527e-05
       4236.4925   7.0043121e-05
       4237.3931   7.0086735e-05
       4238.2932   7.0130858e-05
       4239.1934   7.0175048e-05
       4240.0935   7.0219668e-05
       4240.9936   7.0264656e-05
       4241.8943   7.0309872e-05
       4242.7944   7.0355921e-05
       4243.6946   7.0401975e-05
       4244.5947   7.0449172e-05
       4245.4948   7.0496602e-05
       4246.3955   7.0544923e-05
       4247.2956   7.0594163e-05
       4248.1957   7.0643673e-05
       4249.0959   7.0695246e-05
       4249.9960   7.0746813e-05
       4250.8966   7.0800650e-05
       4251.7968   7.0855184e-05
       4252.6969   7.0911191e-05
       4253.5971   7.0969459e-05
       4254.4972   7.1027880e-05
       4255.3978   7.1090839e-05
       4256.2980   7.1153770e-05
       4257.1981   7.1220565e-05
       4258.0982   7.1289255e-05
       4258.9984   7.1360121e-05
       4259.8990   7.1435919e-05
       4260.7991   7.1511675e-05
       4261.6993   7.1595511e-05
       4262.5994   7.1679838e-05
       4263.4996   7.1770095e-05
       4264.4002   7.1864770e-05
       4265.3003   7.1961931e-05
       4266.2005   7.2068802e-05
       4267.1006   7.2175661e-05
       4268.0007   7.2294581e-05
       4268.9014   7.2415907e-05
       4269.8015   7.2544997e-05
       4270.7016   7.2682981e-05
       4271.6018   7.2822847e-05
       4272.5019   7.2980051e-05
       4273.4026   7.3137360e-05
       4274.3027   7.3310364e-05
       4275.2028   7.3489361e-05
       4276.1030   7.3676941e-05
       4277.0031   7.3880325e-05
       4277.9037   7.4083821e-05
       4278.8039   7.4313511e-05
       4279.7040   7.4543807e-05
       4280.6042   7.4791691e-05
       4281.5043   7.5051240e-05
       4282.4049   7.5317924e-05
       4283.3051   7.5608796e-05
       4284.2052   7.5899637e-05
       4285.1053   7.6218260e-05
       4286.0055   7.6542024e-05
       4286.9061   7.6881716e-05
       4287.8062   7.7239354e-05
       4288.7064   7.7599922e-05
       4289.6065   7.7991779e-05
       4290.5067   7.8383679e-05
       4291.4073   7.8799442e-05
       4292.3074   7.9225000e-05
       4293.2076   7.9660913e-05
       4294.1077   8.0118731e-05
       4295.0078   8.0576550e-05
       4295.9085   8.1062581e-05
       4296.8086   8.1550233e-05
       4297.7087   8.2052394e-05
       4298.6089   8.2566504e-05
       4299.5090   8.3084135e-05
       4300.4097   8.3620544e-05
       4301.3098   8.4156595e-05
       4302.2099   8.4705596e-05
       4303.1101   8.5258417e-05
       4304.0102   8.5815291e-05
       4304.9108   8.6379033e-05
       4305.8110   8.6942525e-05
       4306.7111   8.7510011e-05
       4307.6113   8.8077578e-05
       4308.5114   8.8643363e-05
       4309.4120   8.9208334e-05
       4310.3122   8.9770974e-05
       4311.2123   9.0325800e-05
       4312.1124   9.0880625e-05
       4313.0126   9.1421936e-05
       4313.9132   9.1960452e-05
       4314.8133   9.2488989e-05
       4315.7135   9.3004353e-05
       4316.6136   9.3518920e-05
       4317.5138   9.4005790e-05
       4318.4144   9.4492876e-05
       4319.3145   9.4958840e-05
       4320.2147   9.5412546e-05
       4321.1148   9.5857748e-05
       4322.0149   9.6274628e-05
       4322.9156   9.6691786e-05
       4323.8157   9.7076054e-05
       4324.7158   9.7453658e-05
       4325.6160   9.7813855e-05
       4326.5161   9.8150784e-05
       4327.3950   9.8479657e-05
       4327.4168   9.8486829e-05
       4327.9721   9.8669373e-05
       4328.3169   9.8782699e-05
       4328.5494   9.8859115e-05
       4329.1267   9.9048881e-05
       4329.2170   9.9078568e-05
       4329.7041   9.9232004e-05
       4330.1172   9.9349170e-05
       4330.2815   9.9395779e-05
       4330.8591   9.9559576e-05
       4331.0173   9.9604448e-05
       4331.4367   9.9723395e-05
       4331.9179   9.9851228e-05
       4332.0144   9.9874364e-05
       4332.5922   0.00010001288
       4332.8181   0.00010006705
       4333.1700   0.00010015142
       4333.7182   0.00010028284
       4333.7480   0.00010028997
       4334.3260   0.00010041001
       4334.6184   0.00010046778
       4334.9040   0.00010052421
       4335.4822   0.00010063842
       4335.5185   0.00010064559
       4336.0604   0.00010075238
       4336.4191   0.00010080874
       4336.6387   0.00010084326
       4337.2171   0.00010093415
       4337.3193   0.00010095021
       4337.7956   0.00010102506
       4338.2194   0.00010109166
       4338.3742   0.00010111008
       4338.9528   0.00010117862
       4339.1195   0.00010119837
       4339.5315   0.00010124716
       4340.0197   0.00010130499
       4340.1102   0.00010131571
       4340.6891   0.00010137313
       4340.9203   0.00010139187
       4341.2680   0.00010142005
       4341.8204   0.00010146482
       4341.8470   0.00010146698
       4342.4261   0.00010151392
       4342.7206   0.00010153195
       4343.0053   0.00010154460
       4343.5845   0.00010157035
       4343.6207   0.00010157195
       4344.1638   0.00010159609
       4344.5209   0.00010161196
       4344.7432   0.00010162145
       4345.3227   0.00010162608
       4345.4215   0.00010162687
       4345.9023   0.00010163071
       4346.3216   0.00010163406
       4346.4819   0.00010163534
       4347.0616   0.00010163418
       4347.2218   0.00010162954
       4347.6414   0.00010161739
       4348.1219   0.00010160348
       4348.2212   0.00010160060
       4348.8012   0.00010158381
       4349.0220   0.00010157742
       4349.3812   0.00010155552
       4349.9227   0.00010151927
       4349.9613   0.00010151669
       4350.5414   0.00010147786
       4350.8228   0.00010145903
       4351.1217   0.00010143902
       4351.7020   0.00010138247
       4351.7230   0.00010138024
       4352.2824   0.00010132075
       4352.6231   0.00010128452
       4352.8629   0.00010125902
       4353.4434   0.00010119667
       4353.5232   0.00010118491
       4354.0241   0.00010111111
       4354.4239   0.00010105219
       4354.6048   0.00010102554
       4355.1855   0.00010093996
       4355.3240   0.00010091956
       4355.7664   0.00010084751
       4356.2241   0.00010076061
       4356.3473   0.00010073721
       4356.9284   0.00010062690
       4357.1243   0.00010058970
       4357.5095   0.00010051657
       4358.0244   0.00010040827
       4358.0906   0.00010039280
       4358.6719   0.00010025708
       4358.9250   0.00010019798
       4359.2532   0.00010012135
       4359.8252   9.9987796e-05
       4359.8346   9.9985596e-05
       4360.4161   9.9829794e-05
       4360.7253   9.9743967e-05
       4360.9977   9.9668364e-05
       4361.5793   9.9506912e-05
       4361.6255   9.9494089e-05
       4362.1610   9.9344598e-05
       4362.5256   9.9227479e-05
       4362.7428   9.9157701e-05
       4363.3247   9.8970780e-05
       4363.4262   9.8938169e-05
       4363.9066   9.8783833e-05
       4364.3264   9.8648837e-05
       4364.4887   9.8589870e-05
       4365.0708   9.8378331e-05
       4365.2265   9.8321736e-05
       4365.6529   9.8166764e-05
       4366.1266   9.7994636e-05
       4366.2352   9.7955169e-05
       4366.8175   9.7731203e-05
       4367.0268   9.7646894e-05
       4367.4000   9.7496551e-05
       4367.9274   9.7284047e-05
       4367.9824   9.7261868e-05
       4368.5650   9.7027154e-05
       4368.8276   9.6916397e-05
       4369.1477   9.6776043e-05
       4369.7277   9.6521687e-05
       4369.7304   9.6520507e-05
       4370.3132   9.6264938e-05
       4370.6278   9.6126977e-05
       4370.8961   9.6008615e-05
       4371.4790   9.5735123e-05
       4371.5280   9.5712150e-05
       4372.0621   9.5461594e-05
       4372.4286   9.5289638e-05
       4372.6452   9.5188029e-05
       4373.2284   9.4910230e-05
       4373.3287   9.4860690e-05
       4373.8116   9.4622218e-05
       4374.2289   9.4416182e-05
       4374.3950   9.4334169e-05
       4374.9784   9.4046081e-05
       4375.1290   9.3971724e-05
       4375.5619   9.3752280e-05
       4376.0292   9.3513188e-05
       4376.1455   9.3453681e-05
       4376.7292   9.3155043e-05
       4376.9298   9.3052381e-05
       4377.3129   9.2856365e-05
       4377.8299   9.2587616e-05
       4377.8967   9.2552725e-05
       4378.4806   9.2247781e-05
       4378.7301   9.2117477e-05
       4379.6302   9.1647361e-05
       4380.5303   9.1174506e-05
       4381.4310   9.0701336e-05
       4382.3311   9.0230763e-05
       4383.2312   8.9761855e-05
       4384.1314   8.9294389e-05
       4385.0315   8.8835841e-05
       4385.9322   8.8376986e-05
       4386.8323   8.7929963e-05
       4387.7324   8.7487657e-05
       4388.6326   8.7051151e-05
       4389.5327   8.6630259e-05
       4390.4333   8.6209132e-05
       4391.3335   8.5809712e-05
       4392.2336   8.5414555e-05
       4393.1338   8.5030927e-05
       4394.0339   8.4664899e-05
       4394.9345   8.4298668e-05
       4395.8347   8.3962828e-05
       4396.7348   8.3628361e-05
       4397.6349   8.3310963e-05
       4398.5351   8.3009514e-05
       4399.4357   8.2710439e-05
       4400.3359   8.2442652e-05
       4401.2360   8.2174895e-05
       4402.1361   8.1928252e-05
       4403.0363   8.1693942e-05
       4403.9369   8.1465606e-05
       4404.8370   8.1263930e-05
       4405.7372   8.1062231e-05
       4406.6373   8.0883641e-05
       4407.5375   8.0713134e-05
       4408.4381   8.0551162e-05
       4409.3382   8.0410017e-05
       4410.2384   8.0268857e-05
       4411.1385   8.0150691e-05
       4412.0386   8.0036746e-05
       4412.9393   7.9932561e-05
       4413.8394   7.9843482e-05
       4414.7395   7.9754404e-05
       4415.6397   7.9686519e-05
       4416.5398   7.9619890e-05
       4417.4405   7.9563085e-05
       4418.3406   7.9516484e-05
       4419.2407   7.9470574e-05
       4420.1409   7.9441634e-05
       4421.0410   7.9412697e-05
       4421.9416   7.9392745e-05
       4422.8418   7.9379193e-05
       4423.7419   7.9367355e-05
       4424.6421   7.9367067e-05
       4425.5422   7.9366780e-05
       4426.4428   7.9374086e-05
       4427.3430   7.9385092e-05
       4428.2431   7.9398128e-05
       4429.1432   7.9418619e-05
       4430.0434   7.9439112e-05
       4430.9440   7.9465533e-05
       4431.8442   7.9493867e-05
       4432.7443   7.9524067e-05
       4433.6444   7.9558751e-05
       4434.5446   7.9593439e-05
       4435.4452   7.9632319e-05
       4436.3453   7.9672019e-05
       4437.2455   7.9713135e-05
       4438.1456   7.9756657e-05
       4439.0458   7.9800184e-05
       4439.9464   7.9846231e-05
       4440.8465   7.9892515e-05
       4441.7467   7.9939611e-05
       4442.6468   7.9987729e-05
       4443.5469   8.0035848e-05
       4444.4476   8.0085002e-05
       4445.3477   8.0134153e-05
       4446.2479   8.0183481e-05
       4447.1480   8.0232974e-05
       4448.0481   8.0282459e-05
       4448.9488   8.0331780e-05
       4449.8489   8.0381067e-05
       4450.7490   8.0429993e-05
       4451.6492   8.0478645e-05
       4452.5493   8.0527202e-05
       4453.4499   8.0574906e-05
       4454.3501   8.0622588e-05
       4455.2502   8.0669522e-05
       4456.1504   8.0716006e-05
       4457.0505   8.0762291e-05
       4457.9511   8.0807464e-05
       4458.0250   8.0811171e-05
       4458.6196   8.0840994e-05
       4458.8513   8.0852617e-05
       4459.2142   8.0870719e-05
       4459.7514   8.0896836e-05
       4459.8090   8.0899635e-05
       4460.4038   8.0928555e-05
       4460.6516   8.0940604e-05
       4460.9987   8.0957479e-05
       4461.5517   8.0984101e-05
       4461.5936   8.0986077e-05
       4462.1887   8.1014100e-05
       4462.4523   8.1026515e-05
       4462.7838   8.1042128e-05
       4463.3525   8.1068909e-05
       4463.3790   8.1070159e-05
       4463.9743   8.1097658e-05
       4464.2526   8.1110356e-05
       4464.5697   8.1124826e-05
       4465.1527   8.1151429e-05
       4465.1652   8.1151997e-05
       4465.7607   8.1179172e-05
       4466.0529   8.1192214e-05
       4466.3563   8.1205642e-05
       4466.9520   8.1232008e-05
       4466.9535   8.1232076e-05
       4467.5477   8.1258378e-05
       4467.8536   8.1271915e-05
       4468.1436   8.1284661e-05
       4468.7395   8.1310281e-05
       4468.7538   8.1310895e-05
       4469.3355   8.1335904e-05
       4469.6539   8.1349592e-05
       4469.9316   8.1361531e-05
       4470.5278   8.1386900e-05
       4470.5541   8.1388001e-05
       4471.1240   8.1411831e-05
       4471.4547   8.1425658e-05
       4471.7203   8.1436765e-05
       4472.3167   8.1461703e-05
       4472.3548   8.1463295e-05
       4472.9132   8.1486230e-05
       4473.2550   8.1500141e-05
       4473.5098   8.1510510e-05
       4474.1064   8.1534793e-05
       4474.1551   8.1536774e-05
       4474.7031   8.1559079e-05
       4475.0553   8.1573111e-05
       4475.2999   8.1582802e-05
       4475.8968   8.1606447e-05
       4475.9559   8.1608787e-05
       4476.4938   8.1630095e-05
       4476.8560   8.1644444e-05
       4477.0908   8.1653664e-05
       4477.6879   8.1676663e-05
       4477.7562   8.1679292e-05
       4478.2851   8.1699665e-05
       4478.6563   8.1713960e-05
       4478.8824   8.1722670e-05
       4479.4798   8.1745418e-05
       4479.5564   8.1748281e-05
       4480.0772   8.1767742e-05
       4480.4571   8.1781937e-05
       4480.6747   8.1790069e-05
       4481.2723   8.1812399e-05
       4481.3572   8.1815570e-05
       4481.8700   8.1834266e-05
       4482.2573   8.1848259e-05
       4482.4678   8.1855863e-05
       4483.0656   8.1877462e-05
       4483.1575   8.1880783e-05
       4483.6635   8.1899065e-05
       4484.0576   8.1912868e-05
       4484.2615   8.1919960e-05
       4484.8596   8.1940764e-05
       4484.9583   8.1944198e-05
       4485.4577   8.1961570e-05
       4485.8584   8.1975506e-05
       4486.0560   8.1982262e-05
       4486.6543   8.2002198e-05
       4486.7585   8.2005671e-05
       4487.2527   8.2022137e-05
       4487.6587   8.2035666e-05
       4488.5588   8.2065125e-05
       4489.4594   8.2093718e-05
       4490.3596   8.2122298e-05
       4491.2597   8.2149556e-05
       4492.1599   8.2176645e-05
       4493.0600   8.2203132e-05
       4493.9606   8.2228699e-05
       4494.8608   8.2254255e-05
       4495.7609   8.2278438e-05
       4496.6611   8.2302463e-05
       4497.5612   8.2325898e-05
       4498.4618   8.2348458e-05
       4499.3620   8.2371008e-05
       4500.2621   8.2392323e-05
       4501.1622   8.2413502e-05
       4502.0624   8.2434199e-05
       4502.9630   8.2454181e-05
       4503.8631   8.2474152e-05
       4504.7633   8.2493219e-05
       4505.6634   8.2512186e-05
       4506.5636   8.2530849e-05
       4507.4642   8.2549062e-05
       4508.3643   8.2567265e-05
       4509.2645   8.2585021e-05
       4510.1646   8.2602724e-05
       4511.0648   8.2620341e-05
       4511.9654   8.2637831e-05
       4512.8655   8.2655311e-05
       4513.7657   8.2672838e-05
       4514.6658   8.2690370e-05
       4515.5659   8.2708020e-05
       4516.4666   8.2725876e-05
       4517.3667   8.2743720e-05
       4518.2669   8.2762047e-05
       4519.1670   8.2780442e-05
       4520.0671   8.2799111e-05
       4520.9678   8.2818273e-05
       4521.8679   8.2837423e-05
       4522.7680   8.2857361e-05
       4523.6682   8.2877436e-05
       4524.5683   8.2897868e-05
       4525.4689   8.2919001e-05
       4526.3691   8.2940125e-05
       4527.2692   8.2962189e-05
       4528.1694   8.2984447e-05
       4529.0695   8.3007076e-05
       4529.9701   8.3030525e-05
       4530.8703   8.3053963e-05
       4531.7704   8.3078350e-05
       4532.6706   8.3102977e-05
       4533.5707   8.3127932e-05
       4534.4713   8.3153735e-05
       4535.3715   8.3179527e-05
       4536.2716   8.3206171e-05
       4537.1717   8.3233076e-05
       4538.0719   8.3260241e-05
       4538.9725   8.3288207e-05
       4539.8727   8.3316161e-05
       4540.7728   8.3344810e-05
       4541.6729   8.3373721e-05
       4542.5731   8.3402814e-05
       4543.4737   8.3432609e-05
       4544.3738   8.3462388e-05
       4545.2740   8.3492695e-05
       4546.1741   8.3523243e-05
       4547.0743   8.3553900e-05
       4547.9749   8.3585137e-05
       4548.8750   8.3616357e-05
       4549.7752   8.3647944e-05
       4550.6753   8.3679740e-05
       4551.5754   8.3711587e-05
       4552.4761   8.3743892e-05
       4553.3762   8.3776176e-05
       4554.2764   8.3808697e-05
       4555.1765   8.3841387e-05
       4556.0766   8.3874093e-05
       4556.9773   8.3907138e-05
       4557.8774   8.3940162e-05
       4558.7775   8.3973325e-05
       4559.6777   8.4006623e-05
       4560.5778   8.4039917e-05
       4561.4785   8.4073447e-05
       4562.3786   8.4106957e-05
       4563.2787   8.4140546e-05
       4564.1789   8.4174231e-05
       4565.0790   8.4207913e-05
       4565.9796   8.4241737e-05
       4566.8798   8.4275556e-05
       4567.7799   8.4309410e-05
       4568.6801   8.4343331e-05
       4569.5802   8.4377249e-05
       4570.4808   8.4411251e-05
       4571.3810   8.4445250e-05
       4572.2811   8.4479265e-05
       4573.1813   8.4513325e-05
       4574.0814   8.4547381e-05
       4574.9820   8.4581493e-05
       4575.8822   8.4615600e-05
       4576.7823   8.4649712e-05
       4577.6824   8.4683852e-05
       4578.5826   8.4717997e-05
       4579.4832   8.4752176e-05
       4580.3834   8.4786349e-05
       4581.2835   8.4820522e-05
       4582.1836   8.4854715e-05
       4583.0838   8.4888912e-05
       4583.9844   8.4923136e-05
       4584.8845   8.4957349e-05
       4585.7847   8.4991566e-05
       4586.6848   8.5025796e-05
       4587.5850   8.5060030e-05
       4588.4856   8.5094286e-05
       4589.3857   8.5128532e-05
       4590.2859   8.5162781e-05
       4591.1860   8.5197041e-05
       4592.0862   8.5231305e-05
       4592.9868   8.5265590e-05
       4593.8869   8.5299865e-05
       4594.7871   8.5334145e-05
       4595.6872   8.5368434e-05
       4596.5873   8.5402725e-05
       4597.4880   8.5437045e-05
       4598.3881   8.5471355e-05
       4599.2883   8.5505668e-05
       4600.1884   8.5539993e-05
       4601.0885   8.5574324e-05
       4601.9892   8.5608682e-05
       4602.8893   8.5643038e-05
       4603.7894   8.5677394e-05
       4604.6896   8.5711774e-05
       4605.5897   8.5746160e-05
       4606.4903   8.5780569e-05
       4607.3905   8.5814998e-05
       4607.9349   8.5835820e-05
       4608.2906   8.5849422e-05
       4608.5495   8.5859325e-05
       4609.1642   8.5882855e-05
       4609.1908   8.5883876e-05
       4609.7789   8.5906398e-05
       4610.0909   8.5918347e-05
       4610.3937   8.5929944e-05
       4610.9915   8.5952838e-05
       4611.0086   8.5953493e-05
       4611.6236   8.5977083e-05
       4611.8917   8.5987369e-05
       4612.2386   8.6000678e-05
       4612.7918   8.6021899e-05
       4612.8538   8.6024276e-05
       4613.4690   8.6047888e-05
       4613.6920   8.6056461e-05
       4614.0843   8.6071540e-05
       4614.5921   8.6091061e-05
       4614.6997   8.6095196e-05
       4615.3151   8.6118855e-05
       4615.4927   8.6125680e-05
       4615.9307   8.6142545e-05
       4616.3929   8.6160356e-05
       4616.5463   8.6166269e-05
       4617.1620   8.6189996e-05
       4617.2930   8.6195042e-05
       4617.7778   8.6213726e-05
       4618.1931   8.6229757e-05
       4618.3937   8.6237511e-05
       4619.0097   8.6261318e-05
       4619.0933   8.6264550e-05
       4619.6257   8.6285128e-05
       4619.9939   8.6299358e-05
       4620.2418   8.6308941e-05
       4620.8580   8.6332840e-05
       4620.8941   8.6334238e-05
       4621.4743   8.6356744e-05
       4621.7942   8.6369150e-05
       4622.0907   8.6380650e-05
       4622.6943   8.6404083e-05
       4622.7072   8.6404584e-05
       4623.3237   8.6428595e-05
       4623.5945   8.6439142e-05
       4623.9403   8.6452610e-05
       4624.4951   8.6474217e-05
       4624.5570   8.6476628e-05
       4625.1738   8.6500706e-05
       4625.3952   8.6509370e-05
       4625.7907   8.6524845e-05
       4626.2954   8.6544597e-05
       4626.4076   8.6548988e-05
       4627.0246   8.6573133e-05
       4627.1955   8.6579822e-05
       4627.6417   8.6597380e-05
       4628.0957   8.6615241e-05
       4628.2589   8.6621664e-05
       4628.8762   8.6645951e-05
       4628.9963   8.6650675e-05
       4629.4936   8.6670241e-05
       4629.8964   8.6686187e-05
       4630.1110   8.6694682e-05
       4630.7285   8.6719128e-05
       4630.7966   8.6721823e-05
       4631.3461   8.6743577e-05
       4631.6967   8.6757455e-05
       4631.9638   8.6768071e-05
       4632.5816   8.6792693e-05
       4632.5969   8.6793303e-05
       4633.1995   8.6817319e-05
       4633.4975   8.6829198e-05
       4633.8174   8.6841947e-05
       4634.3976   8.6865153e-05
       4634.4354   8.6866671e-05
       4635.0535   8.6891491e-05
       4635.2978   8.6901300e-05
       4635.6717   8.6916313e-05
       4636.1979   8.6937443e-05
       4636.2899   8.6941139e-05
       4636.9083   8.6966119e-05
       4637.0981   8.6973802e-05
       4637.5267   8.6991152e-05
       4637.9987   8.7010257e-05
       4638.1452   8.7016188e-05
       4638.8988   8.7046739e-05
       4639.7990   8.7083490e-05
       4640.6991   8.7120237e-05
       4641.5992   8.7157174e-05
       4642.4999   8.7194277e-05
       4643.4000   8.7231354e-05
       4644.3002   8.7268779e-05
       4645.2003   8.7306200e-05
       4646.1004   8.7343767e-05
       4647.0011   8.7381564e-05
       4647.9012   8.7419336e-05
       4648.8013   8.7457403e-05
       4649.7015   8.7495530e-05
       4650.6016   8.7533741e-05
       4651.5023   8.7572234e-05
       4652.4024   8.7610702e-05
       4653.3025   8.7649390e-05
       4654.2027   8.7688190e-05
       4655.1028   8.7727013e-05
       4656.0034   8.7766133e-05
       4656.9036   8.7805236e-05
       4657.8037   8.7844469e-05
       4658.7039   8.7883839e-05
       4659.6040   8.7923205e-05
       4660.5046   8.7962796e-05
       4661.4048   8.8002388e-05
       4662.3049   8.8042030e-05
       4663.2051   8.8081789e-05
       4664.1052   8.8121543e-05
       4665.0058   8.8161393e-05
       4665.9060   8.8201252e-05
       4666.8061   8.8241110e-05
       4667.7062   8.8280991e-05
       4668.6064   8.8320876e-05
       4669.5070   8.8360747e-05
       4670.4072   8.8400576e-05
       4671.3073   8.8440400e-05
       4672.2074   8.8480085e-05
       4673.1076   8.8519769e-05
       4674.0082   8.8559382e-05
       4674.9083   8.8598823e-05
       4675.8085   8.8638269e-05
       4676.7086   8.8677453e-05
       4677.6088   8.8716566e-05
       4678.5094   8.8755620e-05
       4679.4095   8.8794301e-05
       4680.3097   8.8832985e-05
       4681.2098   8.8871366e-05
       4682.1100   8.8909531e-05
       4683.0106   8.8947713e-05
       4683.9107   8.8985282e-05
       4684.8109   8.9022841e-05
       4685.7110   8.9060139e-05
       4686.6111   8.9097011e-05
       4687.5118   8.9133908e-05
       4688.4119   8.9170199e-05
       4689.3121   8.9206325e-05
       4690.2122   8.9242310e-05
       4691.1123   8.9277627e-05
       4692.0130   8.9312968e-05
       4692.9131   8.9347806e-05
       4693.8132   8.9382278e-05
       4694.7134   8.9416754e-05
       4695.6135   8.9450390e-05
       4696.5142   8.9484014e-05
       4697.4143   8.9517304e-05
       4698.3144   8.9550024e-05
       4699.2146   8.9582747e-05
       4700.1147   8.9614814e-05
       4701.0154   8.9646678e-05
       4701.9155   8.9678405e-05
       4702.8156   8.9709388e-05
       4703.7158   8.9740374e-05
       4704.6159   8.9770924e-05
       4705.5165   8.9801094e-05
       4706.4167   8.9831251e-05
       4707.3168   8.9860686e-05
       4708.2170   8.9890054e-05
       4709.1171   8.9919199e-05
       4709.8270   8.9941773e-05
       4710.0177   8.9947839e-05
       4710.4551   8.9961749e-05
       4710.9179   8.9976466e-05
       4711.0833   8.9981727e-05
       4711.7117   9.0001323e-05
       4711.8180   9.0004624e-05
       4712.3401   9.0020829e-05
       4712.7182   9.0032566e-05
       4712.9685   9.0040337e-05
       4713.5971   9.0059823e-05
       4713.6183   9.0060466e-05
       4714.2258   9.0078900e-05
       4714.5189   9.0087796e-05
       4714.8545   9.0097980e-05
       4715.4191   9.0115113e-05
       4715.4833   9.0117063e-05
       4716.1122   9.0136027e-05
       4716.3192   9.0142179e-05
       4716.7412   9.0154724e-05
       4717.2193   9.0168934e-05
       4717.3703   9.0173422e-05
       4717.9995   9.0192124e-05
       4718.1195   9.0195692e-05
       4718.6287   9.0210635e-05
       4719.0201   9.0222055e-05
       4719.2580   9.0228997e-05
       4719.8874   9.0247362e-05
       4719.9203   9.0248321e-05
       4720.5169   9.0265729e-05
       4720.8204   9.0274498e-05
       4721.1465   9.0283861e-05
       4721.7205   9.0300341e-05
       4721.7762   9.0301939e-05
       4722.4059   9.0320020e-05
       4722.6207   9.0326186e-05
       4723.0358   9.0338088e-05
       4723.5213   9.0351843e-05
       4723.6657   9.0355933e-05
       4724.2957   9.0373780e-05
       4724.4214   9.0377342e-05
       4724.9257   9.0391630e-05
       4725.3216   9.0402844e-05
       4725.5559   9.0409425e-05
       4726.1862   9.0427098e-05
       4726.2217   9.0428095e-05
       4726.8165   9.0444773e-05
       4727.1219   9.0453338e-05
       4727.4469   9.0462451e-05
       4728.0225   9.0478536e-05
       4728.0774   9.0480066e-05
       4728.7080   9.0497633e-05
       4728.9226   9.0503611e-05
       4729.3387   9.0515202e-05
       4729.8228   9.0528689e-05
       4729.9694   9.0532773e-05
       4730.6003   9.0550316e-05
       4730.7229   9.0553725e-05
       4731.2312   9.0567853e-05
       4731.6231   9.0578747e-05
       4731.8622   9.0585393e-05
       4732.4933   9.0602939e-05
       4732.5237   9.0603788e-05
       4733.1245   9.0620536e-05
       4733.4238   9.0628882e-05
       4733.7557   9.0638136e-05
       4734.3240   9.0653980e-05
       4734.3871   9.0655738e-05
       4735.0185   9.0673395e-05
       4735.2241   9.0679181e-05
       4735.6500   9.0691165e-05
       4736.1243   9.0704513e-05
       4736.2816   9.0708939e-05
       4736.9133   9.0726714e-05
       4737.0249   9.0729856e-05
       4737.5450   9.0744665e-05
       4737.9250   9.0755538e-05
       4738.1769   9.0762746e-05
       4738.8088   9.0780829e-05
       4738.8252   9.0781298e-05
       4739.4408   9.0798914e-05
       4739.7253   9.0807185e-05
       4740.0729   9.0817393e-05
       4740.6254   9.0833615e-05
       4740.7051   9.0835956e-05
       4741.5261   9.0860063e-05
       4742.4262   9.0887041e-05
       4743.3264   9.0914449e-05
       4744.2265   9.0941854e-05
       4745.1266   9.0970519e-05
       4746.0273   9.0999302e-05
       4746.9274   9.1028603e-05
       4747.8276   9.1059204e-05
       4748.7277   9.1089802e-05
       4749.6278   9.1121996e-05
       4750.5285   9.1155048e-05
       4751.4286   9.1188137e-05
       4752.3287   9.1224334e-05
       4753.2289   9.1260535e-05
       4754.1290   9.1298291e-05
       4755.0297   9.1338623e-05
       4755.9298   9.1378929e-05
       4756.8299   9.1423132e-05
       4757.7301   9.1468713e-05
       4758.6302   9.1514942e-05
       4759.5308   9.1567246e-05
       4760.4310   9.1619528e-05
       4761.3311   9.1675649e-05
       4762.2313   9.1736388e-05
       4763.1314   9.1797119e-05
       4764.0320   9.1866473e-05
       4764.9322   9.1937806e-05
       4765.8323   9.2011302e-05
       4766.7325   9.2095808e-05
       4767.6326   9.2180304e-05
       4768.5332   9.2273273e-05
       4769.4334   9.2374039e-05
       4770.3335   9.2474793e-05
       4771.2337   9.2592885e-05
       4772.1338   9.2713558e-05
       4773.0344   9.2839634e-05
       4773.9346   9.2984531e-05
       4774.8347   9.3129411e-05
       4775.7348   9.3290906e-05
       4776.6350   9.3464992e-05
       4777.5356   9.3639154e-05
       4778.4358   9.3845247e-05
       4779.3359   9.4054201e-05
       4780.2360   9.4274044e-05
       4781.1362   9.4524353e-05
       4782.0368   9.4774772e-05
       4782.9369   9.5054599e-05
       4783.8371   9.5353436e-05
       4784.7372   9.5652240e-05
       4785.6374   9.6004799e-05
       4786.5380   9.6360199e-05
       4787.4381   9.6734556e-05
       4788.3383   9.7154697e-05
       4789.2384   9.7574791e-05
       4790.1386   9.8041936e-05
       4791.0392   9.8536190e-05
       4791.9393   9.9030170e-05
       4792.8395   9.9605436e-05
       4793.7396   0.00010018262
       4794.6398   0.00010078900
       4795.5404   0.00010145920
       4796.4405   0.00010212902
       4797.3407   0.00010286535
       4798.2408   0.00010363707
       4799.1410   0.00010440887
       4800.0416   0.00010529037
       4800.9417   0.00010617277
       4801.8419   0.00010709349
       4802.7420   0.00010809450
       4803.6421   0.00010909552
       4804.5428   0.00011017937
       4805.4429   0.00011130571
       4806.3431   0.00011243218
       4807.2432   0.00011368725
       4808.1433   0.00011494400
       4809.0440   0.00011624401
       4809.9441   0.00011763420
       4810.8442   0.00011902439
       4811.7444   0.00012050146
       4812.6445   0.00012202573
       4813.5452   0.00012355101
       4814.4453   0.00012520392
       4815.3454   0.00012686013
       4816.2456   0.00012855471
       4817.1457   0.00013033770
       4818.0464   0.00013212188
       4818.9465   0.00013397903
       4819.8466   0.00013588039
       4820.7468   0.00013778195
       4821.6469   0.00013978460
       4822.5475   0.00014179367
       4823.4477   0.00014382682
       4824.3478   0.00014592628
       4825.2480   0.00014802597
       4826.1481   0.00015016885
       4827.0487   0.00015234265
       4827.9489   0.00015451548
       4828.8490   0.00015673539
       4829.7492   0.00015896000
       4830.6493   0.00016119080
       4831.5499   0.00016344415
       4832.4501   0.00016569650
       4833.3502   0.00016794939
       4834.2504   0.00017020319
       4835.1505   0.00017245673
       4836.0511   0.00017468857
       4836.9513   0.00017691582
       4837.8514   0.00017913283
       4838.7515   0.00018130419
       4839.6517   0.00018347579
       4840.5523   0.00018560635
       4841.4525   0.00018769272
       4842.3526   0.00018977885
       4843.2527   0.00019177280
       4844.1529   0.00019374455
       4845.0535   0.00019570071
       4845.9537   0.00019752932
       4846.8249   0.00019929905
       4846.8538   0.00019935773
       4847.4713   0.00020059346
       4847.7539   0.00020111405
       4848.1178   0.00020178455
       4848.6541   0.00020277253
       4848.7644   0.00020297580
       4849.4111   0.00020416721
       4849.5547   0.00020443175
       4850.0579   0.00020530209
       4850.4548   0.00020594739
       4850.7047   0.00020635370
       4851.3517   0.00020740546
       4851.3550   0.00020741089
       4851.9987   0.00020845736
       4852.2551   0.00020886601
       4852.6458   0.00020940695
       4853.1553   0.00021011238
       4853.2930   0.00021030302
       4853.9403   0.00021119921
       4854.0559   0.00021135930
       4854.5876   0.00021209552
       4854.9560   0.00021252454
       4855.2351   0.00021283777
       4855.8562   0.00021353483
       4855.8826   0.00021356450
       4856.5303   0.00021429133
       4856.7563   0.00021454501
       4857.1780   0.00021498935
       4857.6565   0.00021539275
       4857.8258   0.00021553546
       4858.4737   0.00021608163
       4858.5571   0.00021615197
       4859.1216   0.00021662788
       4859.4572   0.00021691077
       4859.7697   0.00021709636
       4860.3574   0.00021742024
       4860.4178   0.00021745355
       4861.0661   0.00021781079
       4861.2575   0.00021791628
       4861.7144   0.00021816808
       4862.1577   0.00021834493
       4862.3628   0.00021839645
       4863.0113   0.00021855936
       4863.0583   0.00021857117
       4863.6599   0.00021872229
       4863.9584   0.00021879728
       4864.3085   0.00021888524
       4864.8586   0.00021887346
       4864.9573   0.00021886835
       4865.6061   0.00021883472
       4865.7587   0.00021882682
       4866.2550   0.00021880109
       4866.6589   0.00021878016
       4866.9041   0.00021873488
       4867.5532   0.00021850568
       4867.5595   0.00021850344
       4868.2023   0.00021827645
       4868.4596   0.00021818561
       4868.8516   0.00021804719
       4869.3598   0.00021782929
       4869.5010   0.00021773784
       4870.1504   0.00021731714
       4870.2599   0.00021724621
       4870.7999   0.00021689637
       4871.1600   0.00021666312
       4871.4496   0.00021647555
       4872.0607   0.00021596721
       4872.0993   0.00021593130
       4872.7490   0.00021532622
       4872.9608   0.00021512904
       4873.3989   0.00021472106
       4873.8610   0.00021429077
       4874.0489   0.00021411581
       4874.6989   0.00021335011
       4874.7611   0.00021327559
       4875.3491   0.00021257069
       4875.6612   0.00021219649
       4875.9993   0.00021179116
       4876.5619   0.00021111046
       4876.6496   0.00021098357
       4877.3000   0.00021004265
       4877.4620   0.00020980829
       4877.9505   0.00020910160
       4878.3622   0.00020850597
       4878.6011   0.00020816042
       4879.2623   0.00020713937
       4880.1624   0.00020563526
       4881.0631   0.00020413014
       4881.9632   0.00020251755
       4882.8633   0.00020083545
       4883.7635   0.00019915316
       4884.6636   0.00019733476
       4885.5643   0.00019549967
       4886.4644   0.00019364279
       4887.3645   0.00019168504
       4888.2647   0.00018972707
       4889.1648   0.00018772455
       4890.0655   0.00018567048
       4890.9656   0.00018361778
       4891.8657   0.00018151543
       4892.7659   0.00017939686
       4893.6660   0.00017727707
       4894.5666   0.00017512093
       4895.4668   0.00017296575
       4896.3669   0.00017080808
       4897.2671   0.00016864440
       4898.1672   0.00016648097
       4899.0678   0.00016432725
       4899.9680   0.00016218167
       4900.8681   0.00016003634
       4901.7683   0.00015792837
       4902.6684   0.00015582567
       4903.5690   0.00015373215
       4904.4692   0.00015169387
       4905.3693   0.00014965583
       4906.2695   0.00014765413
       4907.1696   0.00014569987
       4908.0702   0.00014374453
       4908.9704   0.00014186111
       4909.8705   0.00014000665
       4910.7707   0.00013815198
       4911.6708   0.00013640841
       4912.5714   0.00013466550
       4913.4716   0.00013295485
       4914.3717   0.00013133483
       4915.2719   0.00012971463
       4916.1720   0.00012816238
       4917.0726   0.00012666963
       4917.9728   0.00012517753
       4918.8729   0.00012379045
       4919.7730   0.00012242971
       4920.6732   0.00012107767
       4921.5738   0.00011984774
       4922.4740   0.00011861836
       4923.3741   0.00011743236
       4924.2742   0.00011633240
       4925.1744   0.00011523232
       4926.0750   0.00011420678
       4926.9752   0.00011323166
       4927.8753   0.00011225665
       4928.7754   0.00011138442
       4929.6756   0.00011052821
       4930.5762   0.00010968585
       4931.4763   0.00010894121
       4932.3765   0.00010819649
       4933.2766   0.00010749196
       4934.1768   0.00010685038
       4935.0774   0.00010620852
       4935.9775   0.00010562816
       4936.8777   0.00010508077
       4937.7778   0.00010453344
       4938.6780   0.00010406320
       4939.5786   0.00010360058
       4940.4787   0.00010315076
       4941.3789   0.00010276413
       4942.2790   0.00010237753
       4943.1792   0.00010201906
       4944.0798   0.00010169910
       4944.0981   0.00010169261
       4944.7575   0.00010145834
       4944.9799   0.00010137932
       4945.4170   0.00010123349
       4945.8801   0.00010109894
       4946.0765   0.00010104188
       4946.7362   0.00010085024
       4946.7802   0.00010083745
       4947.3959   0.00010065857
       4947.6804   0.00010057593
       4948.0557   0.00010048432
       4948.5810   0.00010036109
       4948.7157   0.00010032950
       4949.3757   0.00010017465
       4949.4811   0.00010014991
       4950.0358   0.00010001978
       4950.3813   9.9946525e-05
       4950.6959   9.9887724e-05
       4951.2814   9.9778312e-05
       4951.3562   9.9764331e-05
       4952.0166   9.9640921e-05
       4952.1816   9.9610080e-05
       4952.6770   9.9517495e-05
       4953.0822   9.9457480e-05
       4953.3376   9.9420058e-05
       4953.9823   9.9325570e-05
       4953.9982   9.9323243e-05
       4954.6589   9.9226416e-05
       4954.8825   9.9193645e-05
       4955.3197   9.9134651e-05
       4955.7826   9.9082415e-05
       4955.9806   9.9060075e-05
       4956.6415   9.8985490e-05
       4956.6827   9.8980846e-05
       4957.3026   9.8910895e-05
       4957.5834   9.8879210e-05
       4957.9638   9.8845116e-05
       4958.4835   9.8800936e-05
       4958.6250   9.8788908e-05
       4959.2863   9.8732692e-05
       4959.3837   9.8724415e-05
       4959.9477   9.8676470e-05
       4960.2838   9.8651493e-05
       4960.6092   9.8631212e-05
       4961.1839   9.8595400e-05
       4961.2708   9.8589982e-05
       4961.9325   9.8548747e-05
       4962.0846   9.8539270e-05
       4962.5943   9.8507507e-05
       4962.9847   9.8490076e-05
       4963.2561   9.8478100e-05
       4963.8849   9.8450360e-05
       4963.9181   9.8448895e-05
       4964.5801   9.8419687e-05
       4964.7850   9.8410648e-05
       4965.2422   9.8392699e-05
       4965.6851   9.8379502e-05
       4965.9045   9.8372966e-05
       4966.5668   9.8353230e-05
       4966.5858   9.8352662e-05
       4967.2291   9.8333492e-05
       4967.4859   9.8325840e-05
       4967.8916   9.8317291e-05
       4968.3861   9.8307989e-05
       4968.5542   9.8304827e-05
       4969.2168   9.8292362e-05
       4969.2862   9.8291058e-05
       4969.8796   9.8279896e-05
       4970.1863   9.8275210e-05
       4970.5424   9.8271414e-05
       4971.0870   9.8265607e-05
       4971.2053   9.8264346e-05
       4971.8683   9.8257276e-05
       4971.9871   9.8256010e-05
       4972.5314   9.8250207e-05
       4972.8872   9.8248418e-05
       4973.1946   9.8246907e-05
       4973.7874   9.8243993e-05
       4973.8579   9.8243647e-05
       4974.5212   9.8240386e-05
       4974.6875   9.8239569e-05
       4975.1847   9.8237725e-05
       4975.5882   9.8237252e-05
       4975.8482   9.8236948e-05
       4976.4883   9.8236198e-05
       4976.5118   9.8236170e-05
       4977.3884   9.8235144e-05
       4978.2886   9.8235729e-05
       4979.1887   9.8236576e-05
       4980.0894   9.8237495e-05
       4980.9895   9.8239066e-05
       4981.8896   9.8240637e-05
       4982.7898   9.8242161e-05
       4983.6899   9.8243590e-05
       4984.5905   9.8245020e-05
       4985.4907   9.8246033e-05
       4986.3908   9.8246728e-05
       4987.2910   9.8247422e-05
       4988.1911   9.8247264e-05
       4989.0917   9.8246889e-05
       4989.9919   9.8246484e-05
       4990.8920   9.8244956e-05
       4991.7922   9.8243428e-05
       4991.7996   9.8243416e-05
       4992.4654   9.8242283e-05
       4992.6923   9.8241645e-05
       4993.1312   9.8240410e-05
       4993.5929   9.8239111e-05
       4993.7971   9.8238537e-05
       4994.4632   9.8236663e-05
       4994.4931   9.8236579e-05
       4995.1293   9.8234668e-05
       4995.3932   9.8233737e-05
       4995.7955   9.8232318e-05
       4996.2934   9.8230562e-05
       4996.4617   9.8229968e-05
       4997.1281   9.8227618e-05
       4997.1935   9.8227387e-05
       4997.7946   9.8225228e-05
       4998.0941   9.8224137e-05
       4998.4611   9.8222800e-05
       4998.9943   9.8220857e-05
       4999.1278   9.8220371e-05
       4999.7945   9.8217942e-05
       4999.8944   9.8217578e-05
       5000.4613   9.8215837e-05
       5000.7946   9.8214836e-05
       5001.1282   9.8213835e-05
       5001.6947   9.8212134e-05
       5001.7952   9.8211832e-05
       5002.4623   9.8209839e-05
       5002.5953   9.8209640e-05
       5003.1295   9.8208838e-05
       5003.4955   9.8208288e-05
       5003.7967   9.8207836e-05
       5004.3956   9.8206937e-05
       5004.4641   9.8206834e-05
       5005.1315   9.8206252e-05
       5005.2958   9.8206402e-05
       5005.7991   9.8206859e-05
       5006.1959   9.8207219e-05
       5006.4667   9.8207465e-05
       5007.0965   9.8208037e-05
       5007.1344   9.8208071e-05
       5007.8022   9.8209810e-05
       5007.9967   9.8210629e-05
       5008.4701   9.8212623e-05
       5008.8968   9.8214420e-05
       5009.1380   9.8215436e-05
       5009.7970   9.8218211e-05
       5009.8061   9.8218249e-05
       5010.4742   9.8223170e-05
       5010.6971   9.8225027e-05
       5011.1425   9.8228739e-05
       5011.5977   9.8232533e-05
       5011.8108   9.8234309e-05
       5012.4792   9.8239933e-05
       5012.4979   9.8240178e-05
       5013.1477   9.8248719e-05
       5013.3980   9.8252008e-05
       5013.8163   9.8257507e-05
       5014.2981   9.8263838e-05
       5014.4850   9.8266295e-05
       5015.1538   9.8276039e-05
       5015.1983   9.8276861e-05
       5015.8227   9.8288387e-05
       5016.0989   9.8293486e-05
       5016.4916   9.8300735e-05
       5016.9991   9.8310103e-05
       5017.1607   9.8313086e-05
       5017.8298   9.8327389e-05
       5017.8992   9.8329059e-05
       5018.4990   9.8343494e-05
       5018.7993   9.8350721e-05
       5019.1683   9.8359602e-05
       5019.6995   9.8372385e-05
       5019.8377   9.8375711e-05
       5020.5072   9.8394746e-05
       5020.6001   9.8397507e-05
       5021.1768   9.8414648e-05
       5021.5003   9.8424263e-05
       5021.8465   9.8434552e-05
       5022.4004   9.8451017e-05
       5022.5162   9.8454545e-05
       5023.1861   9.8478114e-05
       5023.3005   9.8482140e-05
       5023.8560   9.8501686e-05
       5024.2007   9.8513814e-05
       5024.5260   9.8525261e-05
       5025.1013   9.8545952e-05
       5026.0015   9.8582158e-05
       5026.9016   9.8618359e-05
       5027.8017   9.8655781e-05
       5028.7019   9.8695945e-05
       5029.6025   9.8736127e-05
       5030.5027   9.8777961e-05
       5031.4028   9.8821354e-05
       5032.3029   9.8864748e-05
       5033.2031   9.8909881e-05
       5034.1037   9.8955702e-05
       5035.0038   9.9001498e-05
       5035.9040   9.9048700e-05
       5036.8041   9.9096006e-05
       5037.7043   9.9143398e-05
       5038.6049   9.9191343e-05
       5039.5050   9.9239261e-05
       5040.4052   9.9287102e-05
       5041.3053   9.9334771e-05
       5042.2055   9.9382446e-05
       5043.1061   9.9429593e-05
       5044.0062   9.9476233e-05
       5044.9064   9.9522878e-05
       5045.8065   9.9568276e-05
       5046.7067   9.9613224e-05
       5047.6073   9.9658193e-05
       5048.5074   9.9701064e-05
       5049.4076   9.9743784e-05
       5050.3077   9.9786169e-05
       5051.2079   9.9826278e-05
       5052.1085   9.9866406e-05
       5053.0086   9.9905594e-05
       5053.9088   9.9942858e-05
       5054.8089   9.9980118e-05
       5055.7091   0.00010001587
       5056.6097   0.00010005021
       5057.5098   0.00010008453
       5058.4100   0.00010011681
       5059.3101   0.00010014823
       5060.2103   0.00010017966
       5061.1109   0.00010020862
       5062.0110   0.00010023728
       5062.9112   0.00010026572
       5063.8113   0.00010029186
       5064.7115   0.00010031799
       5065.6121   0.00010034352
       5066.5122   0.00010036741
       5067.4124   0.00010039129
       5068.3125   0.00010041429
       5069.2126   0.00010043625
       5070.1133   0.00010045822
       5071.0134   0.00010047915
       5071.9136   0.00010049952
       5072.8137   0.00010051989
       5073.7138   0.00010053921
       5074.6145   0.00010055832
       5075.5146   0.00010057742
       5076.4148   0.00010059557
       5077.3149   0.00010061373
       5078.2150   0.00010063175
       5079.1157   0.00010064925
       5080.0158   0.00010066673
       5080.9160   0.00010068406
       5081.8161   0.00010070113
       5082.7162   0.00010071819
       5083.6169   0.00010073514
       5084.5170   0.00010075199
       5085.4172   0.00010076884
       5086.3173   0.00010078566
       5087.2174   0.00010080246
       5088.1181   0.00010081928
       5089.0182   0.00010083616
       5089.9184   0.00010085305
       5090.8185   0.00010086996
       5091.7186   0.00010088703
       5092.6193   0.00010090412
       5093.5194   0.00010092126
       5094.4195   0.00010093858
       5095.3197   0.00010095591
       5096.2198   0.00010097337
       5097.1205   0.00010099100
       5098.0206   0.00010100863
       5098.9207   0.00010102644
       5099.8209   0.00010104439
       5100.7210   0.00010106233
       5101.6217   0.00010108053
       5102.5218   0.00010109880
       5103.4219   0.00010111707
       5104.3221   0.00010113564
       5105.2222   0.00010115423
       5106.1229   0.00010117286
       5107.0230   0.00010119176
       5107.9231   0.00010121066
       5108.8233   0.00010122964
       5109.7234   0.00010124882
       5110.6241   0.00010126802
       5111.5242   0.00010128732
       5112.4243   0.00010130677
       5113.3245   0.00010132623
       5114.2246   0.00010134582
       5115.1253   0.00010136552
       5116.0254   0.00010138521
       5116.9255   0.00010140506
       5117.8257   0.00010142497
       5118.7258   0.00010144487
       5119.6264   0.00010146495
       5120.5266   0.00010148504
       5121.4267   0.00010150514
       5122.3269   0.00010152539
       5123.2270   0.00010154564
       5124.1276   0.00010156592
       5125.0278   0.00010158630
       5125.9279   0.00010160668
       5126.8281   0.00010162710
       5127.7282   0.00010164758
       5128.6288   0.00010166808
       5129.5290   0.00010168861
       5130.4291   0.00010170917
       5131.3293   0.00010172974
       5132.2294   0.00010175035
       5133.1300   0.00010177100
       5134.0302   0.00010179163
       5134.9303   0.00010181229
       5135.8305   0.00010183297
       5136.7306   0.00010185364
       5137.6312   0.00010187435
       5138.5314   0.00010189505
       5139.4315   0.00010191574
       5140.3317   0.00010193644
       5141.2318   0.00010195714
       5142.1324   0.00010197785
       5143.0326   0.00010199854
       5143.9327   0.00010201923
       5144.8329   0.00010203991
       5145.7330   0.00010206057
       5146.6336   0.00010208124
       5147.5338   0.00010210188
       5148.4339   0.00010212250
       5149.3341   0.00010214312
       5150.2342   0.00010216370
       5151.1348   0.00010218428
       5152.0350   0.00010220485
       5152.9351   0.00010222537
       5153.8353   0.00010224588
       5154.7354   0.00010226638
       5155.6360   0.00010228683
       5156.5362   0.00010230727
       5157.4363   0.00010232769
       5158.3365   0.00010234805
       5159.2366   0.00010236841
       5160.1372   0.00010238876
       5161.0374   0.00010240904
       5161.9375   0.00010242931
       5162.8377   0.00010244956
       5163.7378   0.00010246975
       5164.6384   0.00010248995
       5165.5386   0.00010251010
       5166.4387   0.00010253020
       5167.3389   0.00010255030
       5168.2390   0.00010257035
       5169.1396   0.00010259038
       5170.0398   0.00010261039
       5170.9399   0.00010263034
       5171.8401   0.00010265027
       5172.7402   0.00010267019
       5173.6408   0.00010269005
       5174.5410   0.00010270989
       5175.4411   0.00010272973
       5176.1953   0.00010274628
       5176.3412   0.00010274948
       5176.8857   0.00010276143
       5177.2414   0.00010276924
       5177.5761   0.00010277658
       5178.1420   0.00010278899
       5178.2666   0.00010279171
       5178.9572   0.00010280680
       5179.0422   0.00010280866
       5179.6479   0.00010282189
       5179.9423   0.00010282832
       5180.3387   0.00010283699
       5180.8424   0.00010284797
       5181.0296   0.00010285204
       5181.7206   0.00010286708
       5181.7426   0.00010286756
       5182.4117   0.00010288212
       5182.6432   0.00010288715
       5183.1029   0.00010289716
       5183.5434   0.00010290671
       5183.7941   0.00010291214
       5184.4435   0.00010292622
       5184.4855   0.00010292712
       5185.1769   0.00010294211
       5185.3436   0.00010294572
       5185.8684   0.00010295709
       5186.2438   0.00010296519
       5186.5601   0.00010297201
       5187.1444   0.00010298462
       5187.2518   0.00010298694
       5187.9436   0.00010300187
       5188.0446   0.00010300405
       5188.6355   0.00010301678
       5188.9447   0.00010302343
       5189.3275   0.00010303166
       5189.8448   0.00010304278
       5190.0196   0.00010304654
       5190.7118   0.00010306142
       5190.7450   0.00010306213
       5191.4041   0.00010307626
       5191.6456   0.00010308143
       5192.0964   0.00010309109
       5192.5458   0.00010310071
       5192.7889   0.00010310591
       5193.4459   0.00010311998
       5193.4814   0.00010312074
       5194.1741   0.00010313552
       5194.3460   0.00010313919
       5194.8668   0.00010315030
       5195.2462   0.00010315839
       5195.5596   0.00010316507
       5196.1468   0.00010317760
       5196.2526   0.00010317985
       5196.9456   0.00010319457
       5197.0470   0.00010319673
       5197.6387   0.00010320930
       5197.9471   0.00010321585
       5198.3319   0.00010322403
       5198.8472   0.00010323497
       5199.0252   0.00010323874
       5199.7186   0.00010325341
       5199.7474   0.00010325402
       5200.4120   0.00010326809
       5200.6480   0.00010327308
       5201.1056   0.00010328277
       5201.5482   0.00010329212
       5201.7993   0.00010329742
       5202.4483   0.00010331110
       5202.4930   0.00010331205
       5203.1869   0.00010332668
       5203.3484   0.00010333008
       5203.8808   0.00010334131
       5204.2486   0.00010334904
       5204.5748   0.00010335589
       5205.1492   0.00010336796
       5205.2689   0.00010337047
       5205.9632   0.00010338506
       5206.0494   0.00010338687
       5206.6575   0.00010339963
       5206.9495   0.00010340575
       5207.3519   0.00010341417
       5207.8496   0.00010342458
       5208.0464   0.00010342870
       5208.7409   0.00010344324
       5208.7498   0.00010344342
       5209.4356   0.00010345775
       5209.6504   0.00010346223
       5210.1304   0.00010347224
       5210.5506   0.00010348100
       5210.8253   0.00010348672
       5211.4507   0.00010349976
       5211.5202   0.00010350121
       5212.2153   0.00010351567
       5212.3508   0.00010351849
       5212.9104   0.00010353011
       5213.2510   0.00010353718
       5213.6056   0.00010354455
       5214.1516   0.00010355589
       5214.3010   0.00010355899
       5214.9964   0.00010357339
       5215.0518   0.00010357454
       5215.6919   0.00010358778
       5215.9519   0.00010359316
       5216.3875   0.00010360218
       5216.8520   0.00010361179
       5217.0832   0.00010361657
       5217.7522   0.00010363036
       5217.7790   0.00010363091
       5218.4749   0.00010364526
       5218.6528   0.00010364893
       5219.5529   0.00010366749
       5220.4531   0.00010368598
       5221.3532   0.00010370447
       5222.2534   0.00010372295
       5223.1540   0.00010374138
       5224.0541   0.00010375980
       5224.9543   0.00010377821
       5225.8544   0.00010379656
       5226.7546   0.00010381492
       5227.6552   0.00010383326
       5228.5553   0.00010385154
       5229.4555   0.00010386982
       5230.3556   0.00010388807
       5231.2558   0.00010390628
       5232.1564   0.00010392449
       5233.0565   0.00010394267
       5233.9567   0.00010396080
       5234.8568   0.00010397893
       5235.7570   0.00010399702
       5236.6576   0.00010401508
       5237.5577   0.00010403313
       5238.4579   0.00010405113
       5239.3580   0.00010406910
       5240.2582   0.00010408707
       5241.1588   0.00010410498
       5242.0589   0.00010412286
       5242.9591   0.00010414075
       5243.8592   0.00010415855
       5244.7594   0.00010417634
       5245.6600   0.00010419414
       5246.5601   0.00010421184
       5247.4603   0.00010422953
       5248.3604   0.00010424722
       5249.2606   0.00010426481
       5250.1612   0.00010428241
       5251.0613   0.00010429998
       5251.9615   0.00010431746
       5252.8616   0.00010433494
       5253.7618   0.00010435240
       5254.6624   0.00010436978
       5255.5625   0.00010438714
       5256.4627   0.00010440448
       5257.3628   0.00010442172
       5258.2630   0.00010443897
       5259.1636   0.00010445619
       5260.0637   0.00010447331
       5260.9639   0.00010449043
       5261.8640   0.00010450751
       5262.7642   0.00010452451
       5263.6648   0.00010454151
       5264.5649   0.00010455845
       5265.4651   0.00010457532
       5266.3652   0.00010459219
       5267.2654   0.00010460899
       5268.1660   0.00010462574
       5269.0661   0.00010464248
       5269.9663   0.00010465914
       5270.8664   0.00010467574
       5271.7666   0.00010469236
       5272.6672   0.00010470888
       5273.5673   0.00010472536
       5274.4675   0.00010474184
       5275.3676   0.00010475822
       5276.2678   0.00010477457
       5277.1684   0.00010479092
       5278.0685   0.00010480716
       5278.9687   0.00010482339
       5279.8688   0.00010483961
       5280.7690   0.00010485571
       5281.6696   0.00010487182
       5282.5697   0.00010488791
       5283.4699   0.00010490389
       5284.3700   0.00010491986
       5285.2702   0.00010493583
       5286.1708   0.00010495170
       5287.0709   0.00010496755
       5287.9711   0.00010498340
       5288.8712   0.00010499914
       5289.7714   0.00010501489
       5290.6720   0.00010503062
       5291.5721   0.00010504626
       5292.4723   0.00010506190
       5293.3724   0.00010507752
       5294.2726   0.00010509306
       5295.1732   0.00010510861
       5296.0733   0.00010512412
       5296.9735   0.00010513957
       5297.8736   0.00010515502
       5298.7738   0.00010517045
       5299.6744   0.00010518582
       5300.5745   0.00010520119
       5301.4747   0.00010521653
       5302.3748   0.00010523183
       5303.2750   0.00010524713
       5304.1756   0.00010526240
       5305.0757   0.00010527764
       5305.9759   0.00010529287
       5306.8760   0.00010530808
       5307.7762   0.00010532326
       5308.6768   0.00010533844
       5309.5769   0.00010535360
       5310.4771   0.00010536873
       5311.3772   0.00010538387
       5312.2774   0.00010539898
       5313.1780   0.00010541408
       5314.0781   0.00010542918
       5314.9783   0.00010544426
       5315.8784   0.00010545932
       5316.7786   0.00010547439
       5317.6792   0.00010548944
       5318.5793   0.00010550449
       5319.4795   0.00010551953
       5320.3796   0.00010553456
       5321.2798   0.00010554958
       5322.1804   0.00010556461
       5323.0805   0.00010557963
       5323.9807   0.00010559464
       5324.8808   0.00010560965
       5325.7810   0.00010562465
       5326.6816   0.00010563965
       5327.5817   0.00010565465
       5328.4819   0.00010566965
       5329.3820   0.00010568464
       5330.2822   0.00010569963
       5331.1828   0.00010571463
       5332.0829   0.00010572961
       5332.9831   0.00010574460
       5333.8832   0.00010575958
       5334.7834   0.00010577457
       5335.6840   0.00010578956
       5336.5841   0.00010580455
       5337.4843   0.00010581953
       5338.3844   0.00010583452
       5339.2846   0.00010584951
       5340.1852   0.00010586450
       5341.0853   0.00010587949
       5341.9855   0.00010589449
       5342.8856   0.00010590948
       5343.7858   0.00010592448
       5344.6864   0.00010593949
       5345.5865   0.00010595449
       5346.4867   0.00010596949
       5347.3868   0.00010598451
       5348.2870   0.00010599952
       5349.1876   0.00010601455
       5350.0877   0.00010602957
       5350.9879   0.00010604460
       5351.8880   0.00010605963
       5352.7882   0.00010607467
       5353.6888   0.00010608973
       5354.5889   0.00010610477
       5355.4891   0.00010611983
       5356.3892   0.00010613489
       5357.2894   0.00010614996
       5358.1900   0.00010616504
       5359.0901   0.00010618012
       5359.9903   0.00010619520
       5360.8904   0.00010621030
       5361.7906   0.00010622539
       5362.6912   0.00010624050
       5363.5913   0.00010625560
       5364.4915   0.00010627071
       5365.3916   0.00010628582
       5366.2918   0.00010630094
       5367.1924   0.00010631607
       5368.0925   0.00010633119
       5368.9927   0.00010634632
       5369.8928   0.00010636144
       5370.7930   0.00010637657
       5371.6936   0.00010639170
       5372.5937   0.00010640682
       5373.4939   0.00010642195
       5374.3940   0.00010643706
       5375.2942   0.00010645218
       5376.1948   0.00010646730
       5377.0949   0.00010648241
       5377.9951   0.00010649751
       5378.8952   0.00010651261
       5379.7954   0.00010652769
       5380.6960   0.00010654278
       5381.5961   0.00010655785
       5382.4963   0.00010657290
       5383.3964   0.00010658796
       5384.2966   0.00010660299
       5385.1972   0.00010661802
       5386.0973   0.00010663303
       5386.9975   0.00010664803
       5387.8976   0.00010666301
       5388.7978   0.00010667798
       5389.6984   0.00010669294
       5390.5985   0.00010670786
       5391.4987   0.00010672279
       5392.3988   0.00010673769
       5393.2990   0.00010675256
       5394.1996   0.00010676744
       5395.0997   0.00010678229
       5395.9999   0.00010679711
       5396.9000   0.00010681192
       5397.8002   0.00010682671
       5398.7008   0.00010684148
       5399.6009   0.00010685624
       5400.5011   0.00010687097
       5401.4012   0.00010688567
       5402.3014   0.00010690038
       5403.2020   0.00010691506
       5404.1021   0.00010692970
       5405.0023   0.00010694434
       5405.9024   0.00010695896
       5406.8026   0.00010697355
       5407.7032   0.00010698814
       5408.6033   0.00010700270
       5409.5035   0.00010701724
       5410.4036   0.00010703177
       5411.3038   0.00010704628
       5412.2044   0.00010706076
       5413.1045   0.00010707525
       5414.0047   0.00010708970
       5414.9048   0.00010710413
       5415.8050   0.00010711857
       5416.7056   0.00010713298
       5417.6057   0.00010714737
       5418.5059   0.00010716175
       5419.4060   0.00010717611
       5420.3062   0.00010719046
       5421.2068   0.00010720480
       5422.1069   0.00010721912
       5423.0071   0.00010723342
       5423.9072   0.00010724771
       5424.8074   0.00010726199
       5425.7080   0.00010727625
       5426.6081   0.00010729051
       5427.5083   0.00010730474
       5428.4084   0.00010731895
       5429.3086   0.00010733317
       5430.2092   0.00010734737
       5431.1093   0.00010736154
       5432.0095   0.00010737570
       5432.9096   0.00010738986
       5433.8098   0.00010740398
       5434.7104   0.00010741811
       5435.6105   0.00010743222
       5436.5107   0.00010744630
       5437.4108   0.00010746038
       5438.3110   0.00010747444
       5439.2116   0.00010748848
       5440.1117   0.00010750251
       5441.0119   0.00010751652
       5441.9120   0.00010753050
       5442.8122   0.00010754448
       5443.7128   0.00010755845
       5444.6129   0.00010757238
       5445.5131   0.00010758630
       5446.4132   0.00010760021
       5447.3134   0.00010761408
       5448.2140   0.00010762796
       5449.1142   0.00010764181
       5450.0143   0.00010765562
       5450.9144   0.00010766943
       5451.8146   0.00010768323
       5452.7152   0.00010769698
       5453.6154   0.00010771073
       5454.5155   0.00010772447
       5455.4156   0.00010773815
       5456.3158   0.00010775184
       5457.2164   0.00010776552
       5458.1166   0.00010777914
       5459.0167   0.00010779277
       5459.9168   0.00010780638
       5460.8170   0.00010781993
       5461.7176   0.00010783350
       5462.6178   0.00010784704
       5463.5179   0.00010786053
       5464.4180   0.00010787402
       5465.3182   0.00010788751
       5466.2188   0.00010790094
       5467.1190   0.00010791436
       5468.0191   0.00010792778
       5468.9192   0.00010794113
       5469.8194   0.00010795449
       5470.7200   0.00010796785
       5471.6202   0.00010798115
       5472.5203   0.00010799444
       5473.4204   0.00010800773
       5474.3206   0.00010802095
       5475.2212   0.00010803419
       5476.1214   0.00010804741
       5477.0215   0.00010806058
       5477.9216   0.00010807374
       5478.8218   0.00010808691
       5479.7224   0.00010810003
       5480.6226   0.00010811313
       5481.5227   0.00010812623
       5482.4228   0.00010813929
       5483.3230   0.00010815234
       5484.2236   0.00010816539
       5485.1238   0.00010817840
       5486.0239   0.00010819140
       5486.9240   0.00010820440
       5487.8242   0.00010821737
       5488.7248   0.00010823033
       5489.6250   0.00010824329
       5490.5251   0.00010825623
       5491.4252   0.00010826915
       5492.3254   0.00010828208
       5493.2260   0.00010829500
       5494.1262   0.00010830791
       5495.0263   0.00010832082
       5495.9265   0.00010833373
       5496.8266   0.00010834664
       5497.7272   0.00010835955
       5498.6274   0.00010837247
       5499.5275   0.00010838540
       5500.4277   0.00010839833
       5501.3278   0.00010841128
       5501.4684   0.00010841330
       5502.2022   0.00010842387
       5502.2284   0.00010842425
       5502.9360   0.00010843444
       5503.1286   0.00010843722
       5503.6699   0.00010844502
       5504.0287   0.00010845022
       5504.4039   0.00010845565
       5504.9289   0.00010846325
       5505.1380   0.00010846628
       5505.8290   0.00010847628
       5505.8722   0.00010847691
       5506.6065   0.00010848757
       5506.7296   0.00010848936
       5507.3409   0.00010849827
       5507.6298   0.00010850249
       5508.0754   0.00010850898
       5508.5299   0.00010851561
       5508.8100   0.00010851970
       5509.4301   0.00010852878
       5509.5447   0.00010853047
       5510.2794   0.00010854128
       5510.3302   0.00010854203
       5511.0143   0.00010855209
       5511.2308   0.00010855528
       5511.7493   0.00010856291
       5512.1310   0.00010856857
       5512.4844   0.00010857383
       5513.0311   0.00010858196
       5513.2196   0.00010858477
       5513.9313   0.00010859536
       5513.9549   0.00010859571
       5514.6902   0.00010860666
       5514.8314   0.00010860879
       5515.4257   0.00010861775
       5515.7320   0.00010862236
       5516.1613   0.00010862883
       5516.6322   0.00010863593
       5516.8969   0.00010863992
       5517.5323   0.00010864953
       5517.6327   0.00010865107
       5518.3686   0.00010866232
       5518.4325   0.00010866330
       5519.1045   0.00010867358
       5519.3326   0.00010867707
       5519.8406   0.00010868483
       5520.2332   0.00010869086
       5520.5768   0.00010869620
       5521.1334   0.00010870484
       5521.3130   0.00010870763
       5522.0335   0.00010871883
       5522.0494   0.00010871907
       5522.7858   0.00010873051
       5522.9337   0.00010873282
       5523.5224   0.00010874212
       5523.8338   0.00010874703
       5524.2590   0.00010875375
       5524.7344   0.00010876126
       5524.9958   0.00010876538
       5525.6346   0.00010877547
       5525.7326   0.00010877704
       5526.4696   0.00010878887
       5526.5347   0.00010878992
       5527.2066   0.00010880071
       5527.4349   0.00010880437
       5527.9438   0.00010881254
       5528.3350   0.00010881883
       5528.6810   0.00010882445
       5529.2356   0.00010883350
       5529.4184   0.00010883648
       5530.1358   0.00010884819
       5530.1558   0.00010884852
       5530.8933   0.00010886056
       5531.0359   0.00010886288
       5531.6310   0.00010887271
       5531.9361   0.00010887777
       5532.3687   0.00010888494
       5532.8362   0.00010889269
       5533.1065   0.00010889717
       5533.7368   0.00010890761
       5533.8445   0.00010890940
       5534.5825   0.00010892178
       5534.6370   0.00010892269
       5535.3206   0.00010893418
       5535.5371   0.00010893782
       5536.0588   0.00010894659
       5536.4373   0.00010895295
       5536.7972   0.00010895901
       5537.3374   0.00010896820
       5537.5356   0.00010897157
       5538.2380   0.00010898352
       5538.2741   0.00010898413
       5539.0127   0.00010899670
       5539.1382   0.00010899883
       5539.7515   0.00010900930
       5540.0383   0.00010901422
       5540.4903   0.00010902198
       5540.9385   0.00010902967
       5541.2292   0.00010903466
       5541.8386   0.00010904512
       5541.9682   0.00010904735
       5542.7073   0.00010906008
       5542.7392   0.00010906063
       5543.4465   0.00010907285
       5543.6394   0.00010907618
       5544.1858   0.00010908561
       5544.5395   0.00010909172
       5544.9252   0.00010909838
       5545.4397   0.00010910728
       5545.6647   0.00010911118
       5546.3398   0.00010912287
       5546.4043   0.00010912398
       5547.1440   0.00010913679
       5547.2404   0.00010913846
       5547.8838   0.00010914959
       5548.1406   0.00010915403
       5548.6238   0.00010916238
       5549.0407   0.00010916959
       5549.3637   0.00010917517
       5549.9409   0.00010918514
       5550.1038   0.00010918796
       5550.8410   0.00010920067
       5550.8440   0.00010920073
       5551.5843   0.00010921344
       5551.7416   0.00010921614
       5552.3247   0.00010922616
       5552.6418   0.00010923161
       5553.0652   0.00010923888
       5553.5419   0.00010924704
       5553.8058   0.00010925152
       5554.4421   0.00010926234
       5554.5465   0.00010926411
       5555.2873   0.00010927670
       5555.3422   0.00010927764
       5556.0282   0.00010928929
       5556.2428   0.00010929291
       5556.7692   0.00010930172
       5557.1430   0.00010930797
       5557.5103   0.00010931412
       5558.0431   0.00010932303
       5558.9433   0.00010933808
       5559.8434   0.00010935283
       5560.4756   0.00010936319
       5560.7441   0.00010936759
       5561.2172   0.00010937534
       5561.6442   0.00010938234
       5561.9588   0.00010938738
       5562.5443   0.00010939673
       5562.7006   0.00010939922
       5563.4425   0.00010941106
       5563.4445   0.00010941109
       5564.1845   0.00010942291
       5564.3446   0.00010942546
       5564.9265   0.00010943453
       5565.2453   0.00010943946
       5565.6687   0.00010944600
       5566.1454   0.00010945338
       5566.4110   0.00010945748
       5567.0455   0.00010946730
       5567.1534   0.00010946897
       5567.8958   0.00010948009
       5567.9457   0.00010948083
       5568.6384   0.00010949116
       5568.8458   0.00010949425
       5569.3811   0.00010950223
       5569.7465   0.00010950768
       5570.1238   0.00010951325
       5570.6466   0.00010952072
       5570.8667   0.00010952386
       5571.5467   0.00010953358
       5571.6097   0.00010953448
       5572.3527   0.00010954510
       5572.4469   0.00010954645
       5573.0959   0.00010955554
       5573.3470   0.00010955896
       5573.8392   0.00010956567
       5574.2477   0.00010957124
       5574.5825   0.00010957581
       5575.1478   0.00010958351
       5575.3260   0.00010958594
       5576.0479   0.00010959548
       5576.0695   0.00010959576
       5576.8132   0.00010960538
       5576.9481   0.00010960713
       5577.5570   0.00010961500
       5577.8482   0.00010961877
       5578.3008   0.00010962463
       5578.7489   0.00010963018
       5579.0448   0.00010963380
       5579.6490   0.00010964119
       5579.7888   0.00010964290
       5580.5330   0.00010965200
       5580.5491   0.00010965220
       5581.2772   0.00010966104
       5581.4493   0.00010966302
       5582.0216   0.00010966961
       5582.3494   0.00010967339
       5582.7660   0.00010967819
       5583.2501   0.00010968377
       5583.5106   0.00010968677
       5584.1502   0.00010969401
       5584.2552   0.00010969515
       5585.0000   0.00010970320
       5585.0504   0.00010970375
       5585.7448   0.00010971126
       5585.9505   0.00010971348
       5586.4898   0.00010971932
       5586.8506   0.00010972316
       5587.2348   0.00010972706
       5587.7513   0.00010973229
       5587.9800   0.00010973461
       5588.6514   0.00010974142
       5588.7252   0.00010974217
       5589.4706   0.00010974972
       5589.5516   0.00010975054
       5590.2160   0.00010975686
       5590.4517   0.00010975910
       5590.9616   0.00010976394
       5591.3518   0.00010976764
       5591.7072   0.00010977101
       5592.2525   0.00010977619
       5592.4530   0.00010977804
       5593.1526   0.00010978426
       5593.1988   0.00010978467
       5593.9447   0.00010979131
       5594.0528   0.00010979227
       5594.6908   0.00010979795
       5594.9529   0.00010980028
       5595.4369   0.00010980443
       5595.8530   0.00010980791
       5596.1832   0.00010981067
       5596.7537   0.00010981544
       5596.9295   0.00010981690
       5597.6538   0.00010982296
       5598.5540   0.00010983019
       5599.4541   0.00010983729
       5600.3542   0.00010984438
       5601.2549   0.00010985128
       5602.1550   0.00010985801
       5603.0552   0.00010986474
       5603.9553   0.00010987133
       5604.8554   0.00010987776
       5605.7561   0.00010988419
       5606.6562   0.00010989055
       5607.5564   0.00010989674
       5608.4565   0.00010990294
       5609.3566   0.00010990910
       5610.2573   0.00010991514
       5611.1574   0.00010992117
       5612.0576   0.00010992719
       5612.9577   0.00010993311
       5613.8579   0.00010993904
       5614.7585   0.00010994497
       5615.6586   0.00010995085
       5616.5588   0.00010995674
       5617.4589   0.00010996262
       5618.3591   0.00010996851
       5619.2597   0.00010997440
       5620.1598   0.00010998029
       5621.0600   0.00010998622
       5621.9601   0.00010999217
       5622.8603   0.00010999812
       5623.7609   0.00011000412
       5624.6610   0.00011001016
       5625.5612   0.00011001621
       5626.4613   0.00011002231
       5627.3615   0.00011002848
       5628.2621   0.00011003465
       5629.1622   0.00011004087
       5630.0624   0.00011004719
       5630.9625   0.00011005351
       5631.8627   0.00011005987
       5632.7633   0.00011006637
       5633.6634   0.00011007285
       5634.5636   0.00011007937
       5635.4637   0.00011008603
       5636.3639   0.00011009270
       5637.2645   0.00011009938
       5638.1646   0.00011010623
       5639.0648   0.00011011308
       5639.9649   0.00011011993
       5640.8651   0.00011012695
       5641.7657   0.00011013399
       5642.6658   0.00011014103
       5643.5660   0.00011014820
       5644.4661   0.00011015541
       5645.3663   0.00011016263
       5646.2669   0.00011016995
       5647.1670   0.00011017734
       5648.0672   0.00011018473
       5648.9673   0.00011019219
       5649.8675   0.00011019974
       5650.7681   0.00011020729
       5651.6683   0.00011021488
       5652.5684   0.00011022258
       5653.4685   0.00011023027
       5654.3687   0.00011023799
       5655.2693   0.00011024581
       5656.1695   0.00011025364
       5657.0696   0.00011026147
       5657.9697   0.00011026941
       5658.8699   0.00011027735
       5659.7705   0.00011028529
       5660.6707   0.00011029332
       5661.5708   0.00011030136
       5662.4709   0.00011030940
       5663.3711   0.00011031750
       5664.2717   0.00011032563
       5665.1719   0.00011033376
       5666.0720   0.00011034192
       5666.9721   0.00011035011
       5667.8723   0.00011035831
       5668.7729   0.00011036653
       5669.6731   0.00011037478
       5670.5732   0.00011038302
       5671.4733   0.00011039128
       5672.3735   0.00011039957
       5673.2741   0.00011040786
       5674.1743   0.00011041615
       5675.0744   0.00011042447
       5675.9746   0.00011043278
       5676.8747   0.00011044109
       5677.7753   0.00011044942
       5678.6755   0.00011045775
       5679.5756   0.00011046608
       5680.4758   0.00011047440
       5681.3759   0.00011048273
       5682.2765   0.00011049106
       5683.1767   0.00011049938
       5684.0768   0.00011050770
       5684.9770   0.00011051602
       5685.8771   0.00011052433
       5686.7777   0.00011053263
       5687.6779   0.00011054092
       5688.5780   0.00011054921
       5689.4782   0.00011055747
       5690.3783   0.00011056574
       5691.2789   0.00011057400
       5692.1791   0.00011058223
       5693.0792   0.00011059045
       5693.9794   0.00011059867
       5694.8795   0.00011060685
       5695.7801   0.00011061503
       5696.6803   0.00011062321
       5697.5804   0.00011063133
       5698.4806   0.00011063945
       5699.3807   0.00011064757
       5700.2813   0.00011065565
       5701.1815   0.00011066371
       5702.0816   0.00011067176
       5702.9818   0.00011067978
       5703.8819   0.00011068776
       5704.7825   0.00011069575
       5705.6827   0.00011070371
       5706.5828   0.00011071162
       5707.4830   0.00011071953
       5708.3831   0.00011072742
       5709.2838   0.00011073526
       5710.1839   0.00011074309
       5711.0840   0.00011075092
       5711.9842   0.00011075867
       5712.8843   0.00011076641
       5713.7850   0.00011077417
       5714.6851   0.00011078184
       5715.5852   0.00011078950
       5716.4854   0.00011079716
       5717.3855   0.00011080476
       5718.2862   0.00011081234
       5719.1863   0.00011081992
       5720.0864   0.00011082744
       5720.9866   0.00011083493
       5721.8867   0.00011084242
       5722.7874   0.00011084988
       5723.6875   0.00011085729
       5724.5876   0.00011086469
       5725.4878   0.00011087207
       5726.3879   0.00011087939
       5727.2886   0.00011088672
       5728.1887   0.00011089403
       5729.0889   0.00011090128
       5729.9890   0.00011090852
       5730.8891   0.00011091576
       5731.7898   0.00011092294
       5732.6899   0.00011093011
       5733.5901   0.00011093729
       5734.4902   0.00011094441
       5735.3903   0.00011095152
       5736.2910   0.00011095864
       5737.1911   0.00011096572
       5737.4940   0.00011096810
       5738.0913   0.00011097279
       5738.2591   0.00011097410
       5738.9914   0.00011097985
       5739.0244   0.00011098011
       5739.7898   0.00011098611
       5739.8915   0.00011098690
       5740.5553   0.00011099209
       5740.7922   0.00011099394
       5741.3209   0.00011099807
       5741.6923   0.00011100097
       5742.0866   0.00011100405
       5742.5925   0.00011100800
       5742.8524   0.00011101003
       5743.4926   0.00011101503
       5743.6183   0.00011101601
       5744.3843   0.00011102199
       5744.3928   0.00011102206
       5745.1504   0.00011102797
       5745.2934   0.00011102909
       5745.9166   0.00011103397
       5746.1935   0.00011103614
       5746.6829   0.00011103997
       5747.0937   0.00011104319
       5747.4493   0.00011104598
       5747.9938   0.00011105024
       5748.2158   0.00011105198
       5748.8940   0.00011105734
       5748.9824   0.00011105804
       5749.7491   0.00011106410
       5749.7946   0.00011106446
       5750.5160   0.00011107016
       5750.6947   0.00011107157
       5751.2829   0.00011107624
       5751.5949   0.00011107874
       5752.0499   0.00011108239
       5752.4950   0.00011108596
       5752.8170   0.00011108854
       5753.3952   0.00011109318
       5753.5843   0.00011109469
       5754.2958   0.00011110046
       5754.3516   0.00011110091
       5755.1190   0.00011110721
       5755.1959   0.00011110784
       5755.8866   0.00011111350
       5756.0961   0.00011111522
       5756.6542   0.00011111979
       5756.9962   0.00011112263
       5757.4219   0.00011112623
       5757.8964   0.00011113024
       5758.1898   0.00011113271
       5758.7970   0.00011113784
       5758.9577   0.00011113920
       5759.6971   0.00011114545
       5759.7258   0.00011114569
       5760.4939   0.00011115244
       5760.5973   0.00011115334
       5761.2622   0.00011115919
       5761.4974   0.00011116125
       5762.0305   0.00011116594
       5762.3976   0.00011116917
       5762.7990   0.00011117277
       5763.2982   0.00011117738
       5763.5675   0.00011117987
       5764.1983   0.00011118570
       5764.3362   0.00011118697
       5765.0985   0.00011119401
       5765.1049   0.00011119407
       5765.8738   0.00011120139
       5765.9986   0.00011120261
       5766.6428   0.00011120894
       5766.8988   0.00011121145
       5767.4118   0.00011121649
       5767.7994   0.00011122029
       5768.1810   0.00011122404
       5768.6995   0.00011122935
       5768.9503   0.00011123200
       5769.5997   0.00011123884
       5769.7197   0.00011124011
       5770.4892   0.00011124822
       5770.4998   0.00011124833
       5771.2587   0.00011125633
       5771.4000   0.00011125793
       5772.0284   0.00011126511
       5772.3006   0.00011126822
       5772.7982   0.00011127390
       5773.2008   0.00011127850
       5773.5681   0.00011128270
       5774.1009   0.00011128879
       5774.3381   0.00011129168
       5775.0010   0.00011129995
       5775.1082   0.00011130129
       5775.9012   0.00011131119
       5776.8018   0.00011132243
       5777.7020   0.00011133447
       5778.6021   0.00011134683
       5779.5022   0.00011135918
       5780.4024   0.00011137220
       5781.3030   0.00011138586
       5782.2032   0.00011139951
       5783.1033   0.00011141361
       5784.0034   0.00011142873
       5784.9036   0.00011144386
       5785.8042   0.00011145914
       5786.7044   0.00011147591
       5787.6045   0.00011149268
       5788.5047   0.00011150944
       5789.4048   0.00011152778
       5790.3054   0.00011154635
       5791.2056   0.00011156491
       5792.1057   0.00011158473
       5793.0059   0.00011160520
       5793.9060   0.00011162566
       5794.8066   0.00011164702
       5795.7068   0.00011166945
       5796.6069   0.00011169189
       5797.5071   0.00011171478
       5798.4072   0.00011173918
       5799.3078   0.00011176359
       5800.2080   0.00011178802
       5801.1081   0.00011181430
       5802.0083   0.00011184059
       5802.9084   0.00011186687
       5803.8090   0.00011189450
       5804.7092   0.00011192247
       5805.6093   0.00011195044
       5806.5095   0.00011197919
       5807.4096   0.00011200853
       5808.3102   0.00011203789
       5809.2104   0.00011206755
       5810.1105   0.00011209782
       5811.0107   0.00011212809
       5811.9108   0.00011215840
       5812.8114   0.00011218902
       5813.7116   0.00011221963
       5814.6117   0.00011225024
       5815.5119   0.00011228050
       5816.4120   0.00011231072
       5817.3127   0.00011234096
       5818.2128   0.00011237035
       5819.1129   0.00011239933
       5820.0131   0.00011242830
       5820.9132   0.00011245633
       5821.8139   0.00011248312
       5822.7140   0.00011250988
       5823.6141   0.00011253602
       5824.5143   0.00011255955
       5825.4144   0.00011258309
       5826.3151   0.00011260663
       5827.2152   0.00011262604
       5828.1153   0.00011264528
       5829.0155   0.00011266453
       5829.9156   0.00011267993
       5830.8163   0.00011269387
       5831.7164   0.00011270780
       5832.6166   0.00011271870
       5833.5167   0.00011272641
       5834.4168   0.00011273412
       5835.3175   0.00011274011
       5836.2176   0.00011274085
       5837.1178   0.00011274159
       5838.0179   0.00011274228
       5838.9180   0.00011273555
       5839.8187   0.00011272882
       5840.7188   0.00011272209
       5841.6190   0.00011270950
       5842.5191   0.00011269512
       5843.4192   0.00011268073
       5844.3199   0.00011266244
       5845.2200   0.00011264057
       5846.1202   0.00011261869
       5847.0203   0.00011259492
       5847.9205   0.00011256612
       5848.8211   0.00011253731
       5849.7212   0.00011250835
       5850.6214   0.00011247359
       5851.5215   0.00011243884
       5852.4217   0.00011240408
       5853.3223   0.00011236572
       5854.2224   0.00011232636
       5855.1226   0.00011228699
       5856.0227   0.00011224609
       5856.9229   0.00011220380
       5857.8235   0.00011216150
       5858.1046   0.00011214829
       5858.7236   0.00011211894
       5858.8859   0.00011211114
       5859.6238   0.00011207568
       5859.6673   0.00011207359
       5860.4487   0.00011203603
       5860.5239   0.00011203241
       5861.2303   0.00011199846
       5861.4241   0.00011198917
       5862.0120   0.00011196164
       5862.3247   0.00011194700
       5862.7938   0.00011192504
       5863.2248   0.00011190486
       5863.5757   0.00011188843
       5864.1250   0.00011186271
       5864.3577   0.00011185190
       5865.0251   0.00011182307
       5865.1398   0.00011181811
       5865.9220   0.00011178432
       5865.9253   0.00011178418
       5866.7043   0.00011175052
       5866.8259   0.00011174527
       5867.4867   0.00011171801
       5867.7260   0.00011170908
       5868.2692   0.00011168881
       5868.6262   0.00011167549
       5869.0518   0.00011165961
       5869.5263   0.00011164191
       5869.8346   0.00011163040
       5870.4265   0.00011161010
       5870.6174   0.00011160448
       5871.3271   0.00011158362
       5871.4003   0.00011158147
       5872.1834   0.00011155844
       5872.2273   0.00011155715
       5872.9665   0.00011153542
       5873.1274   0.00011153069
       5873.7498   0.00011151825
       5874.0275   0.00011151274
       5874.5331   0.00011150271
       5874.9277   0.00011149488
       5875.3166   0.00011148716
       5875.8283   0.00011147701
       5876.1001   0.00011147190
       5876.7285   0.00011146617
       5876.8838   0.00011146475
       5877.6286   0.00011145795
       5877.6676   0.00011145759
       5878.4514   0.00011145044
       5878.5287   0.00011144973
       5879.2354   0.00011144582
       5879.4289   0.00011144624
       5880.0195   0.00011144753
       5880.3295   0.00011144820
       5880.8037   0.00011144924
       5881.2297   0.00011145017
       5881.5880   0.00011145095
       5882.1298   0.00011145416
       5882.3724   0.00011145743
       5883.0300   0.00011146629
       5883.1569   0.00011146800
       5883.9301   0.00011147843
       5883.9415   0.00011147858
       5884.7262   0.00011148916
       5884.8307   0.00011149057
       5885.5110   0.00011150637
       5885.7309   0.00011151169
       5886.2959   0.00011152535
       5886.6310   0.00011153345
       5887.0810   0.00011154433
       5887.5312   0.00011155522
       5887.8661   0.00011156362
       5888.4313   0.00011158269
       5888.6513   0.00011159011
       5889.3319   0.00011161306
       5889.4367   0.00011161659
       5890.2221   0.00011164308
       5890.2321   0.00011164342
       5891.0077   0.00011167140
       5891.1322   0.00011167658
       5891.7933   0.00011170412
       5892.0324   0.00011171408
       5892.5791   0.00011173685
       5892.9325   0.00011175157
       5893.3649   0.00011176958
       5893.8331   0.00011178973
       5894.1509   0.00011180486
       5894.7333   0.00011183259
       5894.9370   0.00011184228
       5895.6334   0.00011187543
       5895.7232   0.00011187971
       5896.5094   0.00011191714
       5896.5336   0.00011191829
       5897.4337   0.00011196400
       5898.3343   0.00011201026
       5899.2345   0.00011205650
       5900.1346   0.00011210350
       5901.0348   0.00011215108
       5901.9349   0.00011219865
       5902.8355   0.00011224606
       5903.7357   0.00011229299
       5904.6358   0.00011233991
       5905.5360   0.00011238680
       5906.4361   0.00011243125
       5907.3368   0.00011247573
       5908.2369   0.00011252019
       5909.1370   0.00011256166
       5910.0372   0.00011260209
       5910.9373   0.00011264251
       5911.8380   0.00011268055
       5912.7381   0.00011271571
       5913.6382   0.00011275086
       5914.5384   0.00011278496
       5915.4385   0.00011281398
       5916.3392   0.00011284302
       5917.2393   0.00011287203
       5918.1394   0.00011289517
       5919.0396   0.00011291756
       5919.9397   0.00011293996
       5920.8404   0.00011295830
       5921.7405   0.00011297394
       5922.6407   0.00011298958
       5923.5408   0.00011300317
       5924.4409   0.00011301226
       5925.3416   0.00011302135
       5926.2417   0.00011303030
       5927.1419   0.00011303331
       5928.0420   0.00011303632
       5928.9421   0.00011303933
       5929.8428   0.00011303839
       5930.7429   0.00011303600
       5931.6431   0.00011303362
       5932.5432   0.00011302923
       5933.4434   0.00011302228
       5934.3440   0.00011301533
       5935.2441   0.00011300785
       5936.1443   0.00011299724
       5937.0444   0.00011298663
       5937.9446   0.00011297602
       5938.8452   0.00011296309
       5939.7453   0.00011294975
       5940.6455   0.00011293641
       5941.5456   0.00011292205
       5942.4458   0.00011290687
       5943.3464   0.00011289168
       5944.2465   0.00011287624
       5945.1467   0.00011286004
       5946.0468   0.00011284384
       5946.9470   0.00011282763
       5947.8476   0.00011281114
       5948.7477   0.00011279463
       5949.6479   0.00011277812
       5950.5480   0.00011276181
       5951.4482   0.00011274560
       5952.3488   0.00011272939
       5953.2489   0.00011271344
       5954.1491   0.00011269801
       5955.0492   0.00011268257
       5955.9494   0.00011266718
       5956.8500   0.00011265286
       5957.7502   0.00011263855
       5958.6503   0.00011262424
       5959.5504   0.00011261092
       5960.4506   0.00011259797
       5961.3512   0.00011258502
       5962.2514   0.00011257270
       5963.1515   0.00011256125
       5964.0516   0.00011254981
       5964.9518   0.00011253852
       5965.8524   0.00011252862
       5966.7526   0.00011251873
       5967.6527   0.00011250883
       5968.5529   0.00011250016
       5969.4530   0.00011249180
       5970.3536   0.00011248343
       5971.2538   0.00011247578
       5972.1539   0.00011246889
       5973.0541   0.00011246199
       5973.9542   0.00011245532
       5974.8548   0.00011244979
       5975.7550   0.00011244425
       5976.6551   0.00011243872
       5977.5553   0.00011243423
       5978.4554   0.00011242994
       5979.3560   0.00011242564
       5980.2562   0.00011242191
       5981.1563   0.00011241871
       5982.0565   0.00011241550
       5982.9566   0.00011241249
       5983.8572   0.00011241024
       5984.7574   0.00011240799
       5985.6575   0.00011240573
       5986.5577   0.00011240420
       5987.4578   0.00011240276
       5988.3585   0.00011240131
       5989.2586   0.00011240025
       5990.1587   0.00011239950
       5991.0589   0.00011239874
       5991.9590   0.00011239811
       5992.8597   0.00011239791
       5993.7598   0.00011239772
       5994.6599   0.00011239753
       5995.5601   0.00011239775
       5996.4602   0.00011239801
       5997.3609   0.00011239828
       5998.2610   0.00011239875
       5999.1612   0.00011239938
       6000.0613   0.00011240001
       6000.9614   0.00011240071
       6001.8621   0.00011240162
       6002.7622   0.00011240253
       6003.6624   0.00011240343
       6004.5625   0.00011240453
       6005.4626   0.00011240565
       6006.3633   0.00011240677
       6007.2634   0.00011240798
       6008.1636   0.00011240925
       6009.0637   0.00011241053
       6009.9639   0.00011241183
       6010.8645   0.00011241322
       6011.7646   0.00011241460
       6012.6648   0.00011241599
       6013.5649   0.00011241745
       6014.4651   0.00011241892
       6015.3657   0.00011242039
       6016.2658   0.00011242188
       6017.1660   0.00011242340
       6018.0661   0.00011242491
       6018.9663   0.00011242644
       6019.8669   0.00011242798
       6020.7670   0.00011242952
       6021.6672   0.00011243107
       6022.5673   0.00011243262
       6023.4675   0.00011243417
       6024.3681   0.00011243572
       6025.2682   0.00011243727
       6026.1684   0.00011243882
       6027.0685   0.00011244036
       6027.9687   0.00011244191
       6028.8693   0.00011244344
       6029.7695   0.00011244498
       6030.6696   0.00011244651
       6031.5697   0.00011244803
       6032.4699   0.00011244954
       6033.3705   0.00011245106
       6034.2707   0.00011245256
       6035.1708   0.00011245405
       6036.0709   0.00011245555
       6036.9711   0.00011245704
       6037.8717   0.00011245851
       6038.7719   0.00011245998
       6039.6720   0.00011246145
       6040.5722   0.00011246290
       6041.4723   0.00011246435
       6042.3729   0.00011246580
       6043.2731   0.00011246724
       6044.1732   0.00011246867
       6045.0734   0.00011247010
       6045.9735   0.00011247152
       6046.8741   0.00011247293
       6047.7743   0.00011247434
       6048.6744   0.00011247575
       6049.5746   0.00011247715
       6050.4747   0.00011247855
       6051.3753   0.00011247994
       6052.2755   0.00011248133
       6053.1756   0.00011248271
       6054.0758   0.00011248409
       6054.9759   0.00011248548
       6055.8765   0.00011248685
       6056.7767   0.00011248822
       6057.6768   0.00011248959
       6058.5770   0.00011249096
       6059.4771   0.00011249232
       6060.3778   0.00011249368
       6061.2779   0.00011249505
       6062.1780   0.00011249640
       6063.0782   0.00011249776
       6063.9783   0.00011249911
       6064.8790   0.00011250046
       6065.7791   0.00011250181
       6066.6792   0.00011250316
       6067.5794   0.00011250451
       6068.4795   0.00011250585
       6069.3802   0.00011250719
       6070.2803   0.00011250854
       6071.1805   0.00011250987
       6072.0806   0.00011251120
       6072.9807   0.00011251254
       6073.8814   0.00011251387
       6074.7815   0.00011251519
       6075.6817   0.00011251652
       6076.5818   0.00011251784
       6077.4819   0.00011251915
       6078.3826   0.00011252046
       6079.2827   0.00011252177
       6080.1829   0.00011252307
       6081.0830   0.00011252437
       6081.9832   0.00011252566
       6082.8838   0.00011252695
       6083.7839   0.00011252823
       6084.6841   0.00011252951
       6085.5842   0.00011253078
       6086.4844   0.00011253203
       6087.3850   0.00011253329
       6088.2851   0.00011253454
       6089.1853   0.00011253577
       6090.0854   0.00011253700
       6090.9856   0.00011253823
       6091.8862   0.00011253945
       6092.7863   0.00011254064
       6093.6865   0.00011254184
       6094.5866   0.00011254303
       6095.4868   0.00011254420
       6096.3874   0.00011254536
       6097.2875   0.00011254652
       6098.1877   0.00011254766
       6099.0878   0.00011254878
       6099.9880   0.00011254991
       6100.8886   0.00011255102
       6101.7888   0.00011255210
       6102.6889   0.00011255318
       6103.5890   0.00011255426
       6104.4892   0.00011255530
       6105.3898   0.00011255634
       6106.2900   0.00011255737
       6107.1901   0.00011255838
       6108.0902   0.00011255937
       6108.9904   0.00011256036
       6109.8910   0.00011256133
       6110.7912   0.00011256227
       6111.6913   0.00011256320
       6112.5915   0.00011256414
       6113.4916   0.00011256503
       6114.3922   0.00011256591
       6115.2924   0.00011256679
       6116.1925   0.00011256764
       6117.0927   0.00011256847
       6117.9928   0.00011256929
       6118.8934   0.00011257011
       6119.7936   0.00011257087
       6120.6937   0.00011257164
       6121.5939   0.00011257240
       6122.4940   0.00011257312
       6123.3946   0.00011257383
       6124.2948   0.00011257453
       6125.1949   0.00011257521
       6126.0951   0.00011257585
       6126.9952   0.00011257649
       6127.8959   0.00011257713
       6128.7960   0.00011257772
       6129.6961   0.00011257829
       6130.5963   0.00011257887
       6131.4964   0.00011257942
       6132.3971   0.00011257993
       6133.2972   0.00011258044
       6134.1973   0.00011258096
       6135.0975   0.00011258141
       6135.9976   0.00011258185
       6136.8983   0.00011258230
       6137.7984   0.00011258271
       6138.6986   0.00011258310
       6139.5987   0.00011258349
       6140.4988   0.00011258386
       6141.3995   0.00011258419
       6142.2996   0.00011258452
       6143.1998   0.00011258484
       6144.0999   0.00011258512
       6145.0000   0.00011258539
       6145.9007   0.00011258566
       6146.8008   0.00011258591
       6147.7010   0.00011258612
       6148.6011   0.00011258634
       6149.5013   0.00011258655
       6150.4019   0.00011258672
       6151.3020   0.00011258688
       6152.2022   0.00011258705
       6153.1023   0.00011258718
       6154.0025   0.00011258730
       6154.9031   0.00011258742
       6155.8032   0.00011258753
       6156.7034   0.00011258761
       6157.6035   0.00011258769
       6158.5037   0.00011258777
       6159.4043   0.00011258782
       6160.3044   0.00011258786
       6161.2046   0.00011258791
       6162.1047   0.00011258795
       6163.0049   0.00011258796
       6163.9055   0.00011258798
       6164.8057   0.00011258800
       6165.7058   0.00011258800
       6166.6059   0.00011258800
       6167.5061   0.00011258800
       6168.4067   0.00011258800
       6169.3069   0.00011258799
       6170.2070   0.00011258798
       6171.1071   0.00011258797
       6172.0073   0.00011258796
       6172.9079   0.00011258795
       6173.8081   0.00011258794
       6174.7082   0.00011258793
       6175.6084   0.00011258793
       6176.5085   0.00011258793
       6177.4091   0.00011258794
       6178.3093   0.00011258796
       6179.2094   0.00011258798
       6180.1096   0.00011258800
       6181.0097   0.00011258805
       6181.9103   0.00011258811
       6182.8105   0.00011258817
       6183.7106   0.00011258824
       6184.6108   0.00011258835
       6185.5109   0.00011258845
       6186.4115   0.00011258856
       6187.3117   0.00011258872
       6188.2118   0.00011258890
       6189.1120   0.00011258907
       6190.0121   0.00011258928
       6190.9128   0.00011258954
       6191.8129   0.00011258980
       6192.7130   0.00011259005
       6193.6132   0.00011259042
       6194.5133   0.00011259078
       6195.4140   0.00011259114
       6196.3141   0.00011259158
       6197.2142   0.00011259207
       6198.1144   0.00011259256
       6199.0145   0.00011259307
       6199.9152   0.00011259372
       6200.8153   0.00011259437
       6201.7155   0.00011259502
       6202.6156   0.00011259579
       6203.5157   0.00011259662
       6204.4164   0.00011259745
       6205.3165   0.00011259833
       6206.2167   0.00011259938
       6207.1168   0.00011260043
       6208.0170   0.00011260148
       6208.9176   0.00011260273
       6209.8177   0.00011260403
       6210.7179   0.00011260533
       6211.6180   0.00011260672
       6212.5182   0.00011260831
       6213.4188   0.00011260990
       6214.3189   0.00011261149
       6215.2191   0.00011261336
       6216.1192   0.00011261528
       6217.0194   0.00011261719
       6217.9200   0.00011261926
       6218.8201   0.00011262153
       6219.7203   0.00011262381
       6220.6204   0.00011262608
       6221.5206   0.00011262874
       6222.4212   0.00011263142
       6223.3213   0.00011263409
       6224.2215   0.00011263698
       6225.1216   0.00011264009
       6226.0218   0.00011264319
       6226.9224   0.00011264632
       6227.8226   0.00011264988
       6228.7227   0.00011265344
       6229.6228   0.00011265700
       6230.5230   0.00011266085
       6231.4236   0.00011266489
       6232.3238   0.00011266893
       6233.2239   0.00011267304
       6234.1241   0.00011267757
       6235.0242   0.00011268210
       6235.9248   0.00011268663
       6236.8250   0.00011269149
       6237.7251   0.00011269651
       6238.6253   0.00011270152
       6239.5254   0.00011270664
       6240.4260   0.00011271214
       6241.3262   0.00011271763
       6242.2263   0.00011272313
       6243.1265   0.00011272896
       6244.0266   0.00011273490
       6244.9272   0.00011274084
       6245.8274   0.00011274690
       6246.7275   0.00011275324
       6247.6277   0.00011275959
       6248.5278   0.00011276594
       6249.4285   0.00011277256
       6250.3286   0.00011277925
       6251.2287   0.00011278593
       6252.1289   0.00011279271
       6253.0290   0.00011279966
       6253.9297   0.00011280661
       6254.8298   0.00011281356
       6255.7299   0.00011282066
       6256.6301   0.00011282777
       6257.5302   0.00011283489
       6258.4309   0.00011284203
       6259.3310   0.00011284920
       6260.2312   0.00011285637
       6261.1313   0.00011286354
       6262.0314   0.00011287065
       6262.9321   0.00011287775
       6263.8322   0.00011288486
       6264.7324   0.00011289187
       6265.6325   0.00011289877
       6266.5327   0.00011290567
       6267.4333   0.00011291257
       6268.3334   0.00011291913
       6269.2336   0.00011292569
       6270.1337   0.00011293224
       6271.0339   0.00011293856
       6271.9345   0.00011294463
       6272.8346   0.00011295069
       6273.7348   0.00011295676
       6274.6349   0.00011296219
       6275.5351   0.00011296762
       6276.4357   0.00011297306
       6277.3358   0.00011297810
       6278.2360   0.00011298277
       6279.1361   0.00011298744
       6280.0363   0.00011299208
       6280.9369   0.00011299586
       6281.2622   0.00011299722
       6281.8371   0.00011299964
       6282.0999   0.00011300074
       6282.7372   0.00011300341
       6282.9377   0.00011300425
       6283.6373   0.00011300665
       6283.7756   0.00011300708
       6284.5375   0.00011300943
       6284.6136   0.00011300967
       6285.4381   0.00011301221
       6285.4517   0.00011301225
       6286.2900   0.00011301484
       6286.3383   0.00011301494
       6287.1283   0.00011301642
       6287.2384   0.00011301663
       6287.9668   0.00011301800
       6288.1385   0.00011301832
       6288.8054   0.00011301958
       6289.0387   0.00011302002
       6289.6441   0.00011302089
       6289.9393   0.00011302107
       6290.4829   0.00011302139
       6290.8395   0.00011302161
       6291.3218   0.00011302189
       6291.7396   0.00011302215
       6292.1609   0.00011302240
       6292.6398   0.00011302261
       6293.0000   0.00011302235
       6293.5399   0.00011302196
       6293.8393   0.00011302174
       6294.4405   0.00011302130
       6294.6786   0.00011302113
       6295.3407   0.00011302065
       6295.5181   0.00011302052
       6296.2408   0.00011301931
       6296.3577   0.00011301906
       6297.1410   0.00011301744
       6297.1974   0.00011301733
       6298.0372   0.00011301559
       6298.0411   0.00011301558
       6298.8771   0.00011301385
       6298.9417   0.00011301363
       6299.7172   0.00011301100
       6299.8419   0.00011301057
       6300.5573   0.00011300814
       6300.7420   0.00011300751
       6301.3976   0.00011300528
       6301.6422   0.00011300445
       6302.2380   0.00011300216
       6302.5423   0.00011300073
       6303.0785   0.00011299822
       6303.4429   0.00011299651
       6303.9191   0.00011299428
       6304.3431   0.00011299229
       6304.7598   0.00011299033
       6305.2432   0.00011298799
       6305.6006   0.00011298588
       6306.1434   0.00011298267
       6306.4415   0.00011298091
       6307.0435   0.00011297735
       6307.2826   0.00011297594
       6307.9442   0.00011297203
       6308.1237   0.00011297097
       6308.8443   0.00011296613
       6308.9650   0.00011296528
       6309.7444   0.00011295979
       6309.8064   0.00011295935
       6310.6446   0.00011295345
       6310.6479   0.00011295343
       6311.4895   0.00011294749
       6311.5447   0.00011294705
       6312.3312   0.00011294071
       6312.4454   0.00011293979
       6313.1731   0.00011293392
       6313.3455   0.00011293253
       6314.0150   0.00011292713
       6314.2457   0.00011292527
       6314.8571   0.00011292014
       6315.1458   0.00011291755
       6315.6992   0.00011291259
       6316.0459   0.00011290949
       6316.5415   0.00011290504
       6316.9466   0.00011290141
       6317.3839   0.00011289749
       6317.8467   0.00011289331
       6318.2264   0.00011288961
       6318.7469   0.00011288455
       6319.0690   0.00011288142
       6319.6470   0.00011287579
       6319.9118   0.00011287322
       6320.5471   0.00011286704
       6320.7546   0.00011286502
       6321.4478   0.00011285797
       6321.5976   0.00011285641
       6322.3479   0.00011284865
       6322.4406   0.00011284769
       6323.2481   0.00011283932
       6323.2838   0.00011283895
       6324.1271   0.00011283022
       6324.1482   0.00011282999
       6324.9705   0.00011282107
       6325.0484   0.00011282023
       6325.8140   0.00011281193
       6325.9490   0.00011281046
       6326.6577   0.00011280278
       6326.8491   0.00011280071
       6327.5014   0.00011279356
       6327.7493   0.00011279078
       6328.3453   0.00011278411
       6328.6494   0.00011278071
       6329.1892   0.00011277466
       6329.5496   0.00011277063
       6330.0333   0.00011276522
       6330.4502   0.00011276055
       6330.8775   0.00011275567
       6331.3503   0.00011275027
       6331.7218   0.00011274603
       6332.2505   0.00011273999
       6332.5662   0.00011273639
       6333.1506   0.00011272972
       6333.4108   0.00011272675
       6334.0508   0.00011271939
       6334.2554   0.00011271704
       6334.9514   0.00011270902
       6335.8515   0.00011269864
       6336.7517   0.00011268827
       6337.6518   0.00011267790
       6338.5520   0.00011266752
       6339.4526   0.00011265714
       6340.3528   0.00011264680
       6341.2529   0.00011263650
       6342.1530   0.00011262620
       6343.0532   0.00011261591
       6343.9538   0.00011260574
       6344.3999   0.00011260070
       6344.8540   0.00011259558
       6345.2461   0.00011259116
       6345.7541   0.00011258543
       6346.0923   0.00011258161
       6346.6543   0.00011257535
       6346.9386   0.00011257221
       6347.5544   0.00011256539
       6347.7851   0.00011256284
       6348.4550   0.00011255543
       6348.6316   0.00011255348
       6349.3552   0.00011254547
       6349.4783   0.00011254411
       6350.2553   0.00011253572
       6350.3251   0.00011253496
       6351.1555   0.00011252599
       6351.1720   0.00011252581
       6352.0190   0.00011251666
       6352.0556   0.00011251627
       6352.8661   0.00011250758
       6352.9562   0.00011250663
       6353.7134   0.00011249867
       6353.8564   0.00011249717
       6354.5607   0.00011248976
       6354.7565   0.00011248770
       6355.4082   0.00011248085
       6355.6567   0.00011247824
       6356.2558   0.00011247208
       6356.5568   0.00011246901
       6357.1034   0.00011246343
       6357.4574   0.00011245981
       6357.9513   0.00011245477
       6358.3576   0.00011245063
       6358.7992   0.00011244612
       6359.2577   0.00011244153
       6359.6472   0.00011243768
       6360.1579   0.00011243263
       6360.4953   0.00011242929
       6361.0580   0.00011242373
       6361.3436   0.00011242091
       6361.9587   0.00011241483
       6362.1920   0.00011241253
       6362.8588   0.00011240616
       6363.0404   0.00011240442
       6363.7589   0.00011239755
       6363.8890   0.00011239631
       6364.6591   0.00011238895
       6364.7378   0.00011238820
       6365.5592   0.00011238042
       6365.5866   0.00011238016
       6366.4355   0.00011237233
       6366.4599   0.00011237211
       6367.2846   0.00011236450
       6367.3600   0.00011236380
       6368.1337   0.00011235666
       6368.2602   0.00011235550
       6368.9830   0.00011234898
       6369.1603   0.00011234741
       6369.8324   0.00011234144
       6370.0604   0.00011233941
       6370.6819   0.00011233389
       6370.9611   0.00011233141
       6371.5315   0.00011232634
       6371.8612   0.00011232347
       6372.3812   0.00011231903
       6372.7614   0.00011231579
       6373.2311   0.00011231179
       6373.6615   0.00011230812
       6374.0810   0.00011230455
       6374.5616   0.00011230045
       6374.9311   0.00011229731
       6375.4623   0.00011229300
       6375.7813   0.00011229040
       6376.3624   0.00011228568
       6376.6316   0.00011228349
       6377.2626   0.00011227837
       6377.4820   0.00011227658
       6378.1627   0.00011227108
       6378.3325   0.00011226978
       6379.0629   0.00011226417
       6379.1831   0.00011226325
       6379.9635   0.00011225726
       6380.0339   0.00011225672
       6380.8636   0.00011225035
       6380.8847   0.00011225019
       6381.7357   0.00011224391
       6381.7638   0.00011224371
       6382.5868   0.00011223783
       6382.6639   0.00011223728
       6383.4380   0.00011223176
       6383.5641   0.00011223086
       6384.2893   0.00011222568
       6384.4647   0.00011222443
       6385.1407   0.00011222006
       6385.3648   0.00011221861
       6385.9923   0.00011221455
       6386.2650   0.00011221279
       6387.1651   0.00011220696
       6388.0653   0.00011220149
       6388.9659   0.00011219643
       6389.8660   0.00011219138
       6390.7662   0.00011218632
       6391.6663   0.00011218217
       6392.5665   0.00011217812
       6393.4671   0.00011217406
       6394.3673   0.00011217047
       6395.2674   0.00011216773
       6396.1675   0.00011216499
       6397.0677   0.00011216226
       6397.9683   0.00011216091
       6398.8685   0.00011215991
       6399.7686   0.00011215892
       6400.6688   0.00011215849
       6401.5689   0.00011215980
       6402.4695   0.00011216111
       6403.3697   0.00011216242
       6404.2698   0.00011216585
       6405.1700   0.00011217021
       6406.0701   0.00011217457
       6406.9707   0.00011217949
       6407.8709   0.00011218787
       6408.7710   0.00011219625
       6409.6712   0.00011220463
       6410.5713   0.00011221608
       6411.4719   0.00011222975
       6412.3721   0.00011224341
       6413.2722   0.00011225722
       6414.1724   0.00011227778
       6415.0725   0.00011229835
       6415.9732   0.00011231892
       6416.8733   0.00011234360
       6417.7734   0.00011237314
       6418.6736   0.00011240269
       6419.5737   0.00011243223
       6420.4744   0.00011247218
       6421.3745   0.00011251332
       6422.2747   0.00011255448
       6423.1748   0.00011260052
       6424.0749   0.00011265657
       6424.9756   0.00011271266
       6425.8757   0.00011276871
       6426.7759   0.00011283925
       6427.6760   0.00011291431
       6428.5762   0.00011298938
       6429.4768   0.00011306913
       6430.3769   0.00011316828
       6431.2771   0.00011326744
       6432.1772   0.00011336659
       6433.0774   0.00011348457
       6433.9780   0.00011361408
       6434.8781   0.00011374352
       6435.7783   0.00011387482
       6436.6784   0.00011404207
       6437.5786   0.00011420933
       6438.4792   0.00011437667
       6439.3793   0.00011456614
       6440.2795   0.00011478023
       6441.1796   0.00011499430
       6442.0798   0.00011520840
       6442.9804   0.00011547427
       6443.8806   0.00011574590
       6444.7807   0.00011601749
       6445.6808   0.00011631151
       6446.5810   0.00011665323
       6447.4816   0.00011699509
       6448.3818   0.00011733681
       6449.2819   0.00011774116
       6450.1821   0.00011816755
       6451.0822   0.00011859388
       6451.9828   0.00011903656
       6452.8830   0.00011956432
       6453.7831   0.00012009202
       6454.6833   0.00012061978
       6455.5834   0.00012121665
       6456.4840   0.00012186498
       6457.3842   0.00012251302
       6458.2843   0.00012316099
       6459.1845   0.00012394903
       6460.0846   0.00012473837
       6460.9852   0.00012552816
       6461.8854   0.00012638398
       6462.7855   0.00012733792
       6463.6857   0.00012829197
       6464.5858   0.00012924590
       6465.4865   0.00013035506
       6466.3866   0.00013149871
       6467.2867   0.00013264236
       6468.1869   0.00013383458
       6469.0870   0.00013519467
       6469.9877   0.00013655567
       6470.8878   0.00013791576
       6471.7880   0.00013943031
       6472.6881   0.00014103472
       6473.5882   0.00014263912
       6474.4889   0.00014425483
       6475.3890   0.00014613197
       6476.2892   0.00014800932
       6477.1893   0.00014988646
       6478.0895   0.00015189661
       6478.9901   0.00015407593
       6479.8902   0.00015625404
       6480.7904   0.00015843239
       6481.6905   0.00016088731
       6482.5907   0.00016339382
       6483.4913   0.00016590145
       6484.3914   0.00016849391
       6485.2916   0.00017135364
       6486.1917   0.00017421306
       6487.0919   0.00017707279
       6487.9925   0.00018017491
       6488.8926   0.00018340931
       6489.7928   0.00018664407
       6490.6929   0.00018989393
       6491.5931   0.00019352107
       6492.4937   0.00019714982
       6493.3939   0.00020077696
       6494.2940   0.00020457927
       6495.1941   0.00020860996
       6496.0943   0.00021264109
       6496.9949   0.00021667402
       6497.8951   0.00022104351
       6498.7952   0.00022548277
       6499.6954   0.00022992253
       6500.5955   0.00023445054
       6501.4961   0.00023929751
       6502.3963   0.00024414233
       6503.2964   0.00024898662
       6504.1966   0.00025407025
       6505.0967   0.00025930671
       6505.9973   0.00026454608
       6506.8975   0.00026978312
       6507.7976   0.00027538758
       6508.6978   0.00028099381
       6509.5979   0.00028659943
       6510.4985   0.00029233657
       6511.3987   0.00029827814
       6512.2988   0.00030421905
       6513.1990   0.00031016062
       6514.0991   0.00031632411
       6514.9998   0.00032255941
       6515.8999   0.00032879056
       6516.8000   0.00033505666
       6517.7002   0.00034152251
       6518.6003   0.00034798764
       6519.5010   0.00035445707
       6520.4011   0.00036101069
       6521.3013   0.00036764344
       6522.2014   0.00037427546
       6523.1015   0.00038090747
       6524.0022   0.00038762553
       6524.9023   0.00039434731
       6525.8025   0.00040106984
       6526.7026   0.00040779272
       6527.6028   0.00041451908
       6528.0632   0.00041795893
       6528.5034   0.00042124843
       6528.9338   0.00042446411
       6529.4035   0.00042797404
       6529.8045   0.00043096066
       6530.3037   0.00043464136
       6530.6753   0.00043738117
       6531.2038   0.00044127766
       6531.5463   0.00044380254
       6532.1040   0.00044791470
       6532.4173   0.00045022477
       6533.0046   0.00045454821
       6533.2885   0.00045658218
       6533.9047   0.00046099686
       6534.1598   0.00046282448
       6534.8049   0.00046744624
       6535.0312   0.00046906761
       6535.7050   0.00047389489
       6535.9027   0.00047531157
       6536.6052   0.00048022706
       6536.7744   0.00048138486
       6537.5058   0.00048639027
       6537.6461   0.00048735072
       6538.4059   0.00049255006
       6538.5180   0.00049331737
       6539.3061   0.00049871053
       6539.3900   0.00049928482
       6540.2062   0.00050456755
       6540.2621   0.00050492603
       6541.1064   0.00051033759
       6541.1344   0.00051051677
       6542.0067   0.00051610826
       6542.0070   0.00051611020
       6542.8792   0.00052164540
       6542.9072   0.00052180991
       6543.7517   0.00052676387
       6543.8073   0.00052708983
       6544.6244   0.00053188302
       6544.7074   0.00053236976
       6545.4972   0.00053700285
       6545.6076   0.00053765027
       6546.3702   0.00054191540
       6546.5082   0.00054263569
       6547.2432   0.00054647080
       6547.4084   0.00054733281
       6548.1164   0.00055102681
       6548.3085   0.00055202941
       6548.9896   0.00055558343
       6549.2087   0.00055672652
       6549.8630   0.00055973864
       6550.1088   0.00056083837
       6550.7365   0.00056364706
       6551.0094   0.00056486802
       6551.6101   0.00056755601
       6551.9096   0.00056889588
       6552.4839   0.00057146547
       6552.8097   0.00057274732
       6553.3577   0.00057474622
       6553.7099   0.00057603066
       6554.2317   0.00057793390
       6554.6100   0.00057931363
       6555.1058   0.00058112200
       6555.5106   0.00058259843
       6555.9800   0.00058421482
       6556.4108   0.00058539995
       6556.8543   0.00058662013
       6557.3109   0.00058787617
       6557.7288   0.00058902575
       6558.2111   0.00059035266
       6558.6033   0.00059143170
       6559.1112   0.00059282888
       6559.4780   0.00059352782
       6560.0119   0.00059448996
       6560.3528   0.00059510427
       6560.9120   0.00059611202
       6561.2277   0.00059668093
       6561.8121   0.00059773408
       6562.1027   0.00059825780
       6562.7123   0.00059907945
       6562.9779   0.00059929687
       6563.6124   0.00059981638
       6563.8531   0.00060001346
       6564.5131   0.00060055380
       6564.7285   0.00060073014
       6565.4132   0.00060129073
       6565.6040   0.00060144692
       6566.3134   0.00060142725
       6566.4796   0.00060139739
       6567.2135   0.00060126549
       6567.3553   0.00060124001
       6568.1136   0.00060110374
       6568.2311   0.00060108262
       6569.0143   0.00060092251
       6569.1071   0.00060081363
       6569.9144   0.00059986638
       6569.9832   0.00059978569
       6570.8146   0.00059881012
       6570.8594   0.00059875760
       6571.7147   0.00059775398
       6571.7357   0.00059772938
       6572.6121   0.00059637850
       6572.6148   0.00059637269
       6573.4886   0.00059450046
       6573.5155   0.00059444288
       6574.3653   0.00059262217
       6574.4156   0.00059251436
       6575.2421   0.00059074362
       6575.3158   0.00059058562
       6576.1189   0.00058835234
       6576.2159   0.00058805484
       6576.9960   0.00058566126
       6577.1161   0.00058529259
       6577.8731   0.00058296982
       6578.0167   0.00058252912
       6578.7503   0.00058027802
       6578.9168   0.00057971218
       6579.6277   0.00057691581
       6579.8170   0.00057617108
       6580.5052   0.00057346410
       6580.7171   0.00057263038
       6581.3827   0.00057001194
       6581.6173   0.00056908928
       6582.2605   0.00056646637
       6582.5179   0.00056525054
       6583.1383   0.00056232066
       6583.4180   0.00056099965
       6584.0162   0.00055817441
       6584.3182   0.00055674828
       6584.8943   0.00055402760
       6585.2183   0.00055249739
       6585.7725   0.00054964320
       6586.1185   0.00054776685
       6586.6508   0.00054488069
       6587.0191   0.00054288338
       6587.5292   0.00054011754
       6587.9193   0.00053800209
       6588.4077   0.00053535376
       6588.8194   0.00053306555
       6589.2863   0.00053025328
       6589.7195   0.00052764455
       6590.1651   0.00052496078
       6590.6197   0.00052222294
       6591.0440   0.00051966758
       6591.5203   0.00051679893
       6591.9230   0.00051437366
       6592.4205   0.00051118014
       6592.8021   0.00050869361
       6593.3206   0.00050531508
       6593.6813   0.00050296452
       6594.2208   0.00049944937
       6594.5607   0.00049723467
       6595.1209   0.00049358431
       6595.4402   0.00049145692
       6596.0215   0.00048744665
       6596.3197   0.00048538934
       6596.9217   0.00048123685
       6597.1994   0.00047932094
       6597.8218   0.00047502774
       6598.0793   0.00047325174
       6598.7220   0.00046878891
       6598.9592   0.00046708867
       6599.6221   0.00046233680
       6599.8392   0.00046078026
       6600.5227   0.00045588111
       6600.7194   0.00045447101
       6601.4229   0.00044942829
       6601.5997   0.00044816092
       6602.3230   0.00044291092
       6602.4801   0.00044175967
       6603.2232   0.00043631453
       6603.3606   0.00043530747
       6604.1233   0.00042971888
       6604.2413   0.00042885442
       6605.0240   0.00042311883
       6605.1220   0.00042240050
       6605.9241   0.00041648526
       6606.0029   0.00041590359
       6606.8242   0.00040984150
       6606.8839   0.00040940086
       6607.7244   0.00040319699
       6608.6245   0.00039655812
       6609.5252   0.00038995110
       6610.4253   0.00038334848
       6611.3254   0.00037674585
       6612.2256   0.00037019745
       6613.1257   0.00036371728
       6614.0264   0.00035723278
       6614.9265   0.00035075261
       6615.8267   0.00034442270
       6616.7268   0.00033813692
       6617.6269   0.00033185113
       6618.5276   0.00032558746
       6619.4277   0.00031955765
       6620.3279   0.00031352717
       6621.2280   0.00030749736
       6622.1282   0.00030159766
       6623.0288   0.00029587131
       6623.9289   0.00029014814
       6624.8291   0.00028442433
       6625.7292   0.00027896039
       6626.6294   0.00027358281
       6627.5300   0.00026820284
       6628.4301   0.00026285184
       6629.3303   0.00025784910
       6630.2304   0.00025284692
       6631.1306   0.00024784418
       6632.0312   0.00024299174
       6632.9314   0.00023838203
       6633.8315   0.00023377284
       6634.7316   0.00022916364
       6635.6318   0.00022483678
       6636.5324   0.00022062676
       6637.4326   0.00021641860
       6638.3327   0.00021221871
       6639.2329   0.00020841195
       6640.1330   0.00020460561
       6641.0336   0.00020079715
       6641.9338   0.00019712132
       6642.8339   0.00019370860
       6643.7341   0.00019029550
       6644.6342   0.00018688278
       6645.5348   0.00018371257
       6646.4350   0.00018067906
       6647.3351   0.00017764589
       6648.2353   0.00017461238
       6649.1354   0.00017192262
       6650.0361   0.00016924804
       6650.9362   0.00016657525
       6651.8363   0.00016399034
       6652.7365   0.00016165462
       6653.6366   0.00015931917
       6654.5373   0.00015698216
       6655.4374   0.00015482317
       6656.3375   0.00015279931
       6657.2377   0.00015077523
       6658.1378   0.00014875136
       6658.1830   0.00014864981
       6659.0385   0.00014697353
       6659.0709   0.00014691087
       6659.9386   0.00014523388
       6659.9590   0.00014519448
       6660.8388   0.00014349405
       6660.8472   0.00014347787
       6661.7355   0.00014180407
       6661.7389   0.00014179843
       6662.6239   0.00014033983
       6662.6390   0.00014031495
       6663.5124   0.00013887540
       6663.5397   0.00013883048
       6664.4011   0.00013741078
       6664.4398   0.00013734700
       6665.2899   0.00013604102
       6665.3400   0.00013597113
       6666.1788   0.00013480141
       6666.2401   0.00013471590
       6667.0678   0.00013356164
       6667.1403   0.00013346053
       6667.9569   0.00013232170
       6668.0409   0.00013220461
       6668.8462   0.00013121539
       6668.9410   0.00013110436
       6669.7356   0.00013017387
       6669.8412   0.00013005015
       6670.6251   0.00012913220
       6670.7413   0.00012899607
       6671.5147   0.00012809040
       6671.6415   0.00012795354
       6672.4044   0.00012720877
       6672.5421   0.00012707433
       6673.2942   0.00012634007
       6673.4422   0.00012619562
       6674.1842   0.00012547125
       6674.3424   0.00012531681
       6675.0743   0.00012462869
       6675.2425   0.00012449276
       6675.9645   0.00012390931
       6676.1427   0.00012376529
       6676.8548   0.00012318982
       6677.0433   0.00012303750
       6677.7452   0.00012247024
       6677.9435   0.00012231003
       6678.6358   0.00012180528
       6678.8436   0.00012166720
       6679.5265   0.00012121343
       6679.7437   0.00012106909
       6680.4173   0.00012062149
       6680.6439   0.00012047090
       6681.3082   0.00012002948
       6681.5445   0.00011987246
       6682.1992   0.00011951092
       6682.4447   0.00011937762
       6683.0904   0.00011902700
       6683.3448   0.00011888885
       6683.9817   0.00011854302
       6684.2450   0.00011840002
       6684.8730   0.00011805898
       6685.1451   0.00011793265
       6685.7646   0.00011765932
       6686.0457   0.00011753527
       6686.6562   0.00011726590
       6686.9459   0.00011713806
       6687.5479   0.00011687242
       6687.8460   0.00011674090
       6688.4398   0.00011649262
       6688.7462   0.00011638331
       6689.3318   0.00011617439
       6689.6463   0.00011606218
       6690.2239   0.00011585612
       6690.5469   0.00011574088
       6691.1161   0.00011553781
       6691.4471   0.00011541972
       6692.0084   0.00011524635
       6692.3472   0.00011514903
       6692.9009   0.00011498996
       6693.2474   0.00011489042
       6693.7935   0.00011473355
       6694.1475   0.00011463185
       6694.6862   0.00011447709
       6695.0482   0.00011437769
       6695.5790   0.00011425527
       6695.9483   0.00011417011
       6696.4719   0.00011404935
       6696.8484   0.00011396253
       6697.3650   0.00011384339
       6697.7486   0.00011375493
       6698.2582   0.00011363741
       6698.6487   0.00011356265
       6699.1515   0.00011346974
       6699.5494   0.00011339619
       6700.0449   0.00011330463
       6700.4495   0.00011322985
       6700.9384   0.00011313949
       6701.3497   0.00011306348
       6701.8321   0.00011298052
       6702.2498   0.00011291867
       6702.7258   0.00011284818
       6703.1499   0.00011278539
       6703.6197   0.00011271582
       6704.0506   0.00011265202
       6704.5137   0.00011258345
       6704.9507   0.00011251874
       6705.4079   0.00011246255
       6705.8509   0.00011240991
       6706.3021   0.00011235629
       6706.7510   0.00011230295
       6707.1965   0.00011225002
       6707.6512   0.00011219598
       6708.0910   0.00011214373
       6708.5518   0.00011209323
       6708.9856   0.00011205172
       6709.4519   0.00011200708
       6709.8803   0.00011196608
       6710.3521   0.00011192092
       6710.7751   0.00011188043
       6711.2522   0.00011183477
       6711.6701   0.00011179477
       6712.1524   0.00011175644
       6712.5652   0.00011172442
       6713.0530   0.00011168659
       6713.4604   0.00011165500
       6713.9531   0.00011161679
       6714.3557   0.00011158556
       6714.8533   0.00011154697
       6715.2511   0.00011151859
       6715.7534   0.00011148676
       6716.1467   0.00011146184
       6716.6536   0.00011142972
       6717.0424   0.00011140509
       6717.5542   0.00011137266
       6717.9382   0.00011134832
       6718.4543   0.00011131584
       6718.8341   0.00011129597
       6719.3545   0.00011126874
       6719.7301   0.00011124909
       6720.2546   0.00011122165
       6720.6263   0.00011120221
       6721.1548   0.00011117456
       6721.5226   0.00011115532
       6722.0554   0.00011112969
       6722.4190   0.00011111379
       6722.9556   0.00011109032
       6723.3155   0.00011107458
       6723.8557   0.00011105096
       6724.2121   0.00011103537
       6724.7558   0.00011101160
       6725.1089   0.00011099616
       6725.6560   0.00011097557
       6726.0057   0.00011096260
       6726.5566   0.00011094218
       6726.9027   0.00011092935
       6727.4568   0.00011090881
       6727.7999   0.00011089610
       6728.3569   0.00011087545
       6728.6971   0.00011086377
       6729.2571   0.00011084592
       6729.5944   0.00011083517
       6730.1572   0.00011081723
       6730.4919   0.00011080656
       6731.0578   0.00011078852
       6731.3895   0.00011077794
       6731.9580   0.00011076013
       6732.2872   0.00011075098
       6732.8581   0.00011073510
       6733.1850   0.00011072601
       6733.7583   0.00011071006
       6734.0830   0.00011070103
       6734.6584   0.00011068503
       6734.9811   0.00011067606
       6735.5590   0.00011066098
       6735.8793   0.00011065311
       6736.4592   0.00011063884
       6736.7776   0.00011063101
       6737.3593   0.00011061670
       6737.6760   0.00011060890
       6738.2595   0.00011059455
       6738.5745   0.00011058680
       6739.1596   0.00011057380
       6739.4732   0.00011056689
       6740.0603   0.00011055395
       6740.3720   0.00011054708
       6740.9604   0.00011053411
       6741.2709   0.00011052727
       6741.8605   0.00011051427
       6742.1699   0.00011050783
       6742.7607   0.00011049604
       6743.0691   0.00011048988
       6743.6608   0.00011047806
       6743.9684   0.00011047192
       6744.5615   0.00011046007
       6744.8678   0.00011045395
       6745.4616   0.00011044227
       6745.7673   0.00011043669
       6746.3618   0.00011042582
       6746.6669   0.00011042024
       6747.2619   0.00011040937
       6747.5666   0.00011040380
       6748.1620   0.00011039291
       6748.4665   0.00011038735
       6749.0627   0.00011037692
       6749.3665   0.00011037180
       6749.9628   0.00011036174
       6750.2666   0.00011035661
       6750.8630   0.00011034655
       6751.1668   0.00011034142
       6751.7631   0.00011033137
       6752.0672   0.00011032624
       6752.6633   0.00011031684
       6752.9677   0.00011031207
       6753.5639   0.00011030272
       6753.8682   0.00011029794
       6754.4640   0.00011028860
       6754.7690   0.00011028382
       6755.3642   0.00011027448
       6756.2643   0.00011026116
       6757.1645   0.00011024795
       6758.0651   0.00011023473
       6758.9652   0.00011022162
       6759.8654   0.00011020919
       6760.7655   0.00011019677
       6761.6657   0.00011018434
       6762.5663   0.00011017216
       6763.4665   0.00011016041
       6764.3666   0.00011014866
       6765.2667   0.00011013692
       6766.1669   0.00011012553
       6767.0675   0.00011011437
       6767.9677   0.00011010321
       6768.8678   0.00011009205
       6769.7680   0.00011008133
       6770.6681   0.00011007069
       6771.5687   0.00011006004
       6772.4689   0.00011004943
       6773.3690   0.00011003923
       6774.2692   0.00011002903
       6775.1693   0.00011001884
       6776.0699   0.00011000876
       6776.9701   0.00010999895
       6777.8702   0.00010998914
       6778.7704   0.00010997932
       6779.6705   0.00010996970
       6780.5712   0.00010996022
       6781.4713   0.00010995074
       6782.3714   0.00010994126
       6783.2716   0.00010993201
       6784.1717   0.00010992282
       6785.0724   0.00010991362
       6785.9725   0.00010990444
       6786.8727   0.00010989549
       6787.7728   0.00010988654
       6788.6729   0.00010987759
       6789.5736   0.00010986870
       6790.4737   0.00010985995
       6791.3739   0.00010985121
       6792.2740   0.00010984247
       6793.1742   0.00010983381
       6794.0748   0.00010982524
       6794.9749   0.00010981667
       6795.8751   0.00010980810
       6796.7752   0.00010979964
       6797.6754   0.00010979122
       6798.5760   0.00010978279
       6799.4761   0.00010977436
       6800.3763   0.00010976605
       6801.2764   0.00010975775
       6802.1766   0.00010974944
       6803.0772   0.00010974115
       6803.9774   0.00010973294
       6804.8775   0.00010972473
       6805.7776   0.00010971653
       6806.6778   0.00010970835
       6807.5784   0.00010970021
       6808.4786   0.00010969208
       6809.3787   0.00010968395
       6810.2789   0.00010967586
       6811.1790   0.00010966780
       6812.0796   0.00010965972
       6812.9798   0.00010965166
       6813.8799   0.00010964363
       6814.7801   0.00010963561
       6815.6802   0.00010962759
       6816.5808   0.00010961957
       6817.4810   0.00010961159
       6818.3811   0.00010960360
       6819.2813   0.00010959562
       6820.1814   0.00010958765
       6821.0821   0.00010957969
       6821.9822   0.00010957173
       6822.8823   0.00010956377
       6823.7825   0.00010955583
       6824.6826   0.00010954789
       6825.5833   0.00010953994
       6826.4834   0.00010953201
       6827.3836   0.00010952407
       6828.2837   0.00010951614
       6829.1838   0.00010950822
       6830.0845   0.00010950028
       6830.9846   0.00010949235
       6831.8848   0.00010948443
       6832.7849   0.00010947650
       6833.6851   0.00010946857
       6834.5857   0.00010946064
       6835.4858   0.00010945271
       6836.3860   0.00010944478
       6837.2861   0.00010943685
       6838.1863   0.00010942890
       6839.0869   0.00010942096
       6839.9870   0.00010941302
       6840.8872   0.00010940507
       6841.7873   0.00010939712
       6842.6875   0.00010938916
       6843.5881   0.00010938120
       6844.4883   0.00010937323
       6845.3884   0.00010936525
       6846.2885   0.00010935727
       6847.1887   0.00010934930
       6848.0893   0.00010934129
       6848.9895   0.00010933329
       6849.8896   0.00010932528
       6850.7898   0.00010931727
       6851.6899   0.00010930924
       6852.5905   0.00010930120
       6853.4907   0.00010929316
       6854.3908   0.00010928511
       6855.2910   0.00010927704
       6856.1911   0.00010926896
       6857.0917   0.00010926089
       6857.9919   0.00010925279
       6858.8920   0.00010924468
       6859.7922   0.00010923656
       6860.6923   0.00010922844
       6861.5930   0.00010922029
       6862.4931   0.00010921213
       6863.3932   0.00010920396
       6864.2934   0.00010919580
       6865.1935   0.00010918759
       6866.0942   0.00010917937
       6866.9943   0.00010917115
       6867.8945   0.00010916293
       6868.7946   0.00010915466
       6869.6947   0.00010914639
       6870.5954   0.00010913812
       6871.4955   0.00010912983
       6872.3957   0.00010912150
       6873.2958   0.00010911318
       6874.1960   0.00010910485
       6875.0966   0.00010909649
       6875.9967   0.00010908810
       6876.8969   0.00010907971
       6877.7970   0.00010907132
       6878.6972   0.00010906289
       6879.5978   0.00010905443
       6880.4979   0.00010904598
       6881.3981   0.00010903753
       6882.2982   0.00010902903
       6883.1984   0.00010902052
       6884.0990   0.00010901200
       6884.9992   0.00010900348
       6885.8993   0.00010899491
       6886.7994   0.00010898634
       6887.6996   0.00010897777
       6888.6002   0.00010896918
       6889.5004   0.00010896055
       6890.4005   0.00010895192
       6891.3007   0.00010894329
       6892.2008   0.00010893464
       6893.1014   0.00010892596
       6894.0016   0.00010891727
       6894.9017   0.00010890859
       6895.8019   0.00010889989
       6896.7020   0.00010889116
       6897.6026   0.00010888243
       6898.5028   0.00010887370
       6899.4029   0.00010886495
       6900.3031   0.00010885618
       6901.2032   0.00010884742
       6902.1039   0.00010883865
       6903.0040   0.00010882987
       6903.9041   0.00010882108
       6904.8043   0.00010881229
       6905.7044   0.00010880350
       6906.6051   0.00010879470
       6907.5052   0.00010878590
       6908.4054   0.00010877710
       6909.3055   0.00010876831
       6910.2056   0.00010875951
       6911.1063   0.00010875072
       6912.0064   0.00010874193
       6912.9066   0.00010873314
       6913.8067   0.00010872438
       6914.7069   0.00010871561
       6915.6075   0.00010870685
       6916.5076   0.00010869811
       6917.4078   0.00010868939
       6918.3079   0.00010868068
       6919.2081   0.00010867197
       6920.1087   0.00010866330
       6921.0088   0.00010865467
       6921.9090   0.00010864603
       6922.8091   0.00010863740
       6923.7093   0.00010862885
       6924.6099   0.00010862033
       6925.5101   0.00010861180
       6926.4102   0.00010860328
       6927.3103   0.00010859489
       6928.2105   0.00010858652
       6929.1111   0.00010857814
       6930.0113   0.00010856978
       6930.9114   0.00010856159
       6931.8116   0.00010855341
       6932.7117   0.00010854522
       6933.6123   0.00010853709
       6934.5125   0.00010852914
       6935.4126   0.00010852119
       6936.3128   0.00010851324
       6937.2129   0.00010850541
       6938.1135   0.00010849775
       6939.0137   0.00010849009
       6939.9138   0.00010848243
       6940.8140   0.00010847497
       6941.7141   0.00010846766
       6942.6148   0.00010846034
       6943.5149   0.00010845303
       6944.4150   0.00010844602
       6945.3152   0.00010843912
       6946.2153   0.00010843222
       6947.1160   0.00010842532
       6948.0161   0.00010841883
       6948.9163   0.00010841242
       6949.8164   0.00010840601
       6950.7165   0.00010839960
       6951.6172   0.00010839373
       6952.5173   0.00010838787
       6953.4175   0.00010838202
       6954.3176   0.00010837624
       6955.2178   0.00010837102
       6956.1184   0.00010836580
       6957.0185   0.00010836058
       6957.9187   0.00010835554
       6958.8188   0.00010835104
       6959.7190   0.00010834654
       6960.6196   0.00010834203
       6961.5197   0.00010833784
       6962.4199   0.00010833414
       6963.3200   0.00010833043
       6964.2202   0.00010832672
       6965.1208   0.00010832348
       6966.0210   0.00010832065
       6966.9211   0.00010831781
       6967.8212   0.00010831498
       6968.7214   0.00010831278
       6969.6220   0.00010831090
       6970.5222   0.00010830901
       6971.4223   0.00010830713
       6972.3225   0.00010830605
       6973.2226   0.00010830518
       6974.1232   0.00010830431
       6975.0234   0.00010830344
       6975.9235   0.00010830355
       6976.8237   0.00010830374
       6977.7238   0.00010830394
       6978.6244   0.00010830419
       6979.5246   0.00010830548
       6980.4247   0.00010830677
       6981.3249   0.00010830807
       6982.2250   0.00010830955
       6983.1257   0.00010831196
       6984.0258   0.00010831436
       6984.9259   0.00010831677
       6985.8261   0.00010831949
       6986.7262   0.00010832300
       6987.6269   0.00010832650
       6988.5270   0.00010833001
       6989.4272   0.00010833395
       6990.3273   0.00010833850
       6991.2275   0.00010834306
       6992.1281   0.00010834762
       6993.0282   0.00010835270
       6993.9284   0.00010835824
       6994.8285   0.00010836378
       6995.7287   0.00010836932
       6996.6293   0.00010837543
       6997.5294   0.00010838184
       6998.4296   0.00010838825
       6999.3297   0.00010839466
       7000.2299   0.00010840163
       7001.1305   0.00010840877
       7002.0307   0.00010841591
       7002.9308   0.00010842305
       7003.8309   0.00010843067
       7004.7311   0.00010843837
       7005.6317   0.00010844607
       7006.5319   0.00010845376
       7007.4320   0.00010846180
       7008.3322   0.00010846984
       7009.2323   0.00010847788
       7010.1329   0.00010848594
       7011.0331   0.00010849411
       7011.9332   0.00010850228
       7012.8334   0.00010851044
       7013.7335   0.00010851859
       7014.6341   0.00010852664
       7015.5343   0.00010853469
       7016.4344   0.00010854274
       7017.3346   0.00010855068
       7018.2347   0.00010855836
       7019.1354   0.00010856605
       7020.0355   0.00010857374
       7020.9356   0.00010858117
       7021.8358   0.00010858825
       7022.7359   0.00010859532
       7023.6366   0.00010860240
       7024.5367   0.00010860905
       7025.4369   0.00010861529
       7026.3370   0.00010862152
       7027.2371   0.00010862776
       7028.1378   0.00010863336
       7029.0379   0.00010863855
       7029.9381   0.00010864374
       7030.8382   0.00010864893
       7031.7384   0.00010865326
       7032.6390   0.00010865724
       7033.5391   0.00010866121
       7034.4393   0.00010866518
       7035.3394   0.00010866806
       7036.2396   0.00010867067
       7037.1402   0.00010867329
       7038.0403   0.00010867590
       7038.9405   0.00010867722
       7039.8406   0.00010867838
       7040.7408   0.00010867954
       7041.6414   0.00010868070
       7042.5416   0.00010868039
       7043.4417   0.00010868005
       7043.6148   0.00010867998
       7044.3418   0.00010867970
       7044.5541   0.00010867962
       7045.2420   0.00010867925
       7045.4936   0.00010867873
       7046.1426   0.00010867740
       7046.4332   0.00010867680
       7047.0428   0.00010867554
       7047.3729   0.00010867486
       7047.9429   0.00010867368
       7048.3128   0.00010867292
       7048.8431   0.00010867159
       7049.2527   0.00010867007
       7049.7432   0.00010866824
       7050.1928   0.00010866657
       7050.6438   0.00010866489
       7051.1331   0.00010866307
       7051.5440   0.00010866155
       7052.0734   0.00010865958
       7052.4441   0.00010865785
       7053.0139   0.00010865482
       7053.3443   0.00010865306
       7053.9545   0.00010864982
       7054.2444   0.00010864828
       7054.8952   0.00010864482
       7055.1451   0.00010864349
       7055.8360   0.00010863968
       7056.0452   0.00010863826
       7056.7770   0.00010863325
       7056.9453   0.00010863210
       7057.7181   0.00010862682
       7057.8455   0.00010862595
       7058.6593   0.00010862038
       7058.7456   0.00010861979
       7059.6007   0.00010861349
       7059.6463   0.00010861311
       7060.5422   0.00010860570
       7060.5464   0.00010860567
       7061.4466   0.00010859822
       7061.4838   0.00010859792
       7062.3467   0.00010859078
       7062.4255   0.00010859013
       7063.2468   0.00010858275
       7063.3674   0.00010858159
       7064.1475   0.00010857409
       7064.3093   0.00010857254
       7065.0476   0.00010856544
       7065.2514   0.00010856348
       7065.9478   0.00010855679
       7066.1937   0.00010855442
       7066.8479   0.00010854749
       7067.1360   0.00010854435
       7067.7481   0.00010853770
       7068.0785   0.00010853410
       7068.6487   0.00010852790
       7069.0211   0.00010852385
       7069.5488   0.00010851810
       7069.9638   0.00010851348
       7070.4490   0.00010850762
       7070.9067   0.00010850208
       7071.3491   0.00010849674
       7071.8497   0.00010849069
       7072.2493   0.00010848586
       7072.7928   0.00010847929
       7073.1499   0.00010847498
       7073.7360   0.00010846751
       7074.0500   0.00010846335
       7074.6794   0.00010845501
       7074.9502   0.00010845142
       7075.6229   0.00010844251
       7075.8503   0.00010843950
       7076.5665   0.00010843001
       7076.7505   0.00010842757
       7077.5102   0.00010841686
       7077.6511   0.00010841483
       7078.4541   0.00010840328
       7078.5513   0.00010840188
       7079.3981   0.00010838969
       7079.4514   0.00010838892
       7080.3422   0.00010837610
       7080.3515   0.00010837597
       7081.2517   0.00010836214
       7081.2864   0.00010836160
       7082.1523   0.00010834815
       7082.2308   0.00010834693
       7083.0525   0.00010833417
       7083.1753   0.00010833226
       7083.9526   0.00010832019
       7084.1199   0.00010831748
       7084.8528   0.00010830526
       7085.0647   0.00010830172
       7085.7529   0.00010829024
       7086.0095   0.00010828596
       7086.6535   0.00010827522
       7086.9545   0.00010827020
       7087.5537   0.00010826021
       7087.8997   0.00010825405
       7088.4538   0.00010824417
       7088.8449   0.00010823719
       7089.3540   0.00010822811
       7089.7903   0.00010822033
       7090.2541   0.00010821206
       7091.1547   0.00010819594
       7092.0549   0.00010817883
       7092.9550   0.00010816173
       7093.8552   0.00010814462
       7094.7553   0.00010812740
       7095.6560   0.00010810924
       7096.5561   0.00010809110
       7097.4562   0.00010807295
       7098.3564   0.00010805463
       7099.2565   0.00010803547
       7100.1572   0.00010801630
       7101.0573   0.00010799714
       7101.9575   0.00010797776
       7102.8576   0.00010795763
       7103.7578   0.00010793751
       7104.6584   0.00010791738
       7105.5585   0.00010789700
       7106.4587   0.00010787600
       7107.3588   0.00010785499
       7108.2590   0.00010783399
       7109.1596   0.00010781271
       7110.0597   0.00010779094
       7110.9599   0.00010776916
       7111.8600   0.00010774739
       7112.7602   0.00010772537
       7113.6608   0.00010770295
       7114.4144   0.00010768419
       7114.5610   0.00010768054
       7115.3631   0.00010766057
       7115.4611   0.00010765813
       7116.3120   0.00010763677
       7116.3612   0.00010763552
       7117.2611   0.00010761265
       7117.2614   0.00010761264
       7118.1620   0.00010758975
       7118.2103   0.00010758852
       7119.0622   0.00010756687
       7119.1595   0.00010756439
       7119.9623   0.00010754384
       7120.1090   0.00010754007
       7120.8625   0.00010752067
       7121.0585   0.00010751562
       7121.7626   0.00010749749
       7122.0082   0.00010749117
       7122.6632   0.00010747431
       7122.9580   0.00010746672
       7123.5634   0.00010745108
       7123.9079   0.00010744216
       7124.4635   0.00010742779
       7124.8579   0.00010741759
       7125.3637   0.00010740451
       7125.8081   0.00010739302
       7126.2638   0.00010738123
       7126.7584   0.00010736845
       7127.1644   0.00010735798
       7127.7089   0.00010734395
       7128.0646   0.00010733478
       7128.6594   0.00010731945
       7128.9647   0.00010731158
       7129.6101   0.00010729494
       7129.8649   0.00010728837
       7130.5609   0.00010727054
       7130.7650   0.00010726534
       7131.5119   0.00010724630
       7131.6657   0.00010724238
       7132.4629   0.00010722206
       7132.5658   0.00010721944
       7133.4141   0.00010719782
       7133.4659   0.00010719650
       7134.3654   0.00010717386
       7134.3661   0.00010717384
       7135.2662   0.00010715134
       7135.3169   0.00010715007
       7136.1669   0.00010712881
       7136.2684   0.00010712627
       7137.0670   0.00010710630
       7137.2201   0.00010710247
       7137.9672   0.00010708419
       7138.1720   0.00010707920
       7138.8673   0.00010706226
       7139.1239   0.00010705601
       7139.7674   0.00010704033
       7140.0760   0.00010703281
       7140.6681   0.00010701838
       7141.0282   0.00010700970
       7141.5682   0.00010699697
       7141.9805   0.00010698724
       7142.4684   0.00010697574
       7142.9330   0.00010696478
       7143.3685   0.00010695451
       7143.8856   0.00010694231
       7144.2687   0.00010693328
       7144.8383   0.00010692016
       7145.1693   0.00010691265
       7145.7912   0.00010689854
       7146.0694   0.00010689222
       7146.7441   0.00010687691
       7146.9696   0.00010687179
       7147.6972   0.00010685528
       7147.8697   0.00010685136
       7148.6504   0.00010683422
       7148.7699   0.00010683162
       7149.6038   0.00010681350
       7149.6705   0.00010681205
       7150.5573   0.00010679279
       7150.5707   0.00010679249
       7151.4708   0.00010677293
       7151.5109   0.00010677206
       7152.3709   0.00010675413
       7152.4646   0.00010675219
       7153.2711   0.00010673548
       7153.4185   0.00010673243
       7154.1717   0.00010671683
       7154.3724   0.00010671267
       7155.0719   0.00010669818
       7155.3266   0.00010669303
       7155.9720   0.00010668033
       7156.2808   0.00010667425
       7156.8722   0.00010666262
       7157.2352   0.00010665547
       7157.7723   0.00010664490
       7158.1897   0.00010663669
       7158.6729   0.00010662718
       7159.1443   0.00010661828
       7159.5731   0.00010661028
       7160.0990   0.00010660047
       7160.4732   0.00010659349
       7161.0539   0.00010658266
       7161.3734   0.00010657670
       7162.2735   0.00010655992
       7163.1741   0.00010654394
       7164.0743   0.00010652806
       7164.9744   0.00010651218
       7165.8746   0.00010649630
       7166.7747   0.00010648122
       7167.6754   0.00010646620
       7168.5755   0.00010645119
       7169.4756   0.00010643618
       7170.3758   0.00010642195
       7171.2759   0.00010640776
       7172.1766   0.00010639356
       7173.0767   0.00010637937
       7173.9769   0.00010636593
       7174.8770   0.00010635251
       7175.7771   0.00010633909
       7176.6778   0.00010632567
       7177.5779   0.00010631295
       7178.4781   0.00010630024
       7179.3782   0.00010628754
       7180.2784   0.00010627484
       7181.1790   0.00010626278
       7182.0791   0.00010625074
       7182.9793   0.00010623869
       7183.8794   0.00010622665
       7184.7796   0.00010621520
       7185.6802   0.00010620375
       7186.5804   0.00010619231
       7187.4805   0.00010618088
       7188.3806   0.00010616999
       7189.2808   0.00010615910
       7190.1814   0.00010614820
       7191.0816   0.00010613732
       7191.9817   0.00010612693
       7192.8819   0.00010611655
       7193.7820   0.00010610616
       7194.6826   0.00010609578
       7195.5828   0.00010608586
       7196.4829   0.00010607593
       7197.3831   0.00010606601
       7198.2832   0.00010605610
       7199.1838   0.00010604659
       7200.0840   0.00010603709
       7200.9841   0.00010602759
       7201.8843   0.00010601810
       7202.7844   0.00010600899
       7203.6851   0.00010599987
       7204.5852   0.00010599075
       7205.4853   0.00010598165
       7206.3855   0.00010597290
       7207.2856   0.00010596414
       7208.1863   0.00010595538
       7209.0864   0.00010594663
       7209.9866   0.00010593820
       7210.8867   0.00010592977
       7211.7869   0.00010592134
       7212.6875   0.00010591292
       7213.5876   0.00010590478
       7214.4878   0.00010589665
       7215.3879   0.00010588852
       7216.2881   0.00010588039
       7217.1887   0.00010587252
       7218.0888   0.00010586466
       7218.9890   0.00010585679
       7219.8891   0.00010584893
       7220.7893   0.00010584130
       7221.6899   0.00010583366
       7222.5901   0.00010582603
       7223.4902   0.00010581841
       7224.3903   0.00010581098
       7225.2905   0.00010580355
       7226.1911   0.00010579612
       7227.0913   0.00010578870
       7227.9914   0.00010578144
       7228.8916   0.00010577418
       7229.7917   0.00010576693
       7230.6923   0.00010575966
       7231.5925   0.00010575254
       7232.4926   0.00010574541
       7233.3928   0.00010573828
       7234.2929   0.00010573116
       7235.1935   0.00010572412
       7236.0937   0.00010571708
       7236.9938   0.00010571004
       7237.8940   0.00010570300
       7238.7941   0.00010569601
       7239.6948   0.00010568901
       7240.5949   0.00010568202
       7241.4951   0.00010567503
       7242.3952   0.00010566803
       7243.2953   0.00010566104
       7244.1960   0.00010565404
       7245.0961   0.00010564705
       7245.9963   0.00010564000
       7246.8964   0.00010563296
       7247.7966   0.00010562591
       7248.6972   0.00010561886
       7249.5973   0.00010561172
       7250.4975   0.00010560457
       7251.3976   0.00010559742
       7252.2978   0.00010559027
       7253.1984   0.00010558298
       7254.0985   0.00010557568
       7254.9987   0.00010556837
       7255.8988   0.00010556107
       7256.7990   0.00010555360
       7257.6996   0.00010554609
       7258.5998   0.00010553858
       7259.4999   0.00010553107
       7260.4000   0.00010552336
       7261.3002   0.00010551561
       7262.2008   0.00010550784
       7263.1010   0.00010550008
       7264.0011   0.00010549210
       7264.9013   0.00010548405
       7265.8014   0.00010547599
       7266.7020   0.00010546793
       7267.6022   0.00010545963
       7268.5023   0.00010545125
       7269.4025   0.00010544286
       7270.3026   0.00010543447
       7271.2033   0.00010542582
       7272.1034   0.00010541706
       7273.0035   0.00010540830
       7273.9037   0.00010539954
       7274.8038   0.00010539053
       7275.7045   0.00010538137
       7276.6046   0.00010537221
       7277.5048   0.00010536306
       7278.4049   0.00010535365
       7279.3050   0.00010534408
       7280.2057   0.00010533450
       7281.1058   0.00010532493
       7282.0060   0.00010531511
       7282.9061   0.00010530511
       7283.8063   0.00010529511
       7284.7069   0.00010528511
       7285.6070   0.00010527488
       7286.5072   0.00010526445
       7287.4073   0.00010525402
       7288.3075   0.00010524358
       7289.2081   0.00010523294
       7290.1082   0.00010522208
       7291.0084   0.00010521122
       7291.9085   0.00010520036
       7292.8087   0.00010518932
       7293.7093   0.00010517804
       7294.6095   0.00010516676
       7295.5096   0.00010515548
       7296.4098   0.00010514405
       7297.3099   0.00010513238
       7297.9473   0.00010512411
       7298.2105   0.00010512070
       7298.9206   0.00010511149
       7299.1107   0.00010510903
       7299.8939   0.00010509880
       7300.0108   0.00010509723
       7300.8675   0.00010508577
       7300.9110   0.00010508519
       7301.8111   0.00010507315
       7301.8411   0.00010507274
       7302.7117   0.00010506110
       7302.8149   0.00010505972
       7303.6119   0.00010504896
       7303.7888   0.00010504652
       7304.5120   0.00010503658
       7304.7628   0.00010503313
       7305.4122   0.00010502419
       7305.7370   0.00010501973
       7306.3123   0.00010501181
       7306.7113   0.00010500633
       7307.2130   0.00010499936
       7307.6857   0.00010499270
       7308.1131   0.00010498667
       7308.6603   0.00010497896
       7309.0132   0.00010497399
       7309.6350   0.00010496523
       7309.9134   0.00010496131
       7310.6098   0.00010495150
       7310.8135   0.00010494858
       7311.5847   0.00010493749
       7311.7142   0.00010493563
       7312.5598   0.00010492347
       7312.6143   0.00010492269
       7313.5145   0.00010490975
       7313.5350   0.00010490945
       7314.4146   0.00010489678
       7314.5103   0.00010489538
       7315.3147   0.00010488362
       7315.4858   0.00010488112
       7316.2154   0.00010487045
       7316.4614   0.00010486685
       7317.1155   0.00010485729
       7317.4371   0.00010485259
       7318.0157   0.00010484412
       7318.4130   0.00010483823
       7318.9158   0.00010483078
       7319.3890   0.00010482377
       7319.8160   0.00010481745
       7320.3651   0.00010480931
       7320.7166   0.00010480411
       7321.3413   0.00010479485
       7321.6167   0.00010479077
       7322.3177   0.00010478029
       7322.5169   0.00010477731
       7323.2942   0.00010476568
       7323.4170   0.00010476385
       7324.2709   0.00010475107
       7324.3172   0.00010475038
       7325.2178   0.00010473691
       7325.2476   0.00010473646
       7326.1180   0.00010472337
       7326.2245   0.00010472176
       7327.0181   0.00010470981
       7327.2016   0.00010470705
       7327.9182   0.00010469626
       7328.1787   0.00010469234
       7328.8184   0.00010468271
       7329.1560   0.00010467762
       7329.7190   0.00010466912
       7330.1334   0.00010466286
       7330.6192   0.00010465552
       7331.1110   0.00010464809
       7331.5193   0.00010464192
       7332.0887   0.00010463332
       7332.4195   0.00010462832
       7333.0665   0.00010461855
       7333.3196   0.00010461472
       7334.0444   0.00010460377
       7334.2202   0.00010460111
       7335.0225   0.00010458898
       7335.1204   0.00010458750
       7336.0007   0.00010457420
       7336.0205   0.00010457390
       7336.9207   0.00010456031
       7336.9790   0.00010455943
       7337.8208   0.00010454673
       7337.9575   0.00010454467
       7338.7214   0.00010453314
       7338.9361   0.00010452991
       7339.6216   0.00010451956
       7339.9148   0.00010451514
       7340.5217   0.00010450602
       7340.8936   0.00010450043
       7341.4219   0.00010449249
       7341.8726   0.00010448572
       7342.3220   0.00010447897
       7342.8517   0.00010447101
       7343.2227   0.00010446544
       7343.8310   0.00010445632
       7344.1228   0.00010445196
       7344.8104   0.00010444169
       7345.0230   0.00010443851
       7345.7899   0.00010442706
       7345.9231   0.00010442507
       7346.7695   0.00010441243
       7346.8232   0.00010441163
       7347.7239   0.00010439822
       7347.7493   0.00010439784
       7348.6240   0.00010438488
       7348.7292   0.00010438332
       7349.5242   0.00010437153
       7349.7092   0.00010436879
       7350.4243   0.00010435819
       7350.6894   0.00010435426
       7351.3245   0.00010434489
       7351.6697   0.00010433982
       7352.2251   0.00010433165
       7352.6501   0.00010432541
       7353.1252   0.00010431843
       7353.6306   0.00010431100
       7354.0254   0.00010430520
       7354.6113   0.00010429658
       7354.9255   0.00010429201
       7355.5921   0.00010428230
       7355.8257   0.00010427890
       7356.5731   0.00010426802
       7356.7263   0.00010426579
       7357.5541   0.00010425374
       7357.6264   0.00010425269
       7358.5266   0.00010423962
       7358.5354   0.00010423949
       7359.4267   0.00010422665
       7360.3269   0.00010421368
       7361.2275   0.00010420070
       7362.1277   0.00010418775
       7363.0278   0.00010417491
       7363.9279   0.00010416208
       7364.8281   0.00010414924
       7365.7287   0.00010413641
       7366.6289   0.00010412371
       7367.5290   0.00010411101
       7368.4292   0.00010409831
       7369.3293   0.00010408561
       7370.2299   0.00010407303
       7371.1301   0.00010406046
       7372.0302   0.00010404789
       7372.9304   0.00010403532
       7373.8305   0.00010402286
       7374.7312   0.00010401041
       7375.6313   0.00010399797
       7376.5314   0.00010398553
       7377.4316   0.00010397318
       7378.3317   0.00010396085
       7379.2324   0.00010394852
       7380.1325   0.00010393620
       7381.0327   0.00010392395
       7381.9328   0.00010391173
       7382.8329   0.00010389952
       7383.7336   0.00010388730
       7384.6337   0.00010387515
       7385.5339   0.00010386303
       7386.4340   0.00010385092
       7387.3342   0.00010383881
       7388.2348   0.00010382674
       7389.1349   0.00010381472
       7390.0351   0.00010380270
       7390.9352   0.00010379068
       7391.8354   0.00010377870
       7392.7360   0.00010376676
       7393.6362   0.00010375482
       7394.5363   0.00010374289
       7395.4364   0.00010373097
       7396.3366   0.00010371911
       7397.2372   0.00010370725
       7398.1374   0.00010369539
       7399.0375   0.00010368354
       7399.9377   0.00010367175
       7400.8378   0.00010365996
       7401.7384   0.00010364817
       7410.0000   0.00010354066
       7430.0000   0.00010328377
       7450.0000   0.00010302837
       7470.0000   0.00010277102
       7490.0000   0.00010250974
       7510.0000   0.00010224399
       7530.0000   0.00010197350
       7550.0000   0.00010169825
       7570.0000   0.00010141854
       7590.0000   0.00010113459
       7610.0000   0.00010084725
       7630.0000   0.00010055840
       7650.0000   0.00010026862
       7670.0000   9.9976672e-05
       7690.0000   9.9682517e-05
       7710.0000   9.9387978e-05
       7727.6185   9.9128580e-05
       7728.6491   9.9113392e-05
       7729.6798   9.9098202e-05
       7730.0000   9.9093482e-05
       7730.7106   9.9083009e-05
       7731.7416   9.9067813e-05
       7732.7727   9.9052610e-05
       7733.8039   9.9037405e-05
       7734.8353   9.9022199e-05
       7735.8668   9.9006989e-05
       7736.8985   9.8991775e-05
       7737.9302   9.8976559e-05
       7738.9622   9.8961341e-05
       7739.9942   9.8946123e-05
       7741.0264   9.8930905e-05
       7742.0588   9.8915684e-05
       7743.0912   9.8900461e-05
       7744.1239   9.8885246e-05
       7745.1566   9.8870031e-05
       7746.1895   9.8854813e-05
       7747.2225   9.8839597e-05
       7748.2557   9.8824397e-05
       7749.2890   9.8809196e-05
       7750.0000   9.8798736e-05
       7750.3224   9.8793992e-05
       7751.3560   9.8778799e-05
       7752.3897   9.8763626e-05
       7753.4236   9.8748451e-05
       7754.4576   9.8733274e-05
       7755.4917   9.8718125e-05
       7756.5260   9.8702992e-05
       7757.5604   9.8687857e-05
       7758.5949   9.8672720e-05
       7759.6296   9.8657635e-05
       7760.6644   9.8642556e-05
       7761.6994   9.8627476e-05
       7762.7345   9.8612402e-05
       7763.7697   9.8597393e-05
       7764.8051   9.8582382e-05
       7765.8406   9.8567369e-05
       7766.8762   9.8552387e-05
       7767.9120   9.8537458e-05
       7768.9480   9.8522527e-05
       7769.9840   9.8507595e-05
       7770.0000   9.8507364e-05
       7771.0202   9.8492721e-05
       7772.0566   9.8477882e-05
       7773.0930   9.8463042e-05
       7774.1296   9.8448199e-05
       7775.1664   9.8433446e-05
       7776.2033   9.8418704e-05
       7777.2403   9.8403961e-05
       7778.2775   9.8389228e-05
       7790.0000   9.8225030e-05
       7810.0000   9.7951162e-05
       7830.0000   9.7677833e-05
       7850.0000   9.7397703e-05
       7870.0000   9.7108997e-05
       7890.0000   9.6814105e-05
       7910.0000   9.6517172e-05
       7930.0000   9.6222378e-05
       7950.0000   9.5931553e-05
       7970.0000   9.5643204e-05
       7990.0000   9.5354556e-05
       8010.0000   9.5063661e-05
       8030.0000   9.4769221e-05
       8050.0000   9.4468460e-05
       8070.0000   9.4153609e-05
       8090.0000   9.3810581e-05
       8110.0000   9.3450368e-05
       8130.0000   9.3231458e-05
       8150.0000   9.3665106e-05
       8170.0000   9.5620258e-05
       8190.0000   9.9727483e-05
       8210.0000   0.00010548185
       8230.0000   0.00011118049
       8250.0000   0.00011501767
       8270.0000   0.00011607259
       8290.0000   0.00011421206
       8310.0000   0.00010988208
       8330.0000   0.00010429187
       8350.0000   9.9160796e-05
       8370.0000   9.5717154e-05
       8390.0000   9.4016921e-05
       8410.0000   9.3404882e-05
       8430.0000   9.3266251e-05
       8450.0000   9.3340555e-05
       8470.0000   9.3584734e-05
       8490.0000   9.3974301e-05
       8510.0000   9.4446865e-05
       8530.0000   9.4941765e-05
       8550.0000   9.5408243e-05
       8552.9811   9.5472824e-05
       8554.1217   9.5496832e-05
       8555.2625   9.5520755e-05
       8556.4034   9.5544681e-05
       8557.5444   9.5568518e-05
       8558.6856   9.5591789e-05
       8559.8270   9.5615064e-05
       8560.9685   9.5638341e-05
       8562.1102   9.5661453e-05
       8563.2520   9.5684307e-05
       8564.3940   9.5707164e-05
       8565.5361   9.5730024e-05
       8566.6784   9.5752814e-05
       8567.8209   9.5775566e-05
       8568.9634   9.5798322e-05
       8570.0000   9.5818966e-05
       8570.1062   9.5821080e-05
       8571.2491   9.5844069e-05
       8572.3921   9.5867087e-05
       8573.5353   9.5890109e-05
       8574.6786   9.5913228e-05
       8575.8221   9.5936910e-05
       8576.9658   9.5960595e-05
       8578.1096   9.5984283e-05
       8579.2536   9.6008377e-05
       8580.3977   9.6033088e-05
       8581.5419   9.6057801e-05
       8582.6864   9.6082518e-05
       8583.8309   9.6108060e-05
       8584.9756   9.6134052e-05
       8586.1205   9.6160047e-05
       8587.2655   9.6186045e-05
       8588.4107   9.6213254e-05
       8589.5560   9.6240602e-05
       8590.0000   9.6251203e-05
       8590.7015   9.6267954e-05
       8591.8472   9.6295488e-05
       8592.9930   9.6324032e-05
       8594.1389   9.6352581e-05
       8595.2850   9.6381133e-05
       8596.4312   9.6410001e-05
       8597.5776   9.6439337e-05
       8598.7242   9.6468676e-05
       8599.8709   9.6498020e-05
       8601.0178   9.6527448e-05
       8602.1648   9.6556924e-05
       8603.3119   9.6586403e-05
       8604.4593   9.6615886e-05
       8605.6067   9.6644735e-05
       8606.7544   9.6673520e-05
       8607.9021   9.6702309e-05
       8609.0501   9.6730849e-05
       8610.0000   9.6753329e-05
       8630.0000   9.7117445e-05
       8650.0000   9.7327543e-05
       8670.0000   9.7981705e-05
       8690.0000   9.9229258e-05
       8701.3822   9.9761356e-05
       8702.5426   9.9793395e-05
       8703.7031   9.9825437e-05
       8704.8638   9.9843658e-05
       8706.0247   9.9855548e-05
       8707.1857   9.9867439e-05
       8708.3468   9.9879332e-05
       8709.5082   9.9871286e-05
       8710.0000   9.9867312e-05
       8710.6697   9.9861902e-05
       8711.8313   9.9852517e-05
       8712.9931   9.9839247e-05
       8714.1550   9.9809257e-05
       8715.3171   9.9779263e-05
       8716.4794   9.9749265e-05
       8717.6418   9.9711325e-05
       8718.8043   9.9663276e-05
       8719.9671   9.9615221e-05
       8721.1299   9.9567158e-05
       8722.2930   9.9509636e-05
       8723.4561   9.9447883e-05
       8724.6195   9.9386122e-05
       8725.7830   9.9324353e-05
       8726.9466   9.9255262e-05
       8728.1104   9.9185717e-05
       8729.2744   9.9116162e-05
       8730.0000   9.9072802e-05
       8730.4385   9.9046466e-05
       8731.6028   9.8976212e-05
       8732.7672   9.8905949e-05
       8733.9318   9.8835676e-05
       8735.0965   9.8768526e-05
       8736.2614   9.8705266e-05
       8737.4264   9.8641999e-05
       8738.5916   9.8578722e-05
       8739.7570   9.8525730e-05
       8740.9225   9.8477210e-05
       8742.0882   9.8428684e-05
       8743.2540   9.8380151e-05
       8744.4200   9.8352384e-05
       8745.5861   9.8325750e-05
       8746.7524   9.8299113e-05
       8747.9188   9.8278022e-05
       8749.0855   9.8279203e-05
       8750.0000   9.8280128e-05
       8750.2522   9.8280383e-05
       8751.4191   9.8281564e-05
       8752.5862   9.8297168e-05
       8753.7534   9.8330342e-05
       8754.9208   9.8363521e-05
       8756.0883   9.8396703e-05
       8757.2560   9.8453767e-05
       8758.4239   9.8520962e-05
       8770.0000   9.9586676e-05
       8790.0000   0.00010257554
       8810.0000   0.00010421669
       8830.0000   0.00010241881
       8850.0000   9.8706666e-05
       8870.0000   9.6840758e-05
       8890.0000   9.9069054e-05
       8910.0000   0.00010406502
       8930.0000   0.00010844680
       8950.0000   0.00010945082
       8970.0000   0.00010635875
       8987.9568   0.00010137303
       8989.1554   0.00010102504
       8990.0000   0.00010077983
       8990.3542   0.00010067701
       8991.5531   0.00010032932
       8992.7522   9.9997193e-05
       8993.9514   9.9665023e-05
       8995.1508   9.9332809e-05
       8996.3504   9.9008151e-05
       8997.5501   9.8703421e-05
       8998.7500   9.8398650e-05
       8999.9500   9.8093838e-05
       9001.1503   9.7809209e-05
       9002.3506   9.7542694e-05
       9003.5511   9.7276143e-05
       9004.7518   9.7009556e-05
       9005.9527   9.6780221e-05
       9007.1537   9.6561474e-05
       9008.3549   9.6342698e-05
       9009.5562   9.6125547e-05
       9010.0000   9.6065287e-05
       9010.7577   9.5962414e-05
       9011.9593   9.5799260e-05
       9013.1611   9.5636084e-05
       9014.3631   9.5490134e-05
       9015.5652   9.5388290e-05
       9016.7675   9.5286433e-05
       9017.9700   9.5184561e-05
       9019.1726   9.5117090e-05
       9020.3753   9.5079836e-05
       9021.5783   9.5042577e-05
       9022.7814   9.5005312e-05
       9023.9846   9.5019262e-05
       9025.1880   9.5047346e-05
       9026.3916   9.5075433e-05
       9027.5953   9.5105754e-05
       9028.7992   9.5197350e-05
       9030.0000   9.5288709e-05
       9030.0033   9.5288958e-05
       9031.2075   9.5380579e-05
       9032.4119   9.5489180e-05
       9033.6164   9.5640064e-05
       9034.8211   9.5790968e-05
       9036.0260   9.5941892e-05
       9037.2310   9.6121252e-05
       9038.4361   9.6325057e-05
       9039.6415   9.6528889e-05
       9040.8470   9.6732748e-05
       9042.0526   9.6971926e-05
       9043.2585   9.7220565e-05
       9044.4644   9.7469237e-05
       9045.6706   9.7719375e-05
       9046.8769   9.8003467e-05
       9048.0834   9.8287597e-05
       9049.2900   9.8571765e-05
       9050.0000   9.8738978e-05
       9050.4968   9.8863350e-05
       9051.7037   9.9172879e-05
       9052.9108   9.9482450e-05
       9054.1181   9.9792062e-05
       9055.3255   0.00010010989
       9056.5331   0.00010043464
       9057.7409   0.00010075944
       9058.9488   0.00010108428
       9060.1568   0.00010141327
       9061.3651   0.00010174337
       9062.5735   0.00010207351
       9063.7820   0.00010240352
       9064.9908   0.00010272987
       9066.1996   0.00010305626
       9067.4087   0.00010338269
       9068.6179   0.00010370567
       9069.8272   0.00010402040
       9070.0000   0.00010406536
       9071.0368   0.00010433518
       9072.2464   0.00010465000
       9073.4563   0.00010495483
       9074.6663   0.00010525145
       9075.8765   0.00010554810
       9077.0868   0.00010584480
       9078.2973   0.00010612295
       9079.5080   0.00010639648
       9080.7188   0.00010667005
       9081.9297   0.00010694229
       9083.1409   0.00010718931
       9084.3522   0.00010743635
       9085.5636   0.00010768343
       9086.7753   0.00010792191
       9087.9870   0.00010814051
       9089.1990   0.00010835914
       9090.0000   0.00010850364
       9090.4111   0.00010857780
       9091.6234   0.00010878035
       9092.8358   0.00010896992
       9094.0484   0.00010915952
       9095.2611   0.00010934914
       9096.4741   0.00010951569
       9097.6871   0.00010967667
       9098.9004   0.00010983767
       9100.1138   0.00010999714
       9101.3273   0.00011013073
       9102.5411   0.00011026435
       9103.7550   0.00011039798
       9104.9690   0.00011052370
       9106.1832   0.00011063162
       9107.3976   0.00011073956
       9108.6121   0.00011084751
       9109.8268   0.00011094213
       9110.0000   0.00011095412
       9111.0417   0.00011102625
       9112.2567   0.00011111039
       9113.4719   0.00011119453
       9114.6872   0.00011126078
       9115.9027   0.00011132287
       9117.1184   0.00011138496
       9118.3342   0.00011144578
       9119.5502   0.00011148725
       9120.7664   0.00011152873
       9121.9827   0.00011157021
       9123.1992   0.00011160551
       9124.4158   0.00011162728
       9125.6326   0.00011164904
       9126.8496   0.00011167081
       9128.0667   0.00011168160
       9129.2840   0.00011168392
       9130.0000   0.00011168529
       9130.5014   0.00011168624
       9131.7191   0.00011168856
       9132.9368   0.00011167466
       9134.1548   0.00011165711
       9135.3729   0.00011163956
       9136.5911   0.00011162059
       9137.8096   0.00011158207
       9139.0282   0.00011154355
       9140.2469   0.00011150503
       9141.4658   0.00011145929
       9142.6849   0.00011139815
       9143.9041   0.00011133700
       9145.1235   0.00011127584
       9146.3431   0.00011120062
       9147.5628   0.00011111478
       9148.7827   0.00011102894
       9150.0000   0.00011094328
       9150.0028   0.00011094308
       9151.2230   0.00011083513
       9152.4434   0.00011072236
       9153.6639   0.00011060957
       9154.8846   0.00011049466
       9156.1055   0.00011035282
       9170.0000   0.00010827563
       9190.0000   0.00010351755
       9202.6192   9.9977185e-05
       9203.8464   9.9638774e-05
       9205.0738   9.9300318e-05
       9206.3014   9.8977936e-05
       9207.5291   9.8658635e-05
       9208.7570   9.8339291e-05
       9209.9851   9.8022544e-05
       9210.0000   9.8019018e-05
       9211.2133   9.7732761e-05
       9212.4416   9.7442940e-05
       9213.6702   9.7153080e-05
       9214.8989   9.6876634e-05
       9216.1278   9.6626222e-05
       9217.3568   9.6375776e-05
       9218.5860   9.6125296e-05
       9219.8153   9.5903377e-05
       9221.0449   9.5701157e-05
       9222.2746   9.5498910e-05
       9223.5044   9.5296637e-05
       9224.7344   9.5141159e-05
       9225.9646   9.4994376e-05
       9227.1950   9.4847573e-05
       9228.4255   9.4706485e-05
       9229.6561   9.4620377e-05
       9230.0000   9.4596318e-05
       9230.8870   9.4534258e-05
       9232.1180   9.4448128e-05
       9233.3491   9.4383965e-05
       9234.5805   9.4361387e-05
       9235.8120   9.4338805e-05
       9237.0436   9.4316220e-05
       9238.2754   9.4331777e-05
       9239.5074   9.4373077e-05
       9240.7396   9.4414382e-05
       9241.9719   9.4455692e-05
       9243.2044   9.4549318e-05
       9244.4370   9.4652300e-05
       9245.6698   9.4755296e-05
       9246.9028   9.4863995e-05
       9248.1359   9.5024032e-05
       9249.3692   9.5184090e-05
       9250.0000   9.5265953e-05
       9250.6027   9.5344169e-05
       9251.8363   9.5521912e-05
       9253.0701   9.5732283e-05
       9254.3041   9.5942682e-05
       9255.5382   9.6153108e-05
       9256.7725   9.6388721e-05
       9258.0069   9.6640966e-05
       9259.2415   9.6893244e-05
       9260.4763   9.7145556e-05
       9261.7113   9.7425264e-05
       9262.9464   9.7709694e-05
       9270.0000   9.9417380e-05
       9290.0000   0.00010438687
       9310.0000   0.00010782814
       9330.0000   0.00010919459
       9350.0000   0.00010921392
       9370.0000   0.00010882768
       9390.0000   0.00010858322
       9410.0000   0.00010868730
       9430.0000   0.00010912352
       9450.0000   0.00010954217
       9470.0000   0.00010914522
       9490.0000   0.00010697029
       9501.8979   0.00010467654
       9503.1651   0.00010439932
       9504.4324   0.00010412207
       9505.6999   0.00010382805
       9506.9675   0.00010353260
       9508.2353   0.00010323712
       9509.5033   0.00010293977
       9510.0000   0.00010281993
       9510.7715   0.00010263378
       9512.0398   0.00010232775
       9513.3083   0.00010202167
       9514.5769   0.00010171491
       9515.8458   0.00010140723
       9517.1148   0.00010109950
       9518.3839   0.00010079174
       9519.6533   0.00010048951
       9520.9228   0.00010018989
       9522.1924   9.9890236e-05
       9523.4623   9.9590540e-05
       9524.7323   9.9307853e-05
       9526.0025   9.9026439e-05
       9527.2728   9.8744987e-05
       9528.5433   9.8468599e-05
       9529.8140   9.8215416e-05
       9530.0000   9.8178363e-05
       9531.0849   9.7962198e-05
       9532.3559   9.7708947e-05
       9533.6271   9.7471889e-05
       9534.8985   9.7256196e-05
       9536.1700   9.7040475e-05
       9537.4417   9.6824724e-05
       9538.7136   9.6640120e-05
       9539.9857   9.6469984e-05
       9541.2579   9.6299825e-05
       9542.5303   9.6129644e-05
       9543.8028   9.6008001e-05
       9545.0755   9.5889776e-05
       9546.3484   9.5771534e-05
       9547.6215   9.5663694e-05
       9548.8947   9.5601642e-05
       9550.0000   9.5547777e-05
       9550.1681   9.5539582e-05
       9551.4417   9.5477513e-05
       9552.7155   9.5440798e-05
       9553.9894   9.5436801e-05
       9555.2635   9.5432803e-05
       9556.5377   9.5428805e-05
       9557.8121   9.5464350e-05
       9559.0867   9.5517835e-05
       9560.3615   9.5571328e-05
       9561.6364   9.5624827e-05
       9562.9115   9.5729476e-05
       9564.1868   9.5837444e-05
       9565.4622   9.5945426e-05
       9566.7379   9.6062799e-05
       9568.0136   9.6219998e-05
       9569.2896   9.6377218e-05
       9570.0000   9.6464752e-05
       9570.5657   9.6534459e-05
       9571.8420   9.6710297e-05
       9573.1185   9.6909613e-05
       9574.3951   9.7108956e-05
       9575.6719   9.7308326e-05
       9576.9489   9.7530891e-05
       9578.2260   9.7763738e-05
       9579.5034   9.7996615e-05
       9590.0000   0.00010012869
       9610.0000   0.00010417985
       9630.0000   0.00010671133
       9650.0000   0.00010739885
       9670.0000   0.00010696899
       9690.0000   0.00010623509
       9710.0000   0.00010561876
       9730.0000   0.00010519871
       9750.0000   0.00010491503
       9770.0000   0.00010469859
       9790.0000   0.00010450964
       9810.0000   0.00010433480
       9821.3801   0.00010424244
       9822.6898   0.00010423218
       9823.9998   0.00010422216
       9825.3098   0.00010421237
       9826.6201   0.00010420258
       9827.9305   0.00010419279
       9829.2412   0.00010418344
       9830.0000   0.00010417811
       9830.5519   0.00010417424
       9831.8629   0.00010416503
       9833.1740   0.00010415584
       9834.4853   0.00010414736
       9835.7968   0.00010413889
       9837.1085   0.00010413042
       9838.4203   0.00010412219
       9839.7323   0.00010411465
       9841.0445   0.00010410710
       9842.3569   0.00010409955
       9843.6694   0.00010409262
       9844.9821   0.00010408625
       9846.2950   0.00010407988
       9847.6081   0.00010407351
       9848.9213   0.00010406828
       9850.0000   0.00010406426
       9850.2347   0.00010406339
       9851.5483   0.00010405849
       9852.8621   0.00010405364
       9854.1760   0.00010405058
       9855.4901   0.00010404752
       9856.8044   0.00010404447
       9858.1189   0.00010404202
       9859.4335   0.00010404122
       9860.7483   0.00010404042
       9862.0633   0.00010403961
       9863.3785   0.00010404024
       9864.6938   0.00010404219
       9866.0093   0.00010404413
       9867.3250   0.00010404608
       9868.6409   0.00010405057
       9869.9569   0.00010405582
       9870.0000   0.00010405599
       9871.2731   0.00010406107
       9872.5895   0.00010406641
       9873.9061   0.00010407559
       9875.2228   0.00010408477
       9876.5397   0.00010409395
       9877.8568   0.00010410441
       9879.1741   0.00010411820
       9880.4915   0.00010413200
       9881.8092   0.00010414580
       9883.1270   0.00010416240
       9884.4449   0.00010418151
       9885.7631   0.00010420063
       9890.0000   0.00010427408
       9910.0000   0.00010488038
       9930.0000   0.00010596472
       9950.0000   0.00010732029
       9970.0000   0.00010826855
       9990.0000   0.00010787614
       10019.805   0.00010418405
       10021.142   0.00010396796
       10022.478   0.00010375165
       10023.814   0.00010353516
       10025.000   0.00010334314
       10025.151   0.00010331865
       10026.488   0.00010310211
       10027.825   0.00010289227
       10029.162   0.00010268394
       10030.500   0.00010247558
       10031.838   0.00010226830
       10033.175   0.00010207669
       10034.513   0.00010188506
       10035.851   0.00010169341
       10037.190   0.00010150959
       10038.528   0.00010134267
       10039.867   0.00010117573
       10041.206   0.00010100876
       10042.545   0.00010085980
       10043.884   0.00010072450
       10045.224   0.00010058919
       10046.563   0.00010045385
       10047.903   0.00010034895
       10049.243   0.00010025073
       10050.583   0.00010015249
       10051.923   0.00010005714
       10053.264   9.9999614e-05
       10054.604   9.9942083e-05
       10055.945   9.9884545e-05
       10057.286   9.9840640e-05
       10058.627   9.9825377e-05
       10059.969   9.9810112e-05
       10061.310   9.9794845e-05
       10062.652   9.9803500e-05
       10063.994   9.9829923e-05
       10065.336   9.9856349e-05
       10066.678   9.9882779e-05
       10068.021   9.9941400e-05
       10069.363   0.00010000685
       10070.706   0.00010007230
       10072.049   0.00010014040
       10073.392   0.00010024031
       10074.736   0.00010034022
       10075.000   0.00010035988
       10076.079   0.00010044015
       10077.423   0.00010054937
       10078.767   0.00010067760
       10080.111   0.00010080585
       10081.455   0.00010093412
       10082.800   0.00010107455
       10084.144   0.00010122381
       10085.489   0.00010137309
       10125.000   0.00010538012
       10175.000   0.00010386096
       10225.000   0.00010113288
       10275.000   0.00010017553
       10289.250   0.00010002699
       10290.622   0.00010001349
       10291.994   0.00010000043
       10293.366   9.9987423e-05
       10294.739   9.9974418e-05
       10296.112   9.9961463e-05
       10297.485   9.9948839e-05
       10298.858   9.9936213e-05
       10300.232   9.9923585e-05
       10301.605   9.9911067e-05
       10302.979   9.9898727e-05
       10304.353   9.9886385e-05
       10305.727   9.9874041e-05
       10307.101   9.9861833e-05
       10308.476   9.9849701e-05
       10309.851   9.9837568e-05
       10311.225   9.9825433e-05
       10312.601   9.9813433e-05
       10313.976   9.9801449e-05
       10315.351   9.9789463e-05
       10316.727   9.9777491e-05
       10318.103   9.9765607e-05
       10319.479   9.9753722e-05
       10320.855   9.9741836e-05
       10322.231   9.9729973e-05
       10323.608   9.9718149e-05
       10324.984   9.9706323e-05
       10325.000   9.9706189e-05
       10326.361   9.9694496e-05
       10327.738   9.9682688e-05
       10329.116   9.9670891e-05
       10330.493   9.9659092e-05
       10331.871   9.9647291e-05
       10333.248   9.9635494e-05
       10334.626   9.9623696e-05
       10336.005   9.9611896e-05
       10337.383   9.9600092e-05
       10338.761   9.9588271e-05
       10340.140   9.9576449e-05
       10341.519   9.9564624e-05
       10342.898   9.9552783e-05
       10344.277   9.9540917e-05
       10345.657   9.9529050e-05
       10347.037   9.9517181e-05
       10348.416   9.9505273e-05
       10349.796   9.9493344e-05
       10351.177   9.9481413e-05
       10352.557   9.9469480e-05
       10353.938   9.9457480e-05
       10355.318   9.9445470e-05
       10356.699   9.9433460e-05
       10375.000   9.9271607e-05
       10425.000   9.8798752e-05
       10475.000   9.8299335e-05
       10525.000   9.7822209e-05
       10575.000   9.7377208e-05
       10625.000   9.7029502e-05
       10675.000   9.7304441e-05
       10725.000   9.8297929e-05
       10775.000   9.4997673e-05
       10796.667   9.2046800e-05
       10798.107   9.1888313e-05
       10799.547   9.1729805e-05
       10800.987   9.1571275e-05
       10802.428   9.1421956e-05
       10803.868   9.1299167e-05
       10805.309   9.1176361e-05
       10806.750   9.1053538e-05
       10808.191   9.0954008e-05
       10809.632   9.0876921e-05
       10811.074   9.0799824e-05
       10812.516   9.0722717e-05
       10813.958   9.0687094e-05
       10815.400   9.0664529e-05
       10816.842   9.0641960e-05
       10818.284   9.0620120e-05
       10819.727   9.0659097e-05
       10821.170   9.0698079e-05
       10822.613   9.0737067e-05
       10824.056   9.0793486e-05
       10825.000   9.0862284e-05
       10825.500   9.0898705e-05
       10826.943   9.1003939e-05
       10828.387   9.1109186e-05
       10829.831   9.1249504e-05
       10831.275   9.1422930e-05
       10832.720   9.1596380e-05
       10834.164   9.1769852e-05
       10835.609   9.1994708e-05
       10837.054   9.2235308e-05
       10838.499   9.2475941e-05
       10839.945   9.2717676e-05
       10841.390   9.3021305e-05
       10842.836   9.3324975e-05
       10844.282   9.3628686e-05
       10845.728   9.3947420e-05
       10847.174   9.4307062e-05
       10848.621   9.4666751e-05
       10850.068   9.5026488e-05
       10851.514   9.5410248e-05
       10852.962   9.5816228e-05
       10854.409   9.6222262e-05
       10855.856   9.6628350e-05
       10857.304   9.7060951e-05
       10858.752   9.7501476e-05
       10860.200   9.7942059e-05
       10861.648   9.8383166e-05
       10863.097   9.8844907e-05
       10864.545   9.9306710e-05
       10865.994   9.9768574e-05
       10867.443   0.00010023242
       10868.892   0.00010070145
       10875.000   0.00010266618
       10905.186   0.00011042680
       10906.640   0.00011064546
       10908.095   0.00011086415
       10909.549   0.00011108287
       10911.004   0.00011128687
       10912.459   0.00011145367
       10913.914   0.00011162049
       10915.370   0.00011178733
       10916.825   0.00011192818
       10918.281   0.00011204643
       10919.737   0.00011216470
       10921.193   0.00011228298
       10922.650   0.00011236701
       10924.106   0.00011244173
       10925.000   0.00011248757
       10925.563   0.00011251645
       10927.020   0.00011258978
       10928.477   0.00011262707
       10929.935   0.00011266435
       10931.392   0.00011270164
       10932.850   0.00011273003
       10934.308   0.00011273648
       10935.766   0.00011274293
       10937.224   0.00011274938
       10938.683   0.00011274269
       10940.141   0.00011272481
       10941.600   0.00011270692
       10943.060   0.00011268904
       10944.519   0.00011265657
       10945.978   0.00011262024
       10947.438   0.00011258392
       10948.898   0.00011254701
       10950.358   0.00011249714
       10951.818   0.00011244726
       10953.279   0.00011239738
       10954.739   0.00011234457
       10956.200   0.00011228475
       10957.661   0.00011222492
       10959.123   0.00011216508
       10960.584   0.00011210104
       10962.046   0.00011203348
       10963.508   0.00011196591
       10964.970   0.00011189834
       10966.432   0.00011182530
       10967.894   0.00011175085
       10969.357   0.00011167639
       10970.820   0.00011160158
       10972.283   0.00011151990
       10973.746   0.00011143820
       10975.000   0.00011136818
       10975.209   0.00011135649
       10976.673   0.00011127223
       11025.000   0.00010640733
       11075.000   9.8353682e-05
       11125.000   9.3638198e-05
       11175.000   9.2238646e-05
       11225.000   9.1728856e-05
       11275.000   9.1320923e-05
       11325.000   9.0892587e-05
       11375.000   9.0444208e-05
       11425.000   9.0000359e-05
       11475.000   8.9571644e-05
       11525.000   8.9153811e-05
       11575.000   8.8743331e-05
       11625.000   8.8338382e-05
       11675.000   8.7933942e-05
       11725.000   8.7529230e-05
       11775.000   8.7128448e-05
       11825.000   8.6734847e-05
       11875.000   8.6353865e-05
       11925.000   8.5985225e-05
       11975.000   8.5608690e-05
       12025.000   8.5207114e-05
       12075.000   8.4791110e-05
       12125.000   8.4381306e-05
       12175.000   8.3984006e-05
       12225.000   8.3595842e-05
       12275.000   8.3212608e-05
       12325.000   8.2830645e-05
       12375.000   8.2454150e-05
       12425.000   8.2093325e-05
       12475.000   8.1748191e-05
       12525.000   8.1434619e-05
       12529.055   8.1415420e-05
       12530.725   8.1407508e-05
       12532.396   8.1400807e-05
       12534.068   8.1394267e-05
       12535.739   8.1387726e-05
       12537.411   8.1381425e-05
       12539.083   8.1376693e-05
       12540.755   8.1371960e-05
       12542.427   8.1367227e-05
       12544.100   8.1363405e-05
       12545.773   8.1361041e-05
       12547.446   8.1358677e-05
       12549.119   8.1356313e-05
       12550.792   8.1355898e-05
       12552.466   8.1356599e-05
       12554.140   8.1357300e-05
       12555.814   8.1358001e-05
       12557.488   8.1362179e-05
       12559.163   8.1366800e-05
       12560.838   8.1371422e-05
       12562.513   8.1376729e-05
       12564.188   8.1386306e-05
       12565.863   8.1395885e-05
       12567.539   8.1405465e-05
       12569.215   8.1417460e-05
       12570.891   8.1433239e-05
       12572.568   8.1449021e-05
       12574.244   8.1464805e-05
       12575.000   8.1472623e-05
       12575.921   8.1485507e-05
       12577.598   8.1508968e-05
       12579.275   8.1532432e-05
       12580.953   8.1555899e-05
       12582.630   8.1587756e-05
       12584.308   8.1620633e-05
       12585.987   8.1653514e-05
       12587.665   8.1688034e-05
       12589.344   8.1732334e-05
       12591.022   8.1776639e-05
       12592.701   8.1820950e-05
       12594.381   8.1870672e-05
       12596.060   8.1928697e-05
       12597.740   8.1986730e-05
       12599.420   8.2044771e-05
       12601.100   8.2113340e-05
       12602.780   8.2187690e-05
       12604.461   8.2262050e-05
       12606.142   8.2336420e-05
       12607.823   8.2427986e-05
       12609.504   8.2521538e-05
       12611.186   8.2615102e-05
       12625.000   8.3640346e-05
       12675.000   9.2681392e-05
       12725.000   0.00011192836
       12775.000   0.00013265781
       12780.474   0.00013431412
       12782.179   0.00013479824
       12783.883   0.00013528242
       12785.588   0.00013569994
       12787.293   0.00013611260
       12788.998   0.00013652532
       12790.704   0.00013692422
       12792.409   0.00013726111
       12794.115   0.00013759805
       12795.821   0.00013793502
       12797.528   0.00013823774
       12799.234   0.00013849575
       12800.941   0.00013875380
       12802.648   0.00013901188
       12804.355   0.00013921446
       12806.063   0.00013939156
       12807.771   0.00013956868
       12809.478   0.00013974582
       12811.187   0.00013984620
       12812.895   0.00013994137
       12814.604   0.00014003655
       12816.313   0.00014011635
       12818.022   0.00014012949
       12819.731   0.00014014264
       12821.440   0.00014015579
       12823.150   0.00014013327
       12824.860   0.00014006512
       12825.000   0.00014005955
       12826.570   0.00013999696
       12828.281   0.00013992879
       12829.992   0.00013980554
       12831.703   0.00013965753
       12833.414   0.00013950950
       12835.125   0.00013936145
       12836.837   0.00013914026
       12838.548   0.00013891448
       12840.261   0.00013868867
       12841.973   0.00013844841
       12843.685   0.00013814762
       12845.398   0.00013784679
       12847.111   0.00013754592
       12848.824   0.00013721325
       12850.538   0.00013684075
       12852.251   0.00013646819
       12853.965   0.00013609558
       12855.679   0.00013567597
       12857.394   0.00013523570
       12859.108   0.00013479537
       12860.823   0.00013435498
       12862.538   0.00013385500
       12864.253   0.00013335157
       12875.000   0.00012990383
       12925.000   0.00010902470
       12975.000   9.0311774e-05
       13025.000   8.0874216e-05
       13075.000   7.7877782e-05
       13125.000   7.7057093e-05
       13175.000   7.6650402e-05
       13225.000   7.6285290e-05
       13275.000   7.5919034e-05
       13325.000   7.5557312e-05
       13375.000   7.5203203e-05
       13425.000   7.4854164e-05
       13475.000   7.4507165e-05
       13525.000   7.4161241e-05
       13575.000   7.3817023e-05
       13625.000   7.3474905e-05
       13675.000   7.3134207e-05
       13725.000   7.2793543e-05
       13775.000   7.2452368e-05
       13825.000   7.2112172e-05
       13875.000   7.1775408e-05
       13925.000   7.1443058e-05
       13975.000   7.1113748e-05
       14025.000   7.0785798e-05
       14075.000   7.0458615e-05
       14125.000   7.0131803e-05
       14175.000   6.9804591e-05
       14225.000   6.9476455e-05
       14275.000   6.9148217e-05
       14325.000   6.8820736e-05
       14375.000   6.8488647e-05
       14425.000   6.8144042e-05
       14475.000   6.7856139e-05
       14525.000   6.7916393e-05
       14570.000   6.8517721e-05
       14620.000   6.9502221e-05
       14675.000   7.0129055e-05
       14725.000   7.0096480e-05
       14775.000   6.9850306e-05
       14825.000   6.9583476e-05
       14875.000   6.9129331e-05
       14925.000   6.8145828e-05
       14975.000   6.6704504e-05
       15025.000   6.5437774e-05
       15075.000   6.4736092e-05
       15125.000   6.4394121e-05
       15175.000   6.4135628e-05
       15225.000   6.3874845e-05
       15275.000   6.3608426e-05
       15325.000   6.3344620e-05
       15375.000   6.3082086e-05
       15425.000   6.2826943e-05
       15475.000   6.2591643e-05
       15525.000   6.2295216e-05
       15575.000   6.2101238e-05
       15625.000   6.1953936e-05
       15675.000   6.1454824e-05
       15725.000   6.1273525e-05
       15775.000   6.1620770e-05
       15825.000   6.1118032e-05
       15875.000   5.9990216e-05
       15925.000   6.0183640e-05
       15975.000   6.1346853e-05
       16050.000   6.0192655e-05
       16150.000   5.8107302e-05
       16250.000   6.1371403e-05
       16350.000   5.8180561e-05
       16450.000   5.5722946e-05
       16550.000   5.9739921e-05
       16650.000   5.9988298e-05
       16750.000   5.5428670e-05
       16850.000   5.2870893e-05
       16950.000   5.7393572e-05
       17050.000   5.7956275e-05
       17150.000   5.7480818e-05
       17250.000   5.5532908e-05
       17309.792   5.1874082e-05
       17312.100   5.1720367e-05
       17314.409   5.1566633e-05
       17316.718   5.1416005e-05
       17319.027   5.1269975e-05
       17321.337   5.1123925e-05
       17323.646   5.0977855e-05
       17325.956   5.0839769e-05
       17328.267   5.0705878e-05
       17330.578   5.0571970e-05
       17332.889   5.0438043e-05
       17335.200   5.0319053e-05
       17337.512   5.0201594e-05
       17339.824   5.0084120e-05
       17342.136   4.9969834e-05
       17344.448   4.9872690e-05
       17346.761   4.9775534e-05
       17349.074   4.9678364e-05
       17350.000   4.9639487e-05
       17351.388   4.9590813e-05
       17353.702   4.9517195e-05
       17356.016   4.9443568e-05
       17358.330   4.9369930e-05
       17360.645   4.9313403e-05
       17362.960   4.9265701e-05
       17365.275   4.9217993e-05
       17367.591   4.9170279e-05
       17369.907   4.9147467e-05
       17372.223   4.9127091e-05
       17374.540   4.9106712e-05
       17376.857   4.9090813e-05
       17379.174   4.9098103e-05
       17381.492   4.9105394e-05
       17383.809   4.9112686e-05
       17386.127   4.9131096e-05
       17388.446   4.9165302e-05
       17390.765   4.9199513e-05
       17393.084   4.9233728e-05
       17395.403   4.9284625e-05
       17397.723   4.9343957e-05
       17400.043   4.9403297e-05
       17402.363   4.9462645e-05
       17404.684   4.9542478e-05
       17407.005   4.9624213e-05
       17409.326   4.9705960e-05
       17411.647   4.9790859e-05
       17413.969   4.9891493e-05
       17416.291   4.9992140e-05
       17418.614   5.0092800e-05
       17420.937   5.0199655e-05
       17423.260   5.0315143e-05
       17450.000   5.1774593e-05
       17550.000   5.5244715e-05
       17650.000   5.4818127e-05
       17750.000   5.4225333e-05
       17850.000   5.3777848e-05
       17950.000   5.3585864e-05
       18050.000   5.2190745e-05
       18119.855   4.8252085e-05
       18122.271   4.8096578e-05
       18124.688   4.7945026e-05
       18127.104   4.7793453e-05
       18129.522   4.7641860e-05
       18131.939   4.7495347e-05
       18134.357   4.7353723e-05
       18136.775   4.7212080e-05
       18139.194   4.7070418e-05
       18141.613   4.6939828e-05
       18144.032   4.6812709e-05
       18146.451   4.6685572e-05
       18148.871   4.6558643e-05
       18150.000   4.6508109e-05
       18151.291   4.6450296e-05
       18153.712   4.6341935e-05
       18156.133   4.6233560e-05
       18158.554   4.6131087e-05
       18160.975   4.6045184e-05
       18163.397   4.5959270e-05
       18165.819   4.5873343e-05
       18168.241   4.5800461e-05
       18170.664   4.5739907e-05
       18173.087   4.5679345e-05
       18175.511   4.5618774e-05
       18177.934   4.5579108e-05
       18180.358   4.5545851e-05
       18182.783   4.5512588e-05
       18185.207   4.5479785e-05
       18187.632   4.5474696e-05
       18190.058   4.5469606e-05
       18192.483   4.5464515e-05
       18194.909   4.5466891e-05
       18197.335   4.5489706e-05
       18199.762   4.5512525e-05
       18202.189   4.5535346e-05
       18204.616   4.5571927e-05
       18207.044   4.5621275e-05
       18209.472   4.5670631e-05
       18211.900   4.5719993e-05
       18214.329   4.5787921e-05
       18216.757   4.5861405e-05
       18219.187   4.5934900e-05
       18221.616   4.6008842e-05
       18224.046   4.6103177e-05
       18226.476   4.6197524e-05
       18228.907   4.6291884e-05
       18231.337   4.6390843e-05
       18233.769   4.6502085e-05
       18236.200   4.6613342e-05
       18238.632   4.6724613e-05
       18250.000   4.7300555e-05
       18350.000   5.1493596e-05
       18450.000   5.3184932e-05
       18550.000   6.5028504e-05
       18650.000   9.5700406e-05
       18694.138   0.00010887077
       18696.630   0.00010945741
       18699.124   0.00011004412
       18701.617   0.00011062443
       18704.111   0.00011113060
       18706.605   0.00011163684
       18709.100   0.00011214314
       18711.594   0.00011262026
       18714.090   0.00011303841
       18716.585   0.00011345663
       18719.081   0.00011387489
       18721.577   0.00011423819
       18724.074   0.00011456210
       18726.571   0.00011488606
       18729.068   0.00011521007
       18731.565   0.00011545148
       18734.063   0.00011567645
       18736.561   0.00011590145
       18739.060   0.00011611781
       18741.559   0.00011624069
       18744.058   0.00011636359
       18746.557   0.00011648651
       18749.057   0.00011657462
       18750.000   0.00011658190
       18751.557   0.00011659393
       18754.058   0.00011661325
       18756.559   0.00011663257
       18759.060   0.00011659113
       18761.561   0.00011650697
       18764.063   0.00011642279
       18766.565   0.00011633860
       18769.068   0.00011616909
       18771.571   0.00011598310
       18774.074   0.00011579708
       18776.577   0.00011560222
       18779.081   0.00011531760
       18781.585   0.00011503293
       18784.090   0.00011474823
       18786.595   0.00011443150
       18789.100   0.00011405278
       18791.605   0.00011367401
       18794.111   0.00011329519
       18796.617   0.00011286425
       18799.124   0.00011239731
       18801.631   0.00011193030
       18804.138   0.00011146324
       18806.646   0.00011092792
       18809.153   0.00011037982
       18811.662   0.00010983164
       18814.170   0.00010927655
       18816.679   0.00010865546
       18850.000   9.9221739e-05
       18950.000   6.7509984e-05
       19050.000   5.1640331e-05
       19150.000   4.8388622e-05
       19250.000   4.8173663e-05
       19350.000   4.5834636e-05
       19450.000   4.1482064e-05
       19550.000   4.4113289e-05
       19650.000   4.6523087e-05
       19750.000   4.5793135e-05
       19850.000   4.5141733e-05
       19950.000   4.4724682e-05
       20050.000   4.4341380e-05
       20150.000   4.3963999e-05
       20250.000   4.3588743e-05
       20350.000   4.3062343e-05
       20450.000   4.1202335e-05
       20550.000   3.7488746e-05
       20650.000   3.7325006e-05
       20750.000   4.0289570e-05
       20850.000   4.1285448e-05
       20950.000   4.1088085e-05
       21050.000   4.0762274e-05
       21150.000   4.0432128e-05
       21250.000   4.0138307e-05
       21350.000   4.0160141e-05
       21450.000   4.0707098e-05
       21550.000   3.9541040e-05
       21650.000   3.6265355e-05
       21750.000   3.7075597e-05
       21850.000   3.8974838e-05
       21950.000   3.8396872e-05
       22050.000   3.7604354e-05
       22150.000   3.7189375e-05
       22250.000   3.6875726e-05
       22350.000   3.6575774e-05
       22450.000   3.6277666e-05
       22550.000   3.5975966e-05
       22650.000   3.5705052e-05
       22750.000   3.5600443e-05
       22850.000   3.5643592e-05
       22950.000   3.5555816e-05
       23050.000   3.5307969e-05
       23150.000   3.5030892e-05
       23250.000   3.4762510e-05
       23350.000   3.4502332e-05
       23450.000   3.4253456e-05
       23550.000   3.3987997e-05
       23650.000   3.3580048e-05
       23750.000   3.3009894e-05
       23850.000   3.2535916e-05
       23950.000   3.2242212e-05
       24050.000   3.2001558e-05
       24150.000   3.1756936e-05
       24250.000   3.1509123e-05
       24350.000   3.1268838e-05
       24450.000   3.1028960e-05
       24550.000   3.0818474e-05
       24650.000   3.0558100e-05
       24750.000   3.0351050e-05
       24850.000   3.0135805e-05
       24950.000   2.9775732e-05
       25050.000   2.9741336e-05
       25150.000   2.9527449e-05
       25250.000   2.8969201e-05
       25350.000   2.8989245e-05
       25450.000   2.9165335e-05
       25550.000   2.8560679e-05
       25650.000   2.7866195e-05
       25750.000   2.8120357e-05
       25850.000   2.8789500e-05
       25950.000   2.9228617e-05
       26050.000   2.9128689e-05
       26150.000   2.8090619e-05
       26250.000   2.7309787e-05
       26350.000   2.8324805e-05
       26450.000   2.9317362e-05
       26550.000   2.8431434e-05
       26650.000   2.6515269e-05
       26750.000   2.5168941e-05
       26850.000   2.5359192e-05
       26950.000   2.6132890e-05
       27050.000   2.6384140e-05
       27150.000   2.6261485e-05
       27250.000   2.6085441e-05
       27350.000   2.5714583e-05
       27450.000   2.4695409e-05
       27550.000   2.3404759e-05
       27650.000   2.3273478e-05
       27750.000   2.4207549e-05
       27850.000   2.4821796e-05
       27950.000   2.4832108e-05
       28050.000   2.4653176e-05
       28150.000   2.4475611e-05
       28250.000   2.4321701e-05
       28350.000   2.4188879e-05
       28450.000   2.3949305e-05
       28550.000   2.3167920e-05
       28650.000   2.1735471e-05
       28750.000   2.0896400e-05
       28850.000   2.1577074e-05
       28950.000   2.2638941e-05
       29050.000   2.3015398e-05
       29150.000   2.2920063e-05
       29250.000   2.2742647e-05
       29350.000   2.2581745e-05
       29450.000   2.2432477e-05
       29550.000   2.2281871e-05
       29650.000   2.2055866e-05
       29750.000   2.1346304e-05
       29850.000   1.9049091e-05
       29950.000   1.4146770e-05
       30050.000   7.8165816e-06
       30150.000   2.9534897e-06
       30250.000   7.1885263e-07
       30350.000   1.1100670e-07
       30450.000   1.0417273e-08
       30550.000   5.3742061e-10
       30650.000       0.0000000
       30750.000       0.0000000
       30850.000       0.0000000
       30950.000       0.0000000
       31050.000       0.0000000
       31150.000       0.0000000
       31250.000       0.0000000
       31350.000       0.0000000
       31450.000       0.0000000
       31550.000       0.0000000
       31650.000       0.0000000
       31750.000       0.0000000
       31850.000       0.0000000
       31950.000       0.0000000
       32100.000       0.0000000
       32300.000       0.0000000
       32500.000       0.0000000
       32700.000       0.0000000
       32900.000       0.0000000
       33100.000       0.0000000
       33300.000       0.0000000
       33500.000       0.0000000
       33700.000       0.0000000
       33900.000       0.0000000
       34100.000       0.0000000
       34300.000       0.0000000
       34500.000       0.0000000
       34700.000       0.0000000
       34900.000       0.0000000
       35100.000       0.0000000
       35300.000       0.0000000
       35500.000       0.0000000
       35700.000       0.0000000
       35900.000       0.0000000
       36100.000       0.0000000
       36300.000       0.0000000
       36500.000       0.0000000
       36700.000       0.0000000
       36900.000       0.0000000
       37100.000       0.0000000
       37300.000       0.0000000
       37500.000       0.0000000
       37700.000       0.0000000
       37900.000       0.0000000
       38100.000       0.0000000
       38300.000       0.0000000
       38500.000       0.0000000
       38700.000       0.0000000
       38900.000       0.0000000
       39100.000       0.0000000
       39300.000       0.0000000
       39500.000       0.0000000
       39700.000       0.0000000
       39900.000       0.0000000
       40100.000       0.0000000
       40300.000       0.0000000
       40500.000       0.0000000
       40700.000       0.0000000
       40900.000       0.0000000
       41100.000       0.0000000
       41300.000       0.0000000
       41500.000       0.0000000
       41700.000       0.0000000
       41900.000       0.0000000
       42100.000       0.0000000
       42300.000       0.0000000
       42500.000       0.0000000
       42700.000       0.0000000
       42900.000       0.0000000
       43100.000       0.0000000
       43300.000       0.0000000
       43500.000       0.0000000
       43700.000       0.0000000
       43900.000       0.0000000
       44100.000       0.0000000
       44300.000       0.0000000
       44500.000       0.0000000
       44700.000       0.0000000
       44900.000       0.0000000
       45100.000       0.0000000
       45300.000       0.0000000
       45500.000       0.0000000
       45700.000       0.0000000
       45900.000       0.0000000
       46100.000       0.0000000
       46300.000       0.0000000
       46500.000       0.0000000
       46700.000       0.0000000
       46900.000       0.0000000
       47100.000       0.0000000
       47300.000       0.0000000
       47500.000       0.0000000
       47700.000       0.0000000
       47900.000       0.0000000
       48100.000       0.0000000
       48300.000       0.0000000
       48500.000       0.0000000
       48700.000       0.0000000
       48900.000       0.0000000
       49100.000       0.0000000
       49300.000       0.0000000
       49500.000       0.0000000
       49700.000       0.0000000
       49900.000       0.0000000
       50100.000       0.0000000
       50300.000       0.0000000
       50500.000       0.0000000
       50700.000       0.0000000
       50900.000       0.0000000
       51100.000       0.0000000
       51300.000       0.0000000
       51500.000       0.0000000
       51700.000       0.0000000
       51900.000       0.0000000
       52100.000       0.0000000
       52300.000       0.0000000
       52500.000       0.0000000
       52700.000       0.0000000
       52900.000       0.0000000
       53100.000       0.0000000
       53300.000       0.0000000
       53500.000       0.0000000
       53700.000       0.0000000
       53900.000       0.0000000
       54100.000       0.0000000
       54300.000       0.0000000
       54500.000       0.0000000
       54700.000       0.0000000
       54900.000       0.0000000
       55100.000       0.0000000
       55300.000       0.0000000
       55500.000       0.0000000
       55700.000       0.0000000
       55900.000       0.0000000
       56100.000       0.0000000
       56300.000       0.0000000
       56500.000       0.0000000
       56700.000       0.0000000
       56900.000       0.0000000
       57100.000       0.0000000
       57300.000       0.0000000
       57500.000       0.0000000
       57700.000       0.0000000
       57900.000       0.0000000
       58100.000       0.0000000
       58300.000       0.0000000
       58500.000       0.0000000
       58700.000       0.0000000
       58900.000       0.0000000
       59100.000       0.0000000
       59300.000       0.0000000
       59500.000       0.0000000
       59700.000       0.0000000
       59900.000       0.0000000
       60100.000       0.0000000
       60300.000       0.0000000
       60500.000       0.0000000
       60700.000       0.0000000
       60900.000       0.0000000
       61100.000       0.0000000
       61300.000       0.0000000
       61500.000       0.0000000
       61700.000       0.0000000
       61900.000       0.0000000
       62100.000       0.0000000
       62300.000       0.0000000
       62500.000       0.0000000
       62700.000       0.0000000
       62900.000       0.0000000
       63100.000       0.0000000
       63300.000       0.0000000
       63500.000       0.0000000
       63700.000       0.0000000
       63900.000       0.0000000
       64200.000       0.0000000
       64600.000       0.0000000
       65000.000       0.0000000
       65400.000       0.0000000
       65800.000       0.0000000
       66200.000       0.0000000
       66600.000       0.0000000
       67000.000       0.0000000
       67400.000       0.0000000
       67800.000       0.0000000
       68200.000       0.0000000
       68600.000       0.0000000
       69000.000       0.0000000
       69400.000       0.0000000
       69800.000       0.0000000
       70200.000       0.0000000
       70600.000       0.0000000
       71000.000       0.0000000
       71400.000       0.0000000
       71800.000       0.0000000
       72200.000       0.0000000
       72600.000       0.0000000
       73000.000       0.0000000
       73400.000       0.0000000
       73800.000       0.0000000
       74200.000       0.0000000
       74600.000       0.0000000
       75000.000       0.0000000
       75400.000       0.0000000
       75800.000       0.0000000
       76200.000       0.0000000
       76600.000       0.0000000
       77000.000       0.0000000
       77400.000       0.0000000
       77800.000       0.0000000
       78200.000       0.0000000
       78600.000       0.0000000
       79000.000       0.0000000
       79400.000       0.0000000
       79800.000       0.0000000
       80200.000       0.0000000
       80600.000       0.0000000
       81000.000       0.0000000
       81400.000       0.0000000
       81800.000       0.0000000
       82200.000       0.0000000
       82600.000       0.0000000
       83000.000       0.0000000
       83400.000       0.0000000
       83800.000       0.0000000
       84200.000       0.0000000
       84600.000       0.0000000
       85000.000       0.0000000
       85400.000       0.0000000
       85800.000       0.0000000
       86200.000       0.0000000
       86600.000       0.0000000
       87000.000       0.0000000
       87400.000       0.0000000
       87800.000       0.0000000
       88200.000       0.0000000
       88600.000       0.0000000
       89000.000       0.0000000
       89400.000       0.0000000
       89800.000       0.0000000
       90200.000       0.0000000
       90600.000       0.0000000
       91000.000       0.0000000
       91400.000       0.0000000
       91800.000       0.0000000
       92200.000       0.0000000
       92600.000       0.0000000
       93000.000       0.0000000
       93400.000       0.0000000
       93800.000       0.0000000
       94200.000       0.0000000
       94600.000       0.0000000
       95000.000       0.0000000
       95400.000       0.0000000
       95800.000       0.0000000
       96200.000       0.0000000
       96600.000       0.0000000
       97000.000       0.0000000
       97400.000       0.0000000
       97800.000       0.0000000
       98200.000       0.0000000
       98600.000       0.0000000
       99000.000       0.0000000
       99400.000       0.0000000
       99800.000       0.0000000
       100000.00       0.0000000
       100900.00       0.0000000
       101900.00       0.0000000
       102800.00       0.0000000
       103800.00       0.0000000
       104700.00       0.0000000
       105700.00       0.0000000
       106700.00       0.0000000
       107600.00       0.0000000
       108600.00       0.0000000
       109600.00       0.0000000
       110700.00       0.0000000
       111700.00       0.0000000
       112700.00       0.0000000
       113800.00       0.0000000
       114800.00       0.0000000
       115900.00       0.0000000
       116900.00       0.0000000
       118000.00       0.0000000
       119100.00       0.0000000
       120200.00       0.0000000
       121300.00       0.0000000
       122500.00       0.0000000
       123600.00       0.0000000
       124700.00       0.0000000
       125900.00       0.0000000
       127100.00       0.0000000
       128200.00       0.0000000
       129400.00       0.0000000
       130600.00       0.0000000
       131800.00       0.0000000
       133000.00       0.0000000
       134300.00       0.0000000
       135500.00       0.0000000
       136800.00       0.0000000
       138000.00       0.0000000
       139300.00       0.0000000
       140600.00       0.0000000
       141900.00       0.0000000
       143200.00       0.0000000
       144500.00       0.0000000
       145900.00       0.0000000
       147200.00       0.0000000
       148600.00       0.0000000
       150000.00       0.0000000
       151400.00       0.0000000
       152800.00       0.0000000
       154200.00       0.0000000
       155600.00       0.0000000
       157000.00       0.0000000
       158500.00       0.0000000
       160000.00       0.0000000
       161400.00       0.0000000
       162900.00       0.0000000
       164400.00       0.0000000
       166000.00       0.0000000
       167500.00       0.0000000
       169000.00       0.0000000
       170600.00       0.0000000
       172200.00       0.0000000
       173800.00       0.0000000
       175400.00       0.0000000
       177000.00       0.0000000
       178600.00       0.0000000
       180300.00       0.0000000
       182000.00       0.0000000
       183700.00       0.0000000
       185400.00       0.0000000
       187100.00       0.0000000
       188800.00       0.0000000
       190500.00       0.0000000
       192300.00       0.0000000
       194100.00       0.0000000
       195900.00       0.0000000
       197700.00       0.0000000
       199500.00       0.0000000
       201400.00       0.0000000
       203200.00       0.0000000
       205100.00       0.0000000
       207000.00       0.0000000
       208900.00       0.0000000
       210900.00       0.0000000
       212800.00       0.0000000
       214800.00       0.0000000
       216800.00       0.0000000
       218800.00       0.0000000
       220800.00       0.0000000
       222800.00       0.0000000
       224900.00       0.0000000
       227000.00       0.0000000
       229100.00       0.0000000
       231200.00       0.0000000
       233300.00       0.0000000
       235500.00       0.0000000
       237700.00       0.0000000
       239900.00       0.0000000
       242100.00       0.0000000
       244300.00       0.0000000
       246600.00       0.0000000
       248900.00       0.0000000
       251200.00       0.0000000
       253500.00       0.0000000
       255900.00       0.0000000
       258200.00       0.0000000
       260600.00       0.0000000
       263000.00       0.0000000
       265500.00       0.0000000
       267900.00       0.0000000
       270400.00       0.0000000
       272900.00       0.0000000
       275400.00       0.0000000
       278000.00       0.0000000
       280500.00       0.0000000
       283100.00       0.0000000
       285800.00       0.0000000
       288400.00       0.0000000
       291100.00       0.0000000
       293800.00       0.0000000
       296500.00       0.0000000
       299200.00       0.0000000
       302000.00       0.0000000
       304800.00       0.0000000
       307600.00       0.0000000
       310500.00       0.0000000
       313300.00       0.0000000
       316200.00       0.0000000
       319200.00       0.0000000
       322100.00       0.0000000
       325100.00       0.0000000
       328100.00       0.0000000
       331100.00       0.0000000
       334200.00       0.0000000
       337300.00       0.0000000
       340400.00       0.0000000
       343600.00       0.0000000
       346700.00       0.0000000
       349900.00       0.0000000
       353200.00       0.0000000
       356500.00       0.0000000
       359700.00       0.0000000
       363100.00       0.0000000
       366400.00       0.0000000
       369800.00       0.0000000
       373300.00       0.0000000
       376700.00       0.0000000
       380200.00       0.0000000
       383700.00       0.0000000
       387300.00       0.0000000
       390800.00       0.0000000
       394500.00       0.0000000
       398100.00       0.0000000
       401800.00       0.0000000
       405500.00       0.0000000
       409300.00       0.0000000
       413000.00       0.0000000
       416900.00       0.0000000
       420700.00       0.0000000
       424600.00       0.0000000
       428500.00       0.0000000
       432500.00       0.0000000
       436500.00       0.0000000
       440600.00       0.0000000
       444600.00       0.0000000
       448700.00       0.0000000
       452900.00       0.0000000
       457100.00       0.0000000
       461300.00       0.0000000
       465600.00       0.0000000
       469900.00       0.0000000
       474200.00       0.0000000
       478600.00       0.0000000
       483100.00       0.0000000
       487500.00       0.0000000
       492000.00       0.0000000
       496600.00       0.0000000
       501200.00       0.0000000
       505800.00       0.0000000
       510500.00       0.0000000
       515200.00       0.0000000
       520000.00       0.0000000
       524800.00       0.0000000
       529700.00       0.0000000
       534600.00       0.0000000
       539500.00       0.0000000
       544500.00       0.0000000
       549500.00       0.0000000
       554600.00       0.0000000
       559800.00       0.0000000
       564900.00       0.0000000
       570200.00       0.0000000
       575400.00       0.0000000
       580800.00       0.0000000
       586100.00       0.0000000
       591600.00       0.0000000
       597000.00       0.0000000
       602600.00       0.0000000
       608100.00       0.0000000
       613800.00       0.0000000
       619400.00       0.0000000
       625200.00       0.0000000
       631000.00       0.0000000
       636800.00       0.0000000
       642700.00       0.0000000
       648600.00       0.0000000
       654600.00       0.0000000
       660700.00       0.0000000
       666800.00       0.0000000
       673000.00       0.0000000
       679200.00       0.0000000
       685500.00       0.0000000
       691800.00       0.0000000
       698200.00       0.0000000
       704700.00       0.0000000
       711200.00       0.0000000
       717800.00       0.0000000
       724400.00       0.0000000
       731100.00       0.0000000
       737900.00       0.0000000
       744700.00       0.0000000
       751600.00       0.0000000
       758600.00       0.0000000
       765600.00       0.0000000
       772700.00       0.0000000
       779800.00       0.0000000
       787000.00       0.0000000
       794300.00       0.0000000
       801700.00       0.0000000
       809100.00       0.0000000
       816600.00       0.0000000
       824100.00       0.0000000
       831800.00       0.0000000
       839500.00       0.0000000
       847200.00       0.0000000
       855100.00       0.0000000
       863000.00       0.0000000
       871000.00       0.0000000
       879000.00       0.0000000
       887200.00       0.0000000
       895400.00       0.0000000
       903600.00       0.0000000
       912000.00       0.0000000
       920400.00       0.0000000
       929000.00       0.0000000
       937600.00       0.0000000
       946200.00       0.0000000
       955000.00       0.0000000
       963800.00       0.0000000
       972700.00       0.0000000
       981700.00       0.0000000
       990800.00       0.0000000
       1000000.0       0.0000000
       1009000.0       0.0000000
       1019000.0       0.0000000
       1028000.0       0.0000000
       1038000.0       0.0000000
       1047000.0       0.0000000
       1057000.0       0.0000000
       1067000.0       0.0000000
       1076000.0       0.0000000
       1086000.0       0.0000000
       1096000.0       0.0000000
       1107000.0       0.0000000
       1117000.0       0.0000000
       1127000.0       0.0000000
       1138000.0       0.0000000
       1148000.0       0.0000000
       1159000.0       0.0000000
       1169000.0       0.0000000
       1180000.0       0.0000000
       1191000.0       0.0000000
       1202000.0       0.0000000
       1213000.0       0.0000000
       1225000.0       0.0000000
       1236000.0       0.0000000
       1247000.0       0.0000000
       1259000.0       0.0000000
       1271000.0       0.0000000
       1282000.0       0.0000000
       1294000.0       0.0000000
       1306000.0       0.0000000
       1318000.0       0.0000000
       1330000.0       0.0000000
       1343000.0       0.0000000
       1355000.0       0.0000000
       1368000.0       0.0000000
       1380000.0       0.0000000
       1393000.0       0.0000000
       1406000.0       0.0000000
       1419000.0       0.0000000
       1432000.0       0.0000000
       1445000.0       0.0000000
       1459000.0       0.0000000
       1472000.0       0.0000000
       1486000.0       0.0000000
       1500000.0       0.0000000
       1514000.0       0.0000000
       1528000.0       0.0000000
       1542000.0       0.0000000
       1556000.0       0.0000000
       1570000.0       0.0000000
       1585000.0       0.0000000
       1600000.0       0.0000000
       1614000.0       0.0000000
       1629000.0       0.0000000
       1644000.0       0.0000000
       1660000.0       0.0000000
       1675000.0       0.0000000
       1690000.0       0.0000000
       1706000.0       0.0000000
       1722000.0       0.0000000
       1738000.0       0.0000000
       1754000.0       0.0000000
       1770000.0       0.0000000
       1786000.0       0.0000000
       1803000.0       0.0000000
       1820000.0       0.0000000
       1837000.0       0.0000000
       1854000.0       0.0000000
       1871000.0       0.0000000
       1888000.0       0.0000000
       1905000.0       0.0000000
       1923000.0       0.0000000
       1941000.0       0.0000000
       1959000.0       0.0000000
       1977000.0       0.0000000
       1995000.0       0.0000000
       2014000.0       0.0000000
       2032000.0       0.0000000
       2051000.0       0.0000000
       2070000.0       0.0000000
       2089000.0       0.0000000
       2109000.0       0.0000000
       2128000.0       0.0000000
       2148000.0       0.0000000
       2168000.0       0.0000000
       2188000.0       0.0000000
       2208000.0       0.0000000
       2228000.0       0.0000000
       2249000.0       0.0000000
       2270000.0       0.0000000
       2291000.0       0.0000000
       2312000.0       0.0000000
       2333000.0       0.0000000
       2355000.0       0.0000000
       2377000.0       0.0000000
       2399000.0       0.0000000
       2421000.0       0.0000000
       2443000.0       0.0000000
       2466000.0       0.0000000
       2489000.0       0.0000000
       2512000.0       0.0000000
       2535000.0       0.0000000
       2559000.0       0.0000000
       2582000.0       0.0000000
       2606000.0       0.0000000
       2630000.0       0.0000000
       2655000.0       0.0000000
       2679000.0       0.0000000
       2704000.0       0.0000000
       2729000.0       0.0000000
       2754000.0       0.0000000
       2780000.0       0.0000000
       2805000.0       0.0000000
       2831000.0       0.0000000
       2858000.0       0.0000000
       2884000.0       0.0000000
       2911000.0       0.0000000
       2938000.0       0.0000000
       2965000.0       0.0000000
       2992000.0       0.0000000
       3020000.0       0.0000000
       3048000.0       0.0000000
       3076000.0       0.0000000
       3105000.0       0.0000000
       3133000.0       0.0000000
       3162000.0       0.0000000
       3192000.0       0.0000000
       3221000.0       0.0000000
       3251000.0       0.0000000
       3281000.0       0.0000000
       3311000.0       0.0000000
       3342000.0       0.0000000
       3373000.0       0.0000000
       3404000.0       0.0000000
       3436000.0       0.0000000
       3467000.0       0.0000000
       3499000.0       0.0000000
       3532000.0       0.0000000
       3565000.0       0.0000000
       3597000.0       0.0000000
       3631000.0       0.0000000
       3664000.0       0.0000000
       3698000.0       0.0000000
       3733000.0       0.0000000
       3767000.0       0.0000000
       3802000.0       0.0000000
       3837000.0       0.0000000
       3873000.0       0.0000000
       3908000.0       0.0000000
       3945000.0       0.0000000
       3981000.0       0.0000000
       4018000.0       0.0000000
       4055000.0       0.0000000
       4093000.0       0.0000000
       4130000.0       0.0000000
       4169000.0       0.0000000
       4207000.0       0.0000000
       4246000.0       0.0000000
       4285000.0       0.0000000
       4325000.0       0.0000000
       4365000.0       0.0000000
       4406000.0       0.0000000
       4446000.0       0.0000000
       4487000.0       0.0000000
       4529000.0       0.0000000
       4571000.0       0.0000000
       4613000.0       0.0000000
       4656000.0       0.0000000
       4699000.0       0.0000000
       4742000.0       0.0000000
       4786000.0       0.0000000
       4831000.0       0.0000000
       4875000.0       0.0000000
       4920000.0       0.0000000
       4966000.0       0.0000000
       5012000.0       0.0000000
       5058000.0       0.0000000
       5105000.0       0.0000000
       5152000.0       0.0000000
       5200000.0       0.0000000
       5248000.0       0.0000000
       5297000.0       0.0000000
       5346000.0       0.0000000
       5395000.0       0.0000000
       5445000.0       0.0000000
       5495000.0       0.0000000
       5546000.0       0.0000000
       5598000.0       0.0000000
       5649000.0       0.0000000
       5702000.0       0.0000000
       5754000.0       0.0000000
       5808000.0       0.0000000
       5861000.0       0.0000000
       5916000.0       0.0000000
       5970000.0       0.0000000
       6026000.0       0.0000000
       6081000.0       0.0000000
       6138000.0       0.0000000
       6194000.0       0.0000000
       6252000.0       0.0000000
       6310000.0       0.0000000
       6368000.0       0.0000000
       6427000.0       0.0000000
       6486000.0       0.0000000
       6546000.0       0.0000000
       6607000.0       0.0000000
       6668000.0       0.0000000
       6730000.0       0.0000000
       6792000.0       0.0000000
       6855000.0       0.0000000
       6918000.0       0.0000000
       6982000.0       0.0000000
       7047000.0       0.0000000
       7112000.0       0.0000000
       7178000.0       0.0000000
       7244000.0       0.0000000
       7311000.0       0.0000000
       7379000.0       0.0000000
       7447000.0       0.0000000
       7516000.0       0.0000000
       7586000.0       0.0000000
       7656000.0       0.0000000
       7727000.0       0.0000000
       7798000.0       0.0000000
       7870000.0       0.0000000
       7943000.0       0.0000000
       8017000.0       0.0000000
       8091000.0       0.0000000
       8166000.0       0.0000000
       8241000.0       0.0000000
       8318000.0       0.0000000
       8395000.0       0.0000000
       8472000.0       0.0000000
       8551000.0       0.0000000
       8630000.0       0.0000000
       8710000.0       0.0000000
       8790000.0       0.0000000
       8872000.0       0.0000000
       8954000.0       0.0000000
       9036000.0       0.0000000
       9120000.0       0.0000000
       9204000.0       0.0000000
       9290000.0       0.0000000
       9376000.0       0.0000000
       9462000.0       0.0000000
       9550000.0       0.0000000
       9638000.0       0.0000000
       9727000.0       0.0000000
       9817000.0       0.0000000
       9908000.0       0.0000000
       10000000.       0.0000000
       10090000.       0.0000000
       10190000.       0.0000000
       10280000.       0.0000000
       10380000.       0.0000000
       10470000.       0.0000000
       10570000.       0.0000000
       10670000.       0.0000000
       10760000.       0.0000000
       10860000.       0.0000000
       10960000.       0.0000000
       11070000.       0.0000000
       11170000.       0.0000000
       11270000.       0.0000000
       11380000.       0.0000000
       11480000.       0.0000000
       11590000.       0.0000000
       11690000.       0.0000000
       11800000.       0.0000000
       11910000.       0.0000000
       12020000.       0.0000000
       12130000.       0.0000000
       12250000.       0.0000000
       12360000.       0.0000000
       12470000.       0.0000000
       12590000.       0.0000000
       12710000.       0.0000000
       12820000.       0.0000000
       12940000.       0.0000000
       13060000.       0.0000000
       13180000.       0.0000000
       13300000.       0.0000000
       13430000.       0.0000000
       13550000.       0.0000000
       13680000.       0.0000000
       13800000.       0.0000000
       13930000.       0.0000000
       14060000.       0.0000000
       14190000.       0.0000000
       14320000.       0.0000000
       14450000.       0.0000000
       14590000.       0.0000000
       14720000.       0.0000000
       14860000.       0.0000000
       15000000.       0.0000000
       15140000.       0.0000000
       15280000.       0.0000000
       15420000.       0.0000000
       15560000.       0.0000000
       15700000.       0.0000000
       15850000.       0.0000000
       16000000.       0.0000000
       16140000.       0.0000000
       16290000.       0.0000000
       16440000.       0.0000000
       16600000.       0.0000000
       16750000.       0.0000000
       16900000.       0.0000000
       17060000.       0.0000000
       17220000.       0.0000000
       17380000.       0.0000000
       17540000.       0.0000000
       17700000.       0.0000000
       17860000.       0.0000000
       18030000.       0.0000000
       18200000.       0.0000000
       18370000.       0.0000000
       18540000.       0.0000000
       18710000.       0.0000000
       18880000.       0.0000000
       19050000.       0.0000000
       19230000.       0.0000000
       19410000.       0.0000000
       19590000.       0.0000000
       19770000.       0.0000000
       19950000.       0.0000000
       20140000.       0.0000000
       20320000.       0.0000000
       20510000.       0.0000000
       20700000.       0.0000000
       20890000.       0.0000000
       21090000.       0.0000000
       21280000.       0.0000000
       21480000.       0.0000000
       21680000.       0.0000000
       21880000.       0.0000000
       22080000.       0.0000000
       22280000.       0.0000000
       22490000.       0.0000000
       22700000.       0.0000000
       22910000.       0.0000000
       23120000.       0.0000000
       23330000.       0.0000000
       23550000.       0.0000000
       23770000.       0.0000000
       23990000.       0.0000000
       24210000.       0.0000000
       24430000.       0.0000000
       24660000.       0.0000000
       24890000.       0.0000000
       25120000.       0.0000000
       25350000.       0.0000000
       25590000.       0.0000000
       25820000.       0.0000000
       26060000.       0.0000000
       26300000.       0.0000000
       26550000.       0.0000000
       26790000.       0.0000000
       27040000.       0.0000000
       27290000.       0.0000000
       27540000.       0.0000000
       27800000.       0.0000000
       28050000.       0.0000000
       28310000.       0.0000000
       28580000.       0.0000000
       28840000.       0.0000000
       29110000.       0.0000000
       29380000.       0.0000000
       29650000.       0.0000000
       29920000.       0.0000000
       30200000.       0.0000000
       30480000.       0.0000000
       30760000.       0.0000000
       31050000.       0.0000000
       31330000.       0.0000000
       31620000.       0.0000000
       31920000.       0.0000000
       32210000.       0.0000000
       32510000.       0.0000000
       32810000.       0.0000000
       33110000.       0.0000000
       33420000.       0.0000000
       33730000.       0.0000000
       34040000.       0.0000000
       34360000.       0.0000000
       34670000.       0.0000000
       34990000.       0.0000000
       35320000.       0.0000000
       35650000.       0.0000000
       35970000.       0.0000000
       36310000.       0.0000000
       36640000.       0.0000000
       36980000.       0.0000000
       37330000.       0.0000000
       37670000.       0.0000000
       38020000.       0.0000000
       38370000.       0.0000000
       38730000.       0.0000000
       39080000.       0.0000000
       39450000.       0.0000000
       39810000.       0.0000000
       40180000.       0.0000000
       40550000.       0.0000000
       40930000.       0.0000000
       41300000.       0.0000000
       41690000.       0.0000000
       42070000.       0.0000000
       42460000.       0.0000000
       42850000.       0.0000000
       43250000.       0.0000000
       43650000.       0.0000000
       44060000.       0.0000000
       44460000.       0.0000000
       44870000.       0.0000000
       45290000.       0.0000000
       45710000.       0.0000000
       46130000.       0.0000000
       46560000.       0.0000000
       46990000.       0.0000000
       47420000.       0.0000000
       47860000.       0.0000000
       48310000.       0.0000000
       48750000.       0.0000000
       49200000.       0.0000000
       49660000.       0.0000000
       50120000.       0.0000000
       50580000.       0.0000000
       51050000.       0.0000000
       51520000.       0.0000000
       52000000.       0.0000000
       52480000.       0.0000000
       52970000.       0.0000000
       53460000.       0.0000000
       53950000.       0.0000000
       54450000.       0.0000000
       54950000.       0.0000000
       55460000.       0.0000000
       55980000.       0.0000000
       56490000.       0.0000000
       57020000.       0.0000000
       57540000.       0.0000000
       58080000.       0.0000000
       58610000.       0.0000000
       59160000.       0.0000000
       59700000.       0.0000000
       60260000.       0.0000000
       60810000.       0.0000000
       61380000.       0.0000000
       61940000.       0.0000000
       62520000.       0.0000000
       63100000.       0.0000000
       63680000.       0.0000000
       64270000.       0.0000000
       64860000.       0.0000000
       65460000.       0.0000000
       66070000.       0.0000000
       66680000.       0.0000000
       67300000.       0.0000000
       67920000.       0.0000000
       68550000.       0.0000000
       69180000.       0.0000000
       69820000.       0.0000000
       70470000.       0.0000000
       71120000.       0.0000000
       71780000.       0.0000000
       72440000.       0.0000000
       73110000.       0.0000000
       73790000.       0.0000000
       74470000.       0.0000000
       75160000.       0.0000000
       75860000.       0.0000000
       76560000.       0.0000000
       77270000.       0.0000000
       77980000.       0.0000000
       78700000.       0.0000000
       79430000.       0.0000000
       80170000.       0.0000000
       80910000.       0.0000000
       81660000.       0.0000000
       82410000.       0.0000000
       83180000.       0.0000000
       83950000.       0.0000000
       84720000.       0.0000000
       85510000.       0.0000000
       86300000.       0.0000000
       87100000.       0.0000000
       87900000.       0.0000000
       88720000.       0.0000000
       89540000.       0.0000000
       90360000.       0.0000000
       91200000.       0.0000000
       92040000.       0.0000000
       92900000.       0.0000000
       93760000.       0.0000000
       94620000.       0.0000000
       95500000.       0.0000000
       96380000.       0.0000000
       97270000.       0.0000000
       98170000.       0.0000000
       99080000.       0.0000000
   1.0000000e+08       0.0000000
