1.000291601866251989e+00 0.000000000000000000e+00
1.025298891912908239e+00 0.000000000000000000e+00
1.050931364210730745e+00 0.000000000000000000e+00
1.077204648315999158e+00 0.000000000000000000e+00
1.104134764523899026e+00 0.000000000000000000e+00
1.131738133636996269e+00 0.000000000000000000e+00
1.160031586977921192e+00 0.000000000000000000e+00
1.189032376652368939e+00 0.000000000000000000e+00
1.218758186068678251e+00 0.000000000000000000e+00
1.249227140720394758e+00 0.000000000000000000e+00
1.280457819238404626e+00 0.000000000000000000e+00
1.312469264719364759e+00 0.000000000000000000e+00
1.345280996337348656e+00 0.000000000000000000e+00
1.378913021245782300e+00 0.000000000000000000e+00
1.413385846776926691e+00 0.000000000000000000e+00
1.448720492946349747e+00 0.000000000000000000e+00
1.484938505270008369e+00 0.000000000000000000e+00
1.522061967901758406e+00 0.000000000000000000e+00
1.560113517099302349e+00 0.000000000000000000e+00
1.599116355026784619e+00 0.000000000000000000e+00
1.639094263902454163e+00 0.000000000000000000e+00
1.680071620500015239e+00 0.000000000000000000e+00
1.722073411012515320e+00 0.000000000000000000e+00
1.765125246287828187e+00 0.000000000000000000e+00
1.809253377445023903e+00 0.000000000000000000e+00
1.854484711881149162e+00 0.000000000000000000e+00
1.900846829678177530e+00 0.000000000000000000e+00
1.948368000420131807e+00 0.000000000000000000e+00
1.997077200430635191e+00 0.000000000000000000e+00
2.047004130441400616e+00 0.000000000000000000e+00
2.098179233702435642e+00 0.000000000000000000e+00
2.150633714544996078e+00 0.000000000000000000e+00
2.204399557408620591e+00 0.000000000000000000e+00
2.259509546343836384e+00 0.000000000000000000e+00
2.315997285002431738e+00 0.000000000000000000e+00
2.373897217127492354e+00 0.000000000000000000e+00
2.433244647555679485e+00 0.000000000000000000e+00
2.494075763744571184e+00 0.000000000000000000e+00
2.556427657838185485e+00 0.000000000000000000e+00
2.620338349284140111e+00 0.000000000000000000e+00
2.685846808016243425e+00 0.000000000000000000e+00
2.752992978216649345e+00 0.000000000000000000e+00
2.821817802672065056e+00 0.000000000000000000e+00
2.892363247738866328e+00 0.000000000000000000e+00
2.964672328932338008e+00 0.000000000000000000e+00
3.038789137155646358e+00 0.000000000000000000e+00
3.114758865584537073e+00 0.000000000000000000e+00
3.192627837224150777e+00 0.000000000000000000e+00
3.272443533154754114e+00 0.000000000000000000e+00
3.354254621483622856e+00 0.000000000000000000e+00
3.438110987020713161e+00 0.000000000000000000e+00
3.524063761696230923e+00 0.000000000000000000e+00
3.612165355738636396e+00 0.000000000000000000e+00
3.702469489632101762e+00 0.000000000000000000e+00
3.795031226872904284e+00 0.000000000000000000e+00
3.889907007544727069e+00 0.000000000000000000e+00
3.987154682733344835e+00 0.000000000000000000e+00
4.086833549801678345e+00 0.000000000000000000e+00
4.189004388546719859e+00 0.000000000000000000e+00
4.293729498260387523e+00 0.000000000000000000e+00
4.401072735716897277e+00 0.000000000000000000e+00
4.511099554109819110e+00 0.000000000000000000e+00
4.623877042962564410e+00 0.000000000000000000e+00
4.739473969036628986e+00 0.000000000000000000e+00
4.857960818262544223e+00 0.000000000000000000e+00
4.979409838719107029e+00 6.348408888542973102e-277
5.103895084687083639e+00 4.527480264243060384e-269
5.231492461804260863e+00 1.903410261618749075e-261
5.362279773349367673e+00 7.831350906841478262e-254
5.496336767683100533e+00 1.135448873049570690e-246
5.633745186875177779e+00 1.088768131692929458e-239
5.774588816547056247e+00 7.018464998205836511e-233
5.918953536960732897e+00 2.232753052239694475e-226
6.066927375384749688e+00 5.606973655725668226e-220
6.218600559769368097e+00 8.105954407571345431e-214
6.374065573763601833e+00 7.811047901573743712e-208
6.533417213107692412e+00 5.370209860437195550e-202
6.696752643435383234e+00 2.111988564361570080e-196
6.864171459521267060e+00 6.396521625114139148e-191
7.035775746009298004e+00 1.184269294043076428e-185
7.211670139659529966e+00 1.562998622647461183e-180
7.391961893151018259e+00 1.378543869574386186e-175
7.576760940479792872e+00 1.393365874732207354e-170
7.766179963991787005e+00 8.197847429339000889e-166
7.960334463091579771e+00 2.781807534611451047e-161
8.159342824668870620e+00 6.571064370435943185e-157
8.363326395285589854e+00 1.121318153905752711e-152
8.572409555167727291e+00 1.398249012916820255e-148
8.786719794046922161e+00 1.313242094663682681e-144
9.006387788898093660e+00 2.041041557643733981e-140
9.231547483620545336e+00 2.876117947530477161e-136
9.462336170711056482e+00 1.856405202702142953e-132
9.698894574978833560e+00 7.677681206286634580e-129
9.941366939353303067e+00 1.848367462749581634e-125
1.018990111283713418e+01 3.604575863219648718e-122
1.044464864065806076e+01 5.698337892025253259e-119
1.070576485667451294e+01 7.068767435303076974e-116
1.097340897809137417e+01 6.984362867313296778e-113
1.124774420254365737e+01 5.558445982944509605e-110
1.152893780760724951e+01 3.599341222471589640e-107
1.181716125279742968e+01 1.970697779518702580e-104
1.211259028411736338e+01 8.776525892862628440e-102
1.241540504122029809e+01 3.203683821651496837e-99
1.272579016725080336e+01 9.689733539806239052e-97
1.304393492143207212e+01 2.456148872523545068e-94
1.337003329446787525e+01 5.173346431624155849e-92
1.370428412682957031e+01 9.231175881661755327e-90
1.404689123000030904e+01 1.416409813145440067e-87
1.439806351075031365e+01 1.811515343571309013e-85
1.475801509851906879e+01 1.980490399177475001e-83
1.512696547598204688e+01 1.862960731092192551e-81
1.550513961288159592e+01 1.509092571427004526e-79
1.589276810320363431e+01 1.071499692203637616e-77
1.629008730578372521e+01 6.644090820655579362e-76
1.669733948842831595e+01 3.601106360903645045e-74
1.711477297563902411e+01 1.734376787028009607e-72
1.754264230002999625e+01 7.401548062454668965e-71
1.798120835753074687e+01 2.783433163864032893e-69
1.843073856646901376e+01 9.646223697379513959e-68
1.889150703063073777e+01 3.035134345162122975e-66
1.936379470639650435e+01 8.507835118612504661e-65
1.984788957405641341e+01 3.337816183082704056e-62
2.034408681340782366e+01 2.420263140894189477e-60
2.085268898374301472e+01 3.639562069492504393e-59
2.137400620833658849e+01 4.860320434967683902e-58
2.190835636354499982e+01 7.800558061615812744e-57
2.245606527263362295e+01 1.416180604539396586e-55
2.301746690444945997e+01 1.235232970688350120e-54
2.359290357706069585e+01 1.962027268052870556e-53
2.418272616648721041e+01 4.734322197015562170e-52
2.478729432064939076e+01 3.677414146028256276e-51
2.540697667866562171e+01 1.422194783093040696e-50
2.604215109563226349e+01 5.756483997280741462e-50
2.669320487302307043e+01 5.687750686682038683e-49
2.736053499484864204e+01 8.288431004816214484e-48
2.804454836971985543e+01 1.435325879797388477e-46
2.874566207896284808e+01 1.166710464569188198e-45
2.946430363093692151e+01 7.033445335500292664e-45
3.020091122171033859e+01 6.308652710028033599e-44
3.095593400225309466e+01 7.870680666801771883e-43
3.172983235230941546e+01 2.701276075594868864e-42
3.252307816111714800e+01 2.576628515759226725e-41
3.333615511514507546e+01 4.182634819652497662e-41
3.416955899302370625e+01 6.706778632602465302e-41
3.502379796784929056e+01 1.062294724880358515e-40
3.589939291704553170e+01 1.662125082120157857e-40
3.679687773997166289e+01 2.569462634648630646e-40
3.771679968347095269e+01 3.925240637523955121e-40
3.865971967555772437e+01 5.923970710296904691e-40
3.962621266744666571e+01 8.913516493142941140e-40
4.061686798413282418e+01 1.403411823999637440e-39
4.163228968373614691e+01 2.377637975098371750e-39
4.267309692582954028e+01 3.737921796275890736e-39
4.373992434897527914e+01 5.753987313289129373e-39
4.483342245769965473e+01 1.098021630955669015e-38
4.595425801914214503e+01 2.950848844822958025e-38
4.710311446962069226e+01 1.388713149634250209e-37
4.828069233136120886e+01 3.862463135813310024e-37
4.948770963964523162e+01 9.937962424195710130e-37
5.072490238063635815e+01 2.684272738719217445e-36
5.199302494015226728e+01 5.772484284743557451e-36
5.329285056365606721e+01 1.219846799916513010e-35
5.462517182774745805e+01 2.113494255581019881e-35
5.599080112344115179e+01 3.556814130258304823e-35
5.739057115152717614e+01 5.826594057721111595e-35
5.882533543031534862e+01 1.024112740971753898e-34
6.029596881607322700e+01 1.792897107939675448e-34
6.180336803647505661e+01 3.071195426264776976e-34
6.334845223738692255e+01 4.961244770073261901e-34
6.493216354332159312e+01 7.985369652733069692e-34
6.655546763190461945e+01 1.262495054028716906e-33
6.821935432270224453e+01 1.952002572809052319e-33
6.992483818076979674e+01 2.995442886989448310e-33
7.167295913528901963e+01 4.554352787719681064e-33
7.346478311367124547e+01 6.832315073029438560e-33
7.530140269151303301e+01 1.023787341238658757e-32
7.718393775880085173e+01 1.500887130333700248e-32
7.911353620277087373e+01 2.174024228950437391e-32
8.109137460784013740e+01 3.120998314364600708e-32
8.311865897303614759e+01 4.436840397768178322e-32
8.519662544736203813e+01 6.308150145946084020e-32
8.732654108354607558e+01 8.847676869260257903e-32
8.950970461063474204e+01 1.230185929385560727e-31
9.174744722590058643e+01 1.697227828918168251e-31
9.404113340654809861e+01 2.321540350261504855e-31
9.639216174171180285e+01 3.149527999213732632e-31
9.880196578525458051e+01 4.235687637182141234e-31
1.012720149298859553e+02 5.650458194093216971e-31
1.038038153031330921e+02 7.478207993561177484e-31
1.063989106857114137e+02 9.820837587985649491e-31
1.090588834528541753e+02 1.279889428501424868e-30
1.117853555391755407e+02 1.655358298699255106e-30
1.145799894276549225e+02 2.124849109150372881e-30
1.174444891633462902e+02 2.707070114475929805e-30
1.203806013924299236e+02 3.423120938435664291e-30
1.233901164272406703e+02 4.296446204374415165e-30
1.264748693379216604e+02 5.352670953368448712e-30
1.296367410713696984e+02 6.619293421495803269e-30
1.328776595981539117e+02 8.125204445963550128e-30
1.361996010881077268e+02 9.900011892471900933e-30
1.396045911153104271e+02 1.197314672384005002e-29
1.430947058931931792e+02 1.437274209671969727e-29
1.466720735405229732e+02 1.712428224096486803e-29
1.503388753790360681e+02 2.024903922766087519e-29
1.540973472635119208e+02 2.376233311187833971e-29
1.579497809450997181e+02 2.767167405848373253e-29
1.618985254687272004e+02 3.197487120116088703e-29
1.659459886054453364e+02 3.665821489506892611e-29
1.700946383205814811e+02 4.169486218376110434e-29
1.743470042785959606e+02 4.704357019430892643e-29
1.787056793855608703e+02 5.264792954195901262e-29
1.831733213701998579e+02 5.843624132092216410e-29
1.877526544044548302e+02 6.432216319996181106e-29
1.924464707645661861e+02 7.020621312383491045e-29
1.972576325336803507e+02 7.597816979813683825e-29
2.021890733470223438e+02 8.152034644602667182e-29
2.072438001806978605e+02 8.671164105021382105e-29
2.124248951852153198e+02 9.143219494359764047e-29
2.177355175648456509e+02 9.556842599405771353e-29
2.231789055039667744e+02 9.901814643305129207e-29
2.287583781415659132e+02 1.016954417368657675e-28
2.344773375951050411e+02 1.035349765314848267e-28
2.403392710349826586e+02 1.044954167469604624e-28
2.463477528108571732e+02 1.045617058604398140e-28
2.525064466311286253e+02 1.037460077404843172e-28
2.588191077969068488e+02 1.020872253454650299e-28
2.652895854918294845e+02 9.964910677781233254e-29
2.719218251291252386e+02 9.651706311943849029e-29
2.787198707573533056e+02 9.279391382116672404e-29
2.856878675262870502e+02 8.859485631666765923e-29
2.858307114600501677e+02 8.404200629635759343e-29
2.859736268157801646e+02 7.925887300117346096e-29
2.861166136291880662e+02 7.436512200874957261e-29
2.862596719360026327e+02 6.947193648415429211e-29
2.864028017719705872e+02 6.467822036082660503e-29
2.865460031728566150e+02 6.006780680843927562e-29
2.866892761744430231e+02 5.570774536389359858e-29
2.868326208125301946e+02 5.164765653188999134e-29
2.869760371229364750e+02 4.792006558535322557e-29
2.871195251414978884e+02 4.454156868252167646e-29
2.872630849040686485e+02 4.151464380357093546e-29
2.874067164465206474e+02 3.882990235250324774e-29
2.875504198047439104e+02 3.646856945014267716e-29
2.876941950146462545e+02 3.440501606644479685e-29
2.878380421121535733e+02 3.260916666318724205e-29
2.879819611332096656e+02 3.104868275729006091e-29
2.881259521137762363e+02 2.969081429685156308e-29
2.882700150898331231e+02 2.850390937706555249e-29
2.884141500973780126e+02 2.745852651595740390e-29
2.885583571724266676e+02 2.652821113390364706e-29
2.887026363510128704e+02 2.568989994558514885e-29
2.888469876691883087e+02 2.492414535486546039e-29
2.889914111630229172e+02 2.421504009633225259e-29
2.891359068686044225e+02 2.354997767685838273e-29
2.892804748220386841e+02 2.291937581385445756e-29
2.894251150594496380e+02 2.231627254604156185e-29
2.895698276169794099e+02 2.173580200472587613e-29
2.897146125307878606e+02 2.117509357856674919e-29
2.898594698370532114e+02 2.063236296444953683e-29
2.900043995719717600e+02 2.010686457506998741e-29
2.901494017717577094e+02 1.959858584404108090e-29
2.902944764726435665e+02 1.910751282240533658e-29
2.904396237108798573e+02 1.863485800213644617e-29
2.905848435227352979e+02 1.818083904687439567e-29
2.907301359444966238e+02 1.774584314602912434e-29
2.908755010124688738e+02 1.733030965077618823e-29
2.910209387629751063e+02 1.693430362939225340e-29
2.911664492323565696e+02 1.655791134505905432e-29
2.913120324569727586e+02 1.620069976813282100e-29
2.914576884732012445e+02 1.586225008943771185e-29
2.916034173174377884e+02 1.554200399003208527e-29
2.917492190260965117e+02 1.523939607072792643e-29
2.918950936356095553e+02 1.495384685867807173e-29
2.920410411824273069e+02 1.468477065558428456e-29
2.921870617030185144e+02 1.443159704362784387e-29
2.923331552338700021e+02 1.419378360974088737e-29
2.924793218114868978e+02 1.397081389436769318e-29
2.926255614723926328e+02 1.376219083626364231e-29
2.927718742531288854e+02 1.356742211965154279e-29
2.929182601902554666e+02 1.338600523187592118e-29
2.930647193203505481e+02 1.321741021827798244e-29
2.932112516800107187e+02 1.306106622366313362e-29
2.933578573058507004e+02 1.291635078162515784e-29
2.935045362345036324e+02 1.278258760218322776e-29
2.936512885026209005e+02 1.265904843010894823e-29
2.937981141468721944e+02 1.254496170179558877e-29
2.939450132039456207e+02 1.243952631473722466e-29
2.940919857105475330e+02 1.234192837725885334e-29
2.942390317034028726e+02 1.225136088058059423e-29
2.943861512192545433e+02 1.216704304317819120e-29
2.945333442948641505e+02 1.208823809738848110e-29
2.946806109670116030e+02 1.201426779412422195e-29
2.948279512724950564e+02 1.194452312481588786e-29
2.949753652481313111e+02 1.187846987870871177e-29
2.951228529307553572e+02 1.181565046088910460e-29
2.952704143572207727e+02 1.175568106449384176e-29
2.954180495643993822e+02 1.169824346844363678e-29
2.955657585891815415e+02 1.164307583656000865e-29
2.957135414684760804e+02 1.158996216832741719e-29
2.958613982392102457e+02 1.153871964169503303e-29
2.960093289383298725e+02 1.148918576613469261e-29
2.961573336027989853e+02 1.144120549017008460e-29
2.963054122696003674e+02 1.139461992349019365e-29
2.964535649757352189e+02 1.134925566128981684e-29
2.966017917582231007e+02 1.130491319140951102e-29
2.967500926541021613e+02 1.126135662874733029e-29
2.968984677004291939e+02 1.121830271603686738e-29
2.970469169342794089e+02 1.117541219340173460e-29
2.971954403927464909e+02 1.113228167510072929e-29
2.973440381129428260e+02 1.108843647892752501e-29
2.974927101319993312e+02 1.104332657324133510e-29
2.976414564870653408e+02 1.099632594696266991e-29
2.977902772153088335e+02 1.094673676715749842e-29
2.979391723539164900e+02 1.089379965091383206e-29
2.980881419400934078e+02 1.083670984947095196e-29
2.982371860110634429e+02 1.077464193610172260e-29
2.983863046040689824e+02 1.070677216729006866e-29
2.985354977563710008e+02 1.063231337342231366e-29
2.986847655052491746e+02 1.055054998432856389e-29
2.988341078880017676e+02 1.046087398932892907e-29
2.989835249419457455e+02 1.036281960595217351e-29
2.991330167044167183e+02 1.025609177990944733e-29
2.992825832127688841e+02 1.014059264395352788e-29
2.994322245043752559e+02 1.001644193601953279e-29
2.995819406166274348e+02 9.883984749933092413e-30
2.997317315869357230e+02 9.743793580633113150e-30
2.998815974527291246e+02 9.596661531938711285e-30
3.000315382514555154e+02 9.443590660893664882e-30
3.001815540205811885e+02 9.285776206374711401e-30
3.003316447975914230e+02 9.124588716322278302e-30
3.004818106199902559e+02 8.961556667550811160e-30
3.006320515253001986e+02 8.798352217086570223e-30
3.007823675510628050e+02 8.636780659355956662e-30
3.009327587348383872e+02 8.478774117104277393e-30
3.010832251142057316e+02 8.326389291551831920e-30
3.012337667267627808e+02 8.181807908172723717e-30
3.013843836101261786e+02 8.047337325470864870e-30
3.015350758019312138e+02 7.925406588501234660e-30
3.016858433398321608e+02 7.818555063757164441e-30
3.018366862615020523e+02 7.729409290422801494e-30
3.019876046046327929e+02 7.660643791220271821e-30
3.021385984069351025e+02 7.614924156086657065e-30
3.022896677061386299e+02 7.594828020703974706e-30
3.024408125399916116e+02 7.602747781257915729e-30
3.025920329462616110e+02 7.640774986278194941e-30
3.027433289627347222e+02 7.710571321099663749e-30
3.028947006272160252e+02 7.813232664119272717e-30
3.030461479775296425e+02 7.949155033016630346e-30
3.031976710515184550e+02 8.117911687697077061e-30
3.033492698870441586e+02 8.318151136555144636e-30
3.035009445219877193e+02 8.547526618640599017e-30
3.036526949942486340e+02 8.802666059151932344e-30
3.038045213417457830e+02 9.079189166602556815e-30
3.039564236024166917e+02 9.371774757176797738e-30
3.041084018142178138e+02 9.674279707183947332e-30
3.042604560151249302e+02 9.979907067944831536e-30
3.044125862431324663e+02 1.028141481655712330e-29
3.045647925362540036e+02 1.057135805209542797e-29
3.047170749325221095e+02 1.084234863697620528e-29
3.048694334699883939e+02 1.108732104528012097e-29
3.050218681867233954e+02 1.129978753213393694e-29
3.051743791208167522e+02 1.147407023727006646e-29
3.053269663103771450e+02 1.160549671108609011e-29
3.054796297935322968e+02 1.169054873811036830e-29
3.056323696084290304e+02 1.172695749996311816e-29
3.057851857932332109e+02 1.171374436018266157e-29
3.059380783861298028e+02 1.165120533140830083e-29
3.060910474253228131e+02 1.154084483514008762e-29
3.062440929490354620e+02 1.138526433161625610e-29
3.063972149955098985e+02 1.118801579645826304e-29
3.065504136030076552e+02 1.095342986907681330e-29
3.067036888098091936e+02 1.068642866402539055e-29
3.068570406542140176e+02 1.039233312037650277e-29
3.070104691745411287e+02 1.007667493199858106e-29
3.071639744091284001e+02 9.745019129566086175e-30
3.073175563963329751e+02 9.402803246874100490e-30
3.074712151745310962e+02 9.055197603160219913e-30
3.076249507821183329e+02 8.706989784182227655e-30
3.077787632575094108e+02 8.362492321860383793e-30
3.079326526391381549e+02 8.025474652043641819e-30
3.080866189654576601e+02 7.699118625434186466e-30
3.082406622749403482e+02 7.385995775164934231e-30
3.083947826060777970e+02 7.088064274985237102e-30
3.085489799973807976e+02 6.806683903022027267e-30
3.087032544873794677e+02 6.542646457443653085e-30
3.088576061146231382e+02 6.296220789144168201e-30
3.090120349176804666e+02 6.067208589432340904e-30
3.091665409351393237e+02 5.855009868721623359e-30
3.093211242056068500e+02 5.658695290305334154e-30
3.094757847677096265e+02 5.477082075926085848e-30
3.096305226600934475e+02 5.308813253598805488e-30
3.097853379214234906e+02 5.152434786201429535e-30
3.099402305903841466e+02 5.006469095864458173e-30
3.100952007056793605e+02 4.869482816878361076e-30
3.102502483060322334e+02 4.740145671618797283e-30
3.104053734301852501e+02 4.617278830879471750e-30
3.105605761169003358e+02 4.499890381812921454e-30
3.107158564049587994e+02 4.387203904561970771e-30
3.108712143331612197e+02 4.278665316497299995e-30
3.110266499403277862e+02 4.173940648850415066e-30
3.111821632652979588e+02 4.072901781478006232e-30
3.113377543469305806e+02 3.975601040154874647e-30
3.114934232241039922e+02 3.882239046593135415e-30
3.116491699357160314e+02 3.793122139465241430e-30
3.118049945206838629e+02 3.708618366134911374e-30
3.119608970179442053e+02 3.629114856084494203e-30
3.121168774664531043e+02 3.554974638878853781e-30
3.122729359051863298e+02 3.486498580066102414e-30
3.124290723731389221e+02 3.423893117742873759e-30
3.125852869093254753e+02 3.367245517212231551e-30
3.127415795527801379e+02 3.316508991958843333e-30
3.128979503425564985e+02 3.271496885236169958e-30
3.130543993177278139e+02 3.231886023756790301e-30
3.132109265173866106e+02 3.197228462754625337e-30
3.133675319806453103e+02 3.166971172228919889e-30
3.135242157466356048e+02 3.140480703079065912e-30
3.136809778545089102e+02 3.117071314022242052e-30
3.138378183434361404e+02 3.096034842525808835e-30
3.139947372526078766e+02 3.076670841088765494e-30
3.141517346212341977e+02 3.058313843362524157e-30
3.143088104885447933e+02 3.040357125698899603e-30
3.144659648937890211e+02 3.022271731508262903e-30
3.146231978762359063e+02 3.003619206575852947e-30
3.147805094751740285e+02 2.984060058975593926e-30
3.149378997299115781e+02 2.963354772836058590e-30
3.150953686797765272e+02 2.941360414307413399e-30
3.152529163641164018e+02 2.918022715644113321e-30
3.154105428222984528e+02 2.893364807299046608e-30
3.155682480937095988e+02 2.867473511739880775e-30
3.157260322177564262e+02 2.840484792773433116e-30
3.158838952338652462e+02 2.812568974927935382e-30
3.160418371814822081e+02 2.783916145344815095e-30
3.161998581000729587e+02 2.754723222275768390e-30
3.163579580291229263e+02 2.725182618137452138e-30
3.165161370081374912e+02 2.695473457477738124e-30
3.166743950766415310e+02 2.665754762236926487e-30
3.168327322741798753e+02 2.636160288531325645e-30
3.169911486403169079e+02 2.606795857170733618e-30
3.171496442146370214e+02 2.577738342820208005e-30
3.173082190367443332e+02 2.549035787561472545e-30
3.174668731462626852e+02 2.520708732876794705e-30
3.176256065828357578e+02 2.492752492284823920e-30
3.177844193861271265e+02 2.465139585424024530e-30
3.179433115958202052e+02 2.437822751489562710e-30
3.181022832516180756e+02 2.410738142453989751e-30
3.182613343932438852e+02 2.383808382562780433e-30
3.184204650604404492e+02 2.356945624354764378e-30
3.185796752929706486e+02 2.330054513680849233e-30
3.187389651306170890e+02 2.303034844996085161e-30
3.188983346131823851e+02 2.275784727474126323e-30
3.190577837804889327e+02 2.248202961390864806e-30
3.192173126723791938e+02 2.220191851013293231e-30
3.193769213287152979e+02 2.191660093441984982e-30
3.195366097893796677e+02 2.162525802098836074e-30
3.196963780942743938e+02 2.132719497694705396e-30
3.198562262833215186e+02 2.102187856992521387e-30
3.200161543964631505e+02 2.070897130112104051e-30
3.201761624736614067e+02 2.038836542175532344e-30
3.203362505548981858e+02 2.006021418201749566e-30
3.204964186801756227e+02 1.972496168666323084e-30
3.206566668895156909e+02 1.938336456480950978e-30
3.208169952229604860e+02 1.903650431562442959e-30
3.209774037205719424e+02 1.868578458799511636e-30
3.211378924224321736e+02 1.833291975230001223e-30
3.212984613686434159e+02 1.797990534388297204e-30
3.214591105993277438e+02 1.762897265597353831e-30
3.216198401546273544e+02 1.728252801501425275e-30
3.217806500747046812e+02 1.694307849957394523e-30
3.219415403997419958e+02 1.661314704459121290e-30
3.221025111699418630e+02 1.629518051244988197e-30
3.222635624255267999e+02 1.599145462901183279e-30
3.224246942067396162e+02 1.570398380864266093e-30
3.225859065538429604e+02 1.543443651739064051e-30
3.227471995071198876e+02 1.518406240339065730e-30
3.229085731068734049e+02 1.495363903801016675e-30
3.230700273934268694e+02 1.474343534416719249e-30
3.232315624071235902e+02 1.455319682065380905e-30
3.233931781883271697e+02 1.438215301060381009e-30
3.235548747774212188e+02 1.422904649538955536e-30
3.237166522148099261e+02 1.409218139615860755e-30
3.238785105409172616e+02 1.396948911335210352e-30
3.240404497961877155e+02 1.385860858027907278e-30
3.242024700210858441e+02 1.375697574704482832e-30
3.243645712560963261e+02 1.366191951298560266e-30
3.245267535417243607e+02 1.357075925255900040e-30
3.246890169184952128e+02 1.348090036943483996e-30
3.248513614269544405e+02 1.338992332720427256e-30
3.250137871076678948e+02 1.329566426594386949e-30
3.251762940012217200e+02 1.319628213975018061e-30
3.253388821482222966e+02 1.309031109259142564e-30
3.255015515892964117e+02 1.297669611111440190e-30
3.256643023650910322e+02 1.285481052783854282e-30
3.258271345162735884e+02 1.272445413375260401e-30
3.259900480835316898e+02 1.258583259363255262e-30
3.261530431075734668e+02 1.243951915344657362e-30
3.263161196291272290e+02 1.228640035995513928e-30
3.264792776889417496e+02 1.212760835409001842e-30
3.266425173277862086e+02 1.196444328484245014e-30
3.268058385864501361e+02 1.179829035163284948e-30
3.269692415057433550e+02 1.163053571150503279e-30
3.271327261264961521e+02 1.146248653316243679e-30
3.272962924895593915e+02 1.129529792376205876e-30
3.274599406358041733e+02 1.112991383196713017e-30
3.276236706061220616e+02 1.096702313039789218e-30
3.277874824414250838e+02 1.080703303557647354e-30
3.279513761826457880e+02 1.065006167997175414e-30
3.281153518707370722e+02 1.049594894871838134e-30
3.282794095466724684e+02 1.034428546621470344e-30
3.284435492514457451e+02 1.019445556634535154e-30
3.286077710260714753e+02 1.004569051312429834e-30
3.287720749115844683e+02 9.897129051025211924e-31
3.289364609490402813e+02 9.747879459195151514e-31
3.291009291795147078e+02 9.597081153002665518e-31
3.292654796441044596e+02 9.443958905736339698e-31
3.294301123839265415e+02 9.287868797220508834e-31
3.295948274401184221e+02 9.128333121342994987e-31
3.297596248538385453e+02 8.965062568792388697e-31
3.299245046662653635e+02 8.797965154962466084e-31
3.300894669185984753e+02 8.627145664266287896e-31
3.302545116520578290e+02 8.452891948964258619e-31
3.304196389078838365e+02 8.275652761004138069e-31
3.305848487273377714e+02 8.096010404620217426e-31
3.307501411517014276e+02 7.914648645672445119e-31
3.309155162222772901e+02 7.732319750828744005e-31
3.310809739803883645e+02 7.549811381062331265e-31
3.312465144673785176e+02 7.367916724391302351e-31
3.314121377246122506e+02 7.187408519813206632e-31
3.315778437934745284e+02 7.009016193214264110e-31
3.317436327153712341e+02 6.833409740057960712e-31
3.319095045317289419e+02 6.661188171738110886e-31
3.320754592839948032e+02 6.492872558711717791e-31
3.322414970136367742e+02 6.328903709843422812e-31
3.324076177621435590e+02 6.169643034758936774e-31
3.325738215710246095e+02 6.015376680914731088e-31
3.327401084818101253e+02 5.866321769528349976e-31
3.329064785360509973e+02 5.722634790673197616e-31
3.330729317753190344e+02 5.584419795513121709e-31
3.332394682412066231e+02 5.451736698300064660e-31
3.334060879753272388e+02 5.324610495500001557e-31
3.335727910193148773e+02 5.203040357226370977e-31
3.337395774148245096e+02 5.087005832412945648e-31
3.339064472035319113e+02 4.976473591382763676e-31
3.340734004271336630e+02 4.871401496890169593e-31
3.342404371273472066e+02 4.771742985307260276e-31
3.344075573459109023e+02 4.677447965862153337e-31
3.345747611245837447e+02 4.588462432262139266e-31
3.347420485051460446e+02 4.504726810574613700e-31
3.349094195293986331e+02 4.426172388818034338e-31
3.350768742391633168e+02 4.352716397332056852e-31
3.352444126762828205e+02 4.284257094521412175e-31
3.354120348826210147e+02 4.220666367054919626e-31
3.355797409000622338e+02 4.161783885209294697e-31
3.357475307705122418e+02 4.107410051215554559e-31
3.359154045358974940e+02 4.057300995089563804e-31
3.360833622381654777e+02 4.011165592668253385e-31
3.362514039192844848e+02 3.968662027449725473e-31
3.364195296212441804e+02 3.929399375178299769e-31
3.365877393860547500e+02 3.892940890996316837e-31
3.367560332557477523e+02 3.858809880636673792e-31
3.369244112723756643e+02 3.826498389202321637e-31
3.370928734780117679e+02 3.795478411686660052e-31
3.372614199147508316e+02 3.765215046839658759e-31
3.374300506247081444e+02 3.735180619537171817e-31
3.375987656500204821e+02 3.704869520134429917e-31
3.377675650328454253e+02 3.673812731871716683e-31
3.379364488153618709e+02 3.641591350898678737e-31
3.381054170397695202e+02 3.607847889542700173e-31
3.382744697482893912e+02 3.572295386025192220e-31
3.384436069831634768e+02 3.534722966703411400e-31
3.386128287866550295e+02 3.494998294755585542e-31
3.387821352010483338e+02 3.453066404873235137e-31
3.389515262686488200e+02 3.408945313529515238e-31
3.391210020317831209e+02 3.362718491258972923e-31
3.392905625327990151e+02 3.314525343385148881e-31
3.394602078140653703e+02 3.264549625441347927e-31
3.396299379179723701e+02 3.213006895153691574e-31
3.397997528869313442e+02 3.160131797400509026e-31
3.399696527633747678e+02 3.106165939238801350e-31
3.401396375897564326e+02 3.051346880100334238e-31
3.403097074085512759e+02 2.995898881386929461e-31
3.404798622622556081e+02 2.940025681868694480e-31
3.406501021933866582e+02 2.883905474836381140e-31
3.408204272444833123e+02 2.827688284206355203e-31
3.409908374581055455e+02 2.771495481874538918e-31
3.411613328768345923e+02 2.715421173192683882e-31
3.413319135432730036e+02 2.659535338744826377e-31
3.415025795000446465e+02 2.603887980633957421e-31
3.416733307897946474e+02 2.548514071318482948e-31
3.418441674551894494e+02 2.493438840979939793e-31
3.420150895389170387e+02 2.438682904471600527e-31
3.421860970836865476e+02 2.384267173671014092e-31
3.423571901322283111e+02 2.330216812299488582e-31
3.425283687272944348e+02 2.276564496262495917e-31
3.426996329116580569e+02 2.223352569069137640e-31
3.428709827281139155e+02 2.170634112438248578e-31
3.430424182194779519e+02 2.118473032043208345e-31
3.432139394285876506e+02 2.066943111079656829e-31
3.433855463983019831e+02 2.016126486916715634e-31
3.435572391715011236e+02 1.966111166223898740e-31
3.437290177910868465e+02 1.916988165652483947e-31
3.439008822999823565e+02 1.868848242145858769e-31
3.440728327411322880e+02 1.821778659786583958e-31
3.442448691575028761e+02 1.775859897575610405e-31
3.444169915920816152e+02 1.731162904148466871e-31
3.445892000878776571e+02 1.687746494104011134e-31
3.447614946879215267e+02 1.645655312823883381e-31
3.449338754352654632e+02 1.604918551959883824e-31
3.451063423729830788e+02 1.565549352328173814e-31
3.452788955441695293e+02 1.527545137440278992e-31
3.454515349919415712e+02 1.490888071531066993e-31
3.456242607594375613e+02 1.455546841604653572e-31
3.457970728898172865e+02 1.421478702922641686e-31
3.459699714262621910e+02 1.388632086141000628e-31
3.461429564119753195e+02 1.356949268923776270e-31
3.463160278901812035e+02 1.326369359455133521e-31
3.464891859041263160e+02 1.296831100486994312e-31
3.466624304970783896e+02 1.268275500728106277e-31
3.468357617123268710e+02 1.240648096008455285e-31
3.470091795931830347e+02 1.213900749722999961e-31
3.471826841829795853e+02 1.187992878079076315e-31
3.473562755250710552e+02 1.162892046848261907e-31
3.475299536628335773e+02 1.138574011558460004e-31
3.477037186396649986e+02 1.115022181753848659e-31
3.478775704989848236e+02 1.092226466604885914e-31
3.480515092842343279e+02 1.070181781754540645e-31
3.482255350388763873e+02 1.048886231546254070e-31
3.483996478063958193e+02 1.028339184566800812e-31
3.485738476302989852e+02 1.008539045877195064e-31
3.487481345541141877e+02 9.894813886751096680e-32
3.489225086213912164e+02 9.711570341705103293e-32
3.490969698757018591e+02 9.535505347563193085e-32
3.492715183606397318e+02 9.366390625678430498e-32
3.494461541198199939e+02 9.203915940026413639e-32
3.496208771968799169e+02 9.047686738743159995e-32
3.497956876354783162e+02 8.897226016076015622e-32
3.499705854792961190e+02 8.751981270276072265e-32
3.501455707720357395e+02 8.611335428004048125e-32
3.503206435574217039e+02 8.474621611657753742e-32
3.504958038792004231e+02 8.341141082592808396e-32
3.506710517811399654e+02 8.210183581510676538e-32
3.508463873070305112e+02 8.081048190264570721e-32
3.510218105006839551e+02 7.953065141162418511e-32
3.511973214059343036e+02 7.825616283336731381e-32
3.513729200666372208e+02 7.698154258970632608e-32
3.515486065266705964e+02 7.570219021551843280e-32
3.517243808299338639e+02 7.441450513077980979e-32
3.519002430203487961e+02 7.311597661086667532e-32
3.520761931418589938e+02 7.180523434867963710e-32
3.522522312384299426e+02 7.048205309128237326e-32
3.524283573540491261e+02 6.914730908849779526e-32
3.526045715327261405e+02 6.780290571429850313e-32
3.527808738184924664e+02 6.645165396468292959e-32
3.529572642554016966e+02 6.509712749943708106e-32
3.531337428875293654e+02 6.374349505792225635e-32
3.533103097589731192e+02 6.239533989628237135e-32
3.534869649138526029e+02 6.105747199020368688e-32
3.536637083963095165e+02 5.973474654493064933e-32
3.538405402505076722e+02 5.843189110866736629e-32
3.540174605206329375e+02 5.715334844024210300e-32
3.541944692508932349e+02 5.590314182538060834e-32
3.543715664855185992e+02 5.468476695783226894e-32
3.545487522687613478e+02 5.350110845920167730e-32
3.547260266448957395e+02 5.235438697977928886e-32
3.549033896582181455e+02 5.124613238662053804e-32
3.550808413530472194e+02 5.017718279166509602e-32
3.552583817737237268e+02 4.914770602799853357e-32
3.554360109646106025e+02 4.815724116167308567e-32
3.556137289700928932e+02 4.720475744828989474e-32
3.557915358345778714e+02 4.628872397629947927e-32
3.559694316024952059e+02 4.540719047696215763e-32
3.561474163182964503e+02 4.455787237813153267e-32
3.563254900264555545e+02 4.373823888076392837e-32
3.565036527714687509e+02 4.294559948650741867e-32
3.566819045978544978e+02 4.217719160900763070e-32
3.568602455501534223e+02 4.143025825989154375e-32
3.570386756729284912e+02 4.070212020131809517e-32
3.572171950107649536e+02 3.999023820514062789e-32
3.573958036082702847e+02 3.929226520694350394e-32
3.575745015100744126e+02 3.860608722227768061e-32
3.577532887608293777e+02 3.792985077134675676e-32
3.579321654052097870e+02 3.726197848051863563e-32
3.581111314879124166e+02 3.660117103646481765e-32
3.582901870536563251e+02 3.594639834502699766e-32
3.584693321471831382e+02 3.529688180299976688e-32
3.586485668132566502e+02 3.465206804512427759e-32
3.588278910966633362e+02 3.401159625194416635e-32
3.590073050422116694e+02 3.337526311332327029e-32
3.591868086947326901e+02 3.274298787511708943e-32
3.593664020990800623e+02 3.211477852451987234e-32
3.595460853001295618e+02 3.149070300478391765e-32
3.597258583427795884e+02 3.087086328239214778e-32
3.599057212719509380e+02 3.025537915113432524e-32
3.600856741325868597e+02 2.964437787314361034e-32
3.602657169696531696e+02 2.903798945632386490e-32
3.604458498281379661e+02 2.843634836457476328e-32
3.606260727530520285e+02 2.783959783675921523e-32
3.608063857894285320e+02 2.724789988401141860e-32
3.609867889823232758e+02 2.666144228807748297e-32
3.611672823768143985e+02 2.608044787821799456e-32
3.613478660180027759e+02 2.550517976350785681e-32
3.615285399510117372e+02 2.493594539016578255e-32
3.617093042209872351e+02 2.437309764381738210e-32
3.618901588730977323e+02 2.381703165529507972e-32
3.620711039525342017e+02 2.326817912474201876e-32
3.622521395045105237e+02 2.272699968772123481e-32
3.624332655742626912e+02 2.219397180577633658e-32
3.626144822070498321e+02 2.166958076602194630e-32
3.627957894481533003e+02 2.115431093731294724e-32
3.629771873428773574e+02 2.064863538809225589e-32
3.631586759365487751e+02 2.015300783875429001e-32
3.633402552745170624e+02 1.966785605115776209e-32
3.635219254021542383e+02 1.919357762799318517e-32
3.637036863648552867e+02 1.873053733868587007e-32
3.638855382080377012e+02 1.827906640480722197e-32
3.640674809771417131e+02 1.783946222987628298e-32
3.642495147176302908e+02 1.741198925100963534e-32
3.644316394749890833e+02 1.699688004177304031e-32
3.646138552947265907e+02 1.659433642550285125e-32
3.647961622223739369e+02 1.620453006794294936e-32
3.649785603034850396e+02 1.582760238614127271e-32
3.651610495836367818e+02 1.546366302366893947e-32
3.653436301084286129e+02 1.511278685071970448e-32
3.655263019234827766e+02 1.477501023140107369e-32
3.657090650744444815e+02 1.445032678057438036e-32
3.658919196069816735e+02 1.413867962871637731e-32
3.660748655667851494e+02 1.383995605209198281e-32
3.662579029995685005e+02 1.355398017693704739e-32
3.664410319510682257e+02 1.328050652700184258e-32
3.666242524670437888e+02 1.301921414929303979e-32
3.668075645932772773e+02 1.276970287214029036e-32
3.669909683755739138e+02 1.253149150817174000e-32
3.671744638597617154e+02 1.230401744199873840e-32
3.673580510916915500e+02 1.208663981453157388e-32
3.675417301172373641e+02 1.187864544820748056e-32
3.677255009822959551e+02 1.167925754278196104e-32
3.679093637327870852e+02 1.148764721180477748e-32
3.680933184146534813e+02 1.130294663196382036e-32
3.682773650738607216e+02 1.112426403908521285e-32
3.684615037563976898e+02 1.095069964202083308e-32
3.686457345082758366e+02 1.078136166933464883e-32
3.688300573755299183e+02 1.061538183619377579e-32
3.690144724042176563e+02 1.045192879515861142e-32
3.691989796404197364e+02 1.029022169221774304e-32
3.693835791302399230e+02 1.012954006408619139e-32
3.695682709198050588e+02 9.969231991137872425e-33
3.697530550552649515e+02 9.808720024664978134e-33
3.699379315827925438e+02 9.647505240145208515e-33
3.701229005485839139e+02 9.485168828109656065e-33
3.703079619988582181e+02 9.321372478769879507e-33
3.704931159798576346e+02 9.155857730592360574e-33
3.706783625378474767e+02 8.988444441677236044e-33
3.708637017191164205e+02 8.819028944666384651e-33
3.710491335699759929e+02 8.647581943922174272e-33
3.712346581367609701e+02 8.474146253979283278e-33
3.714202754658293202e+02 8.298834640812705022e-33
3.716059856035622033e+02 8.121827457376599294e-33
3.717917885963639719e+02 7.943369540001337569e-33
3.719776844906621136e+02 7.763767110287965286e-33
3.721636733329074218e+02 7.583383256816294863e-33
3.723497551695738252e+02 7.402632269919884722e-33
3.725359300471586153e+02 7.221972638966300507e-33
3.727221980121822185e+02 7.041898403013754044e-33
3.729085591111882536e+02 6.862929103335689751e-33
3.730950133907438158e+02 6.685598483539047827e-33
3.732815608974391353e+02 6.510441465490506269e-33
3.734682016778878619e+02 6.337980918867782027e-33
3.736549357787267809e+02 6.168714482339165780e-33
3.738417632466161535e+02 6.003101473367278346e-33
3.740286841282393766e+02 5.841550707618273317e-33
3.742156984703034368e+02 5.684410362795793449e-33
3.744028063195386267e+02 5.531960636900708502e-33
3.745900077226983740e+02 5.384408213978869877e-33
3.747773027265596966e+02 5.241884226074043879e-33
3.749646913779229749e+02 5.104445105782846426e-33
3.751521737236118383e+02 4.972076770850471026e-33
3.753397498104736201e+02 4.844700865994542397e-33
3.755274196853788453e+02 4.722184047422904473e-33
3.757151833952215156e+02 4.604347293579089603e-33
3.759030409869191089e+02 4.490978123738814008e-33
3.760909925074125226e+02 4.381841415565927203e-33
3.762790380036661873e+02 4.276690357150123179e-33
3.764671775226680097e+02 4.175276473604457434e-33
3.766554111114293164e+02 4.077357364142985595e-33
3.768437388169850237e+02 3.982702950322002938e-33
3.770321606863934676e+02 3.891099650302251951e-33
3.772206767667366876e+02 3.802352154599840914e-33
3.774092871051199722e+02 3.716283497195255585e-33
3.775979917486725412e+02 3.632733493893268821e-33
3.777867907445468063e+02 3.551556039857469378e-33
3.779756841399191103e+02 3.472615772472067581e-33
3.781646719819889881e+02 3.395784326284144324e-33
3.783537543179800196e+02 3.320937057993647144e-33
3.785429311951389764e+02 3.247950302081800382e-33
3.787322026607365046e+02 3.176699620278949318e-33
3.789215687620668405e+02 3.107059141355177328e-33
3.791110295464478668e+02 3.038902029413384400e-33
3.793005850612210565e+02 2.972101963182581976e-33
3.794902353537517001e+02 2.906535484200310496e-33
3.796799804714285074e+02 2.842085023861899904e-33
3.798698204616642329e+02 2.778641884932428093e-33
3.800597553718950508e+02 2.716109415747541491e-33
3.802497852495809525e+02 2.654405602043896267e-33
3.804399101422057470e+02 2.593465032866579234e-33
3.806301300972768331e+02 2.533239942600598682e-33
3.808204451623254272e+02 2.473700336137972345e-33
3.810108553849065629e+02 2.414833068931486726e-33
3.812013608125990345e+02 2.356639888114518057e-33
3.813919614930052830e+02 2.299134910620726557e-33
3.815826574737517944e+02 2.242341660785364280e-33
3.817734488024886446e+02 2.186289738344208468e-33
3.819643355268898972e+02 2.131011645009778068e-33
3.821553176946533199e+02 2.076540010184615244e-33
3.823463953535006112e+02 2.022905396515948412e-33
3.825375685511773440e+02 1.970134653704663756e-33
3.827288373354529085e+02 1.918250165604358760e-33
3.829202017541206260e+02 1.867269881953896468e-33
3.831116618549976351e+02 1.817207970620293995e-33
3.833032176859251763e+02 1.768076355111654161e-33
3.834948692947680797e+02 1.719886245456827786e-33
3.836866167294154479e+02 1.672649925314972301e-33
3.838784600377801439e+02 1.626382607094328728e-33
3.840703992677989618e+02 1.581104109887220425e-33
3.842624344674329109e+02 1.536840042786914542e-33
3.844545656846665338e+02 1.493622529338071789e-33
3.846467929675088726e+02 1.451490418773876532e-33
3.848391163639926162e+02 1.410488877272158755e-33
3.850315359221745553e+02 1.370668246406654813e-33
3.852240516901356386e+02 1.332082562633756901e-33
3.854166637159807465e+02 1.294787489608773556e-33
3.856093720478386899e+02 1.258837892059515612e-33
3.858021767338626091e+02 1.224285162310459128e-33
3.859950778222295185e+02 1.191174542927652135e-33
3.861880753611406476e+02 1.159542414766145439e-33
3.863811693988212141e+02 1.129413823788446547e-33
3.865743599835205941e+02 1.100800394778826503e-33
3.867676471635123221e+02 1.073698533212485907e-33
3.869610309870940910e+02 1.048088347003393748e-33
3.871545115025876385e+02 1.023933070003079346e-33
3.873480887583389176e+02 1.001179297501576694e-33
3.875417628027180399e+02 9.797577693060914752e-34
3.877355336841193889e+02 9.595848123805415452e-34
3.879294014509613930e+02 9.405642878880650083e-34
3.881233661516868665e+02 9.225900383553155842e-34
3.883174278347627251e+02 9.055486239122021714e-34
3.885115865486800431e+02 8.893222630447224179e-34
3.887058423419543374e+02 8.737918310638843870e-34
3.889001952631252834e+02 8.588397502675148700e-34
3.890946453607568856e+02 8.443526868604100865e-34
3.892891926834372498e+02 8.302238974794466751e-34
3.894838372797789248e+02 8.163552471299836570e-34
3.896785791984187313e+02 8.026587918405197540e-34
3.898734184880179328e+02 7.890579878657350482e-34
3.900683551972618943e+02 7.754884541247580946e-34
3.902633893748605374e+02 7.618983466559522839e-34
3.904585210695479418e+02 7.482484943179110101e-34
3.906537503300826870e+02 7.345120226187803122e-34
3.908490772052477382e+02 7.206738497493540064e-34
3.910445017438502759e+02 7.067299525263697131e-34
3.912400239947222076e+02 6.926864385470713373e-34
3.914356440067195422e+02 6.785584066362393976e-34
3.916313618287229019e+02 6.643687883568846315e-34
3.918271775096372380e+02 6.501470033247016879e-34
3.920230910983920580e+02 6.359275703574233056e-34
3.922191026439411985e+02 6.217486456062896519e-34
3.924152121952631660e+02 6.076505673764337043e-34
3.926114198013607961e+02 5.936743670310040812e-34
3.928077255112614239e+02 5.798603481587161018e-34
3.930041293740169976e+02 5.662467517013328856e-34
3.932006314387040220e+02 5.528685522972662142e-34
3.933972317544233306e+02 5.397564315451477641e-34
3.935939303703005407e+02 5.269359707426505261e-34
3.937907273354855988e+02 5.144270672000440135e-34
3.939876226991534054e+02 5.022436200445773059e-34
3.941846165105029058e+02 4.903935451096057136e-34
3.943817088187581135e+02 4.788789950046323780e-34
3.945788996731674843e+02 4.676968903367449558e-34
3.947761891230040874e+02 4.568396638821053008e-34
3.949735772175655484e+02 4.462961969555394251e-34
3.951710640061743334e+02 4.360528325256426622e-34
3.953686495381773511e+02 4.260944775163251965e-34
3.955663338629464647e+02 4.164057701391057289e-34
3.957641170298778661e+02 4.069719949407232715e-34
3.959619990883928153e+02 3.977799155660073955e-34
3.961599800879369582e+02 3.888184012945321158e-34
3.963580600779808947e+02 3.800788105923573368e-34
3.965562391080198381e+02 3.715550660997612566e-34
3.967545172275738423e+02 3.632435190490811075e-34
3.969528944861876312e+02 3.551425459103307492e-34
3.971513709334306554e+02 3.472519366734540191e-34
3.973499466188973770e+02 3.395721469384074050e-34
3.975486215922068709e+02 3.321034889908994240e-34
3.977473959030028823e+02 3.248453140007974467e-34
3.979462696009543947e+02 3.177952810731731935e-34
3.981452427357548345e+02 3.109487452412566749e-34
3.983443153571226958e+02 3.042983792535200156e-34
3.985434875148013134e+02 2.978340242975448270e-34
3.987427592585586922e+02 2.915427735009941323e-34
3.989421306381879049e+02 2.854093154185242111e-34
3.991416017035069217e+02 2.794164851191673826e-34
3.993411725043587239e+02 2.735460024578495508e-34
3.995408430906108492e+02 2.677793133162103285e-34
3.997406135121561306e+02 2.620984894197695705e-34
3.999404838189121847e+02 2.564871147442414584e-34
4.001404540608215825e+02 2.509310899120512635e-34
4.003405242878519061e+02 2.454192914869784048e-34
4.005406945499958624e+02 2.399440631436493367e-34
4.007409648972707714e+02 2.345014864172571476e-34
4.009413353797193622e+02 2.290914380652498199e-34
4.011418060474092044e+02 2.237174108759614023e-34
4.013423769504329357e+02 2.183861450009076434e-34
4.015430481389080910e+02 2.131070753926200507e-34
4.017438196629775575e+02 2.078916485535355728e-34
4.019446915728090062e+02 2.027525504256624051e-34
4.021456639185954032e+02 1.977029096364258162e-34
4.023467367505546690e+02 1.927554924757892745e-34
4.025479101189299058e+02 1.879219816649536357e-34
4.027491840739892837e+02 1.832123544061585422e-34
4.029505586660263248e+02 1.786343765047151217e-34
4.031520339453593351e+02 1.741932711868731862e-34
4.033536099623319728e+02 1.698915443214654853e-34
4.035552867673130777e+02 1.657289755978642625e-34
4.037570644106966711e+02 1.617027813139961541e-34
4.039589429429020129e+02 1.578079092761166899e-34
4.041609224143734309e+02 1.540374424700506242e-34
4.043630028755806052e+02 1.503830809860282504e-34
4.045651843770183973e+02 1.468356696799297861e-34
4.047674669692068505e+02 1.433857351255835811e-34
4.049698507026913603e+02 1.400239910592478242e-34
4.051723356280426742e+02 1.367417868169231137e-34
4.053749217958566646e+02 1.335314832993325609e-34
4.055776092567546129e+02 1.303867295882217985e-34
4.057803980613828685e+02 1.273026157981498076e-34
4.059832882604135875e+02 1.242757489889067377e-34
4.061862799045438237e+02 1.213042199432354610e-34
4.063893730444960397e+02 1.183874588333529185e-34
4.065925677310182209e+02 1.155260393829725891e-34
4.067958640148837617e+02 1.127214629609166460e-34
4.069992619468911812e+02 1.099758459540661143e-34
4.072027615778645782e+02 1.072916310208647571e-34
4.074063629586534034e+02 1.046713047684772007e-34
4.076100661401328011e+02 1.021171475455593651e-34
4.078138711732028128e+02 9.963099829144723919e-35
4.080177781087893436e+02 9.721410257536747187e-35
4.082217869978437648e+02 9.486699894070621905e-35
4.084258978913426290e+02 9.258946807733999168e-35
4.086301108402883528e+02 9.038052183392255479e-35
4.088344258957084207e+02 8.823845832754465323e-35
4.090388431086562377e+02 8.616094835170292612e-35
4.092433625302105042e+02 8.414514366775422625e-35
4.094479842114756138e+02 8.218781559010495662e-35
4.096527082035813692e+02 8.028550029029228726e-35
4.098575345576830955e+02 7.843463313062289638e-35
4.100624633249618682e+02 7.663167991421894640e-35
4.102674945566243423e+02 7.487325005731902445e-35
4.104726283039026384e+02 7.315617373678235222e-35
4.106778646180545707e+02 7.147757230970449316e-35
4.108832035503635893e+02 6.983488959166502587e-35
4.110886451521387812e+02 6.822589903695791090e-35
4.112941894747148126e+02 6.664868658721797979e-35
4.114998365694521567e+02 6.510161982737903804e-35
4.117055864877369231e+02 6.358330542359961615e-35
4.119114392809806873e+02 6.209254896867361110e-35
4.121173950006211726e+02 6.062829546165344851e-35
4.123234536981214546e+02 5.918959156507212583e-35
4.125296154249705296e+02 5.777553956425194444e-35
4.127358802326829164e+02 5.638527443904675474e-35
4.129422481727992817e+02 5.501794667259146920e-35
4.131487192968856448e+02 5.367271388439276290e-35
4.133552936565340588e+02 5.234874323342479258e-35
4.135619713033623839e+02 5.104522705617078820e-35
4.137687522890140031e+02 4.976139425807768317e-35
4.139756366651584472e+02 4.849653046079211750e-35
4.141826244834910540e+02 4.724999866160693021e-35
4.143897157957327408e+02 4.602125921155068647e-35
4.145969106536305731e+02 4.480988886702082523e-35
4.148042091089573660e+02 4.361559446448880522e-35
4.150116112135117987e+02 4.243822557906194771e-35
4.152191170191185279e+02 4.127778158027709482e-35
4.154267265776280738e+02 4.013441838189134463e-35
4.156344399409168773e+02 3.900844975753177570e-35
4.158422571608872431e+02 3.790034814751513631e-35
4.160501782894676808e+02 3.681074475983234154e-35
4.162582033786124498e+02 3.574042454053467806e-35
4.164663324803017304e+02 3.469031668352696364e-35
4.166745656465419074e+02 3.366148254259724895e-35
4.168829029293650592e+02 3.265509804468386879e-35
4.170913443808297529e+02 3.167242905957289533e-35
4.172998900530201922e+02 3.071479790795508509e-35
4.175085399980466150e+02 2.978354378720549802e-35
4.177172942680456345e+02 2.887997602847855878e-35
4.179261529151796708e+02 2.800532198848828978e-35
4.181351159916371785e+02 2.716067224330191572e-35
4.183441835496330441e+02 2.634692591771979637e-35
4.185533556414077907e+02 2.556473760637620695e-35
4.187626323192284303e+02 2.481447406604362393e-35
4.189720136353881230e+02 2.409617955935277512e-35
4.191814996422057789e+02 2.340955584255395148e-35
4.193910903920267970e+02 2.275395801073297619e-35
4.196007859372227813e+02 2.212840711279462634e-35
4.198105863301914269e+02 2.153161869325491218e-35
4.200204916233564063e+02 2.096204723913552625e-35
4.202305018691681653e+02 2.041794132460768844e-35
4.204406171201027291e+02 1.989740705420142728e-35
4.206508374286627259e+02 1.939847518607387192e-35
4.208611628473771020e+02 1.891916645756085626e-35
4.210715934288007816e+02 1.845755448278271783e-35
4.212821292255151775e+02 1.801181613464092493e-35
4.214927702901279076e+02 1.758027191250503839e-35
4.217035166752729083e+02 1.716141327790122199e-35
4.219143684336105480e+02 1.675391645539306717e-35
4.221253256178273432e+02 1.635664353851665666e-35
4.223363882806362994e+02 1.596863346350344500e-35
4.225475564747765134e+02 1.558908464776174214e-35
4.227588302530139117e+02 1.521733334098392428e-35
4.229702096681403987e+02 1.485282853669607511e-35
4.231816947729744243e+02 1.449510891405870431e-35
4.233932856203608708e+02 1.414378151546435542e-35
4.236049822631709958e+02 1.379850835829013910e-35
4.238167847543026028e+02 1.345899290378261338e-35
4.240286931466797000e+02 1.312497580465645002e-35
4.242407074932530122e+02 1.279623444601337598e-35
4.244528278469996394e+02 1.247258631444511990e-35
4.246650542609231707e+02 1.215389435153518427e-35
4.248773867880535136e+02 1.184007305442549731e-35
4.250898254814474626e+02 1.153109436281153635e-35
4.253023703941882445e+02 1.122699008368882286e-35
4.255150215793852908e+02 1.092785318743568935e-35
4.257277790901749199e+02 1.063383317513141444e-35
4.259406429797199394e+02 1.034513046308798539e-35
4.261536133012098730e+02 1.006198384324808937e-35
4.263666901078604496e+02 9.784658573676146246e-36
4.265798734529142848e+02 9.513430467811989196e-36
4.267931633896407106e+02 9.248570929948702084e-36
4.270065599713354914e+02 8.990330622299405395e-36
4.272200632513211076e+02 8.738925723672704111e-36
4.274336732829468133e+02 8.494525646059498330e-36
4.276473901195882377e+02 8.257243841320938817e-36
4.278612138146480106e+02 8.027131676598270967e-36
4.280751444215553079e+02 7.804176118055181009e-36
4.282891819937659648e+02 7.588302321125428678e-36
4.285033265847628741e+02 7.379376684603711582e-36
4.287175782480551902e+02 7.177213899377534420e-36
4.289319370371792388e+02 6.981585855746155530e-36
4.291464030056978345e+02 6.792232266295847087e-36
4.293609762072006788e+02 6.608871998689184211e-36
4.295756566953041897e+02 6.431214070813511362e-36
4.297904445236517859e+02 6.258968085045042278e-36
4.300053397459135454e+02 6.091854313518252755e-36
4.302203424157864902e+02 5.929610712584332051e-36
4.304354525869943586e+02 5.771999624819318949e-36
4.306506703132878329e+02 5.618812342240195150e-36
4.308659956484444820e+02 5.469871537150350777e-36
4.310814286462686482e+02 5.325031195418037903e-36
4.312969693605917314e+02 5.184176275128232073e-36
4.315126178452720183e+02 5.047219381821269292e-36
4.317283741541946256e+02 4.914096346505509614e-36
4.319442383412717277e+02 4.784761102961522056e-36
4.321602104604422721e+02 4.659179728302403464e-36
4.323762905656724911e+02 4.537324669684914895e-36
4.325924787109552767e+02 4.419168453307170787e-36
4.328087749503107489e+02 4.304678200028051044e-36
4.330251793377859144e+02 4.193810428586128816e-36
4.332416919274547240e+02 4.086506970291865573e-36
4.334583127734184131e+02 3.982691990655887666e-36
4.336750419298051611e+02 3.882270182258497718e-36
4.338918794507700341e+02 3.785126136183720654e-36
4.341088253904954399e+02 3.691124774900241403e-36
4.343258798031906736e+02 3.600113235628341353e-36
4.345430427430922578e+02 3.511923384885708286e-36
4.347603142644637728e+02 3.426375232194076392e-36
4.349776944215960270e+02 3.343280979729109905e-36
4.351951832688067725e+02 3.262449439238352787e-36
4.354127808604411598e+02 3.183690383828949292e-36
4.356304872508713970e+02 3.106819261655697154e-36
4.358483024944968065e+02 3.031661314223288275e-36
4.360662266457440523e+02 2.958055257919832869e-36
4.362842597590668561e+02 2.885856836126343341e-36
4.365024018889463946e+02 2.814941517733669671e-36
4.367206530898907886e+02 2.745206212533447440e-36
4.369390134164357278e+02 2.676570299317911176e-36
4.371574829231439026e+02 2.608975940639735662e-36
4.373760616646054018e+02 2.542387396126464551e-36
4.375947496954376561e+02 2.476789750669862490e-36
4.378135470702853240e+02 2.412186874713653160e-36
4.380324538438204058e+02 2.348598766052941293e-36
4.382514700707424140e+02 2.286058327545951386e-36
4.384705958057777480e+02 2.224608296063379759e-36
4.386898311036806035e+02 2.164297325473575976e-36
4.389091760192323477e+02 2.105176483555545174e-36
4.391286306072420302e+02 2.047295791680198237e-36
4.393481949225456447e+02 1.990701439338997982e-36
4.395678690200069241e+02 1.935433222525636657e-36
4.397876529545168864e+02 1.881522822946554898e-36
4.400075467809941188e+02 1.828992699586623945e-36
4.402275505543846066e+02 1.777855784656361681e-36
4.404476643296617908e+02 1.728115955538524861e-36
4.406678881618266246e+02 1.679768933129962667e-36
4.408882221059074595e+02 1.632803725031335975e-36
4.411086662169604438e+02 1.587204262416872773e-36
4.413292205500688965e+02 1.542951141066097212e-36
4.415498851603438766e+02 1.500023172544005389e-36
4.417706601029240119e+02 1.458398646436758322e-36
4.419915454329754425e+02 1.418055937832293851e-36
4.422125412056918776e+02 1.378973690299533143e-36
4.424336474762946523e+02 1.341130443413962757e-36
4.426548643000327274e+02 1.304503715346668151e-36
4.428761917321828037e+02 1.269068654471282473e-36
4.430976298280489232e+02 1.234796516358826460e-36
4.433191786429628678e+02 1.201653116860225033e-36
4.435408382322843295e+02 1.169597546819199719e-36
4.437626086514003987e+02 1.138581429672316850e-36
4.439844899557261328e+02 1.108548620347580306e-36
4.442064822007039311e+02 1.079435727175874168e-36
4.444285854418043300e+02 1.051173335684653052e-36
4.446507997345251511e+02 1.023687982293916015e-36
4.448731251343924669e+02 9.969046258057992910e-37
4.450955616969596349e+02 9.707494765758900336e-37
4.453181094778080364e+02 9.451530702723572918e-37
4.455407685325469060e+02 9.200531891573273658e-37
4.457635389168131610e+02 8.953974193004800463e-37
4.459864206862715719e+02 8.711451576331924868e-37
4.462094138966146488e+02 8.472688961902397959e-37
4.464325186035629827e+02 8.237546473274298709e-37
4.466557348628646764e+02 8.006015503172618157e-37
4.468790627302960843e+02 7.778206429327832559e-37
4.471025022616612432e+02 7.554329293254989435e-37
4.473260535127919866e+02 7.334668996261780857e-37
4.475497165395483421e+02 7.119557480770120363e-37
4.477734913978180771e+02 6.909344902407350582e-37
4.479973781435169258e+02 6.704371033053278720e-37
4.482213768325886463e+02 6.504940427709782333e-37
4.484454875210049636e+02 6.311301753574265130e-37
4.486697102647653992e+02 6.123632968063816564e-37
4.488940451198977826e+02 5.942032607117717869e-37
4.491184921424576828e+02 5.766517861047301053e-37
4.493430513885289201e+02 5.597027600314799690e-37
4.495677229142231681e+02 5.433431958055921236e-37
4.497925067756802946e+02 5.275545299638672399e-37
4.500174030290680776e+02 5.123140998097455611e-37
4.502424117305826030e+02 4.975967810959081991e-37
4.504675329364479239e+02 4.833765881401724027e-37
4.506927667029161171e+02 4.696280685407837206e-37
4.509181130862675104e+02 4.563274859477316131e-37
4.511435721428105694e+02 4.434536345175416502e-37
4.513691439288820106e+02 4.309882911189945627e-37
4.515948285008464609e+02 4.189162863532081999e-37
4.518206259150968549e+02 4.072252418116844949e-37
4.520465362280543786e+02 3.959050468535646785e-37
4.522725594961683555e+02 3.849471389111333331e-37
4.524986957759164170e+02 3.743436854611771996e-37
4.527249451238042752e+02 3.640867514886162281e-37
4.529513075963662345e+02 3.541675576741528721e-37
4.531777832501643388e+02 3.445759081633640306e-37
4.534043721417893948e+02 3.352997443717007040e-37
4.536310743278603468e+02 3.263250073302731700e-37
4.538578898650241626e+02 3.176357894099950809e-37
4.540848188099567437e+02 3.092145379524835738e-37
4.543118612193616741e+02 3.010425086731334786e-37
4.545390171499713574e+02 2.931004290647654427e-37
4.547662866585462780e+02 2.853690184491044003e-37
4.549936698018755123e+02 2.778297218213430072e-37
4.552211666367764451e+02 2.704653438715867063e-37
4.554487772200947688e+02 2.632605757222050517e-37
4.556765016087047684e+02 2.562024174477171615e-37
4.559043398595090366e+02 2.492804454945500616e-37
4.561322920294388155e+02 2.424869273900240958e-37
4.563603581754535981e+02 2.358167695903792729e-37
4.565885383545412424e+02 2.292673970524525737e-37
4.568168326237184829e+02 2.228384605147056727e-37
4.570452410400303052e+02 2.165315057920859030e-37
4.572737636605503440e+02 2.103495970160123139e-37
4.575024005423805988e+02 2.042968566954105067e-37
4.577311517426516616e+02 1.983780953288823076e-37
4.579600173185230574e+02 1.925984414182697820e-37
4.581889973271822782e+02 1.869629873094761609e-37
4.584180918258458064e+02 1.814764817592255521e-37
4.586473008717587732e+02 1.761430973372008943e-37
4.588766245221946178e+02 1.709662751195282951e-37
4.591060628344557131e+02 1.659485781046124644e-37
4.593356158658729100e+02 1.610916118928306389e-37
4.595652836738057658e+02 1.563959501074453093e-37
4.597950663156426572e+02 1.518611337912950326e-37
4.600249638488004962e+02 1.474856541121782523e-37
4.602549763307247872e+02 1.432669716517687989e-37
4.604851038188901384e+02 1.392015176700500080e-37
4.607153463707995797e+02 1.352847516617867513e-37
4.609457040439849038e+02 1.315111704411609359e-37
4.611761768960068935e+02 1.278743930539091995e-37
4.614067649844549237e+02 1.243672372639867460e-37
4.616374683669470755e+02 1.209818208825566000e-37
4.618682871011305906e+02 1.177097067214674102e-37
4.620992212446810754e+02 1.145420675789719792e-37
4.623302708553034677e+02 1.114698736827108276e-37
4.625614359907310131e+02 1.084841046886132030e-37
4.627927167087263456e+02 1.055759786740653407e-37
4.630241130670808047e+02 1.027372083369952489e-37
4.632556251236142657e+02 9.996021870098072869e-38
4.634872529361760485e+02 9.723835692605555389e-38
4.637189965626441222e+02 9.456606506185204943e-38
4.639508560609254459e+02 9.193900036457470404e-38
4.641828314889558555e+02 8.935410129457678633e-38
4.644149229047003473e+02 8.680959745733750374e-38
4.646471303661526804e+02 8.430493854302959799e-38
4.648794539313357177e+02 8.184068051780211679e-38
4.651118936583013692e+02 7.941830564252355997e-38
4.653444496051304782e+02 7.704000368746618810e-38
4.655771218299330485e+02 7.470842589417038721e-38
4.658099103908479606e+02 7.242644241211421109e-38
4.660428153460434260e+02 7.019689191429427938e-38
4.662758367537163053e+02 6.802236720335111326e-38
4.665089746720932453e+02 6.590503565581899176e-38
4.667422291594292574e+02 6.384650550219370834e-38
4.669756002740089116e+02 6.184774891494665446e-38
4.672090880741458250e+02 5.990907560839620774e-38
4.674426926181828890e+02 5.803015503016961688e-38
4.676764139644919283e+02 5.621008227922013008e-38
4.679102521714741556e+02 5.444747638671247606e-38
4.681442072975598307e+02 5.274060099905765286e-38
4.683782794012086583e+02 5.108749138059659633e-38
4.686124685409092194e+02 4.948608330811070668e-38
4.688467747751796537e+02 4.793432143150670777e-38
4.690811981625672047e+02 4.643025743571762264e-38
4.693157387616485607e+02 4.497211761159742391e-38
4.695503966310292299e+02 4.355834447424739574e-38
4.697851718293447334e+02 4.218761195074298804e-38
4.700200644152594123e+02 4.085881822972985130e-38
4.702550744474669955e+02 3.957105868884504889e-38
4.704902019846908274e+02 3.832358368315292838e-38
4.707254470856830721e+02 3.711575018890775594e-38
4.709608098092258501e+02 3.594696988246322941e-38
4.711962902141304426e+02 3.481666174371066979e-38
4.714318883592375187e+02 3.372420934116050666e-38
4.716676043034171357e+02 3.266892840556248985e-38
4.719034381055687959e+02 3.165004356859345634e-38
4.721393898246215599e+02 3.066668545073617816e-38
4.723754595195338197e+02 2.971788568484720151e-38
4.726116472492935827e+02 2.880258785018147856e-38
4.728479530729182443e+02 2.791966189652920480e-38
4.730843770494546447e+02 2.706792362445254654e-38
4.733209192379793535e+02 2.624615623744791175e-38
4.735575796975983280e+02 2.545313173042796903e-38
4.737943584874471412e+02 2.468763000592966961e-38
4.740312556666907540e+02 2.394845475732207863e-38
4.742682712945241406e+02 2.323444329186214690e-38
4.745054054301713791e+02 2.254447638623150125e-38
4.747426581328865041e+02 2.187748194380390832e-38
4.749800294619528813e+02 2.123243689312145173e-38
4.752175194766838331e+02 2.060836568277724956e-38
4.754551282364221265e+02 2.000433690163837968e-38
4.756928558005403715e+02 1.941946252719516806e-38
4.759307022284406230e+02 1.885289092279299410e-38
4.761686675795547785e+02 1.830381120251318566e-38
4.764067519133444648e+02 1.777145135237331541e-38
4.766449552893011514e+02 1.725507542513558404e-38
4.768832777669458096e+02 1.675398406032037644e-38
4.771217194058293103e+02 1.626751498043178646e-38
4.773602802655321398e+02 1.579504465643550703e-38
4.775989604056648545e+02 1.533598932590343311e-38
4.778377598858677402e+02 1.488980545930250169e-38
4.780766787658106409e+02 1.445598896836719552e-38
4.783157171051934711e+02 1.403407476019824438e-38
4.785548749637460446e+02 1.362363448660982771e-38
4.787941524012279046e+02 1.322427360232166733e-38
4.790335494774285507e+02 1.283562842800445889e-38
4.792730662521672116e+02 1.245736157491468158e-38
4.795127027852932997e+02 1.208915907702142862e-38
4.797524591366858431e+02 1.173072643621374760e-38
4.799923353662541672e+02 1.138178537348588229e-38
4.802323315339373266e+02 1.104207145405467696e-38
4.804724476997042757e+02 1.071133243109146575e-38
4.807126839235540388e+02 1.038932690223603756e-38
4.809530402655158241e+02 1.007582368236847628e-38
4.811935167856485123e+02 9.770601544107496054e-39
4.814341135440413382e+02 9.473450896077599299e-39
4.816748306008133795e+02 9.184173253350580522e-39
4.819156680161137274e+02 8.902582148521698998e-39
4.821566258501217703e+02 8.628503120117168683e-39
4.823977041630467397e+02 8.361773651974040563e-39
4.826389030151282782e+02 8.102242415596670881e-39
4.828802224666358711e+02 7.849767784113364229e-39
4.831216625778691878e+02 7.604215734340850557e-39
4.833632234091580813e+02 7.365457801233777263e-39
4.836049050208627023e+02 7.133368395300227617e-39
4.838467074733730442e+02 6.907822191364802099e-39
4.840886308271097960e+02 6.688691746197062564e-39
4.843306751425232619e+02 6.475845814313500228e-39
4.845728404800944986e+02 6.269148275614515887e-39
4.848151269003344623e+02 6.068457844580050109e-39
4.850575344637847479e+02 5.873628716178931481e-39
4.853000632310165088e+02 5.684512261529104462e-39
4.855427132626319917e+02 5.500959919162684869e-39
4.857854846192633431e+02 5.322825693413581835e-39
4.860283773615729501e+02 5.149969517495578991e-39
4.862713915502536679e+02 4.982260515409421766e-39
4.865145272460288197e+02 4.819579917982168122e-39
4.867577845096517990e+02 4.661823207595498271e-39
4.870011634019066378e+02 4.508901456514583048e-39
4.872446639836076088e+02 4.360741149510020645e-39
4.874882863155993391e+02 4.217283520856916939e-39
4.877320304587571513e+02 4.078482055133075839e-39
4.879758964739864382e+02 3.944299187695628973e-39
4.882198844222234584e+02 3.814702169021875192e-39
4.884639943644345408e+02 3.689658591180072690e-39
4.887082263616167097e+02 3.569131547179793267e-39
4.889525804747975144e+02 3.453075017871760863e-39
4.891970567650348016e+02 3.341429749428707120e-39
4.894416552934172273e+02 3.234120001313601555e-39
4.896863761210639154e+02 3.131051247020258611e-39
4.899312193091244012e+02 3.032108883851730949e-39
4.901761849187789153e+02 2.937158127603706437e-39
4.904212730112383269e+02 2.846045091235962595e-39
4.906664836477439735e+02 2.758598771088508721e-39
4.909118168895677741e+02 2.674633841162841725e-39
4.911572727980125705e+02 2.593954111500242628e-39
4.914028514344115592e+02 2.516356293474235574e-39
4.916485528601288024e+02 2.441634133572023777e-39
4.918943771365587168e+02 2.369582360276589474e-39
4.921403243251270396e+02 2.300000521114097125e-39
4.923863944872896354e+02 2.232696439940294070e-39
4.926325876845332346e+02 2.167489394463073989e-39
4.928789039783754902e+02 2.104212606068917009e-39
4.931253434303645804e+02 2.042715229005781082e-39
4.933719061020797199e+02 1.982863756413237500e-39
4.936185920551307618e+02 1.924542949478565336e-39
4.938654013511583116e+02 1.867656087980048805e-39
4.941123340518338409e+02 1.812124738381477038e-39
4.943593902188597440e+02 1.757888064412936113e-39
4.946065699139691674e+02 1.704901711196953372e-39
4.948538731989261237e+02 1.653136260881369828e-39
4.951013001355255483e+02 1.602575431386556459e-39
4.953488507855933562e+02 1.553213946874127509e-39
4.955965252109861581e+02 1.505055467660793153e-39
4.958443234735916576e+02 1.458110272439170727e-39
4.960922456353284247e+02 1.412392930076392717e-39
4.963402917581460656e+02 1.367920026686197429e-39
4.965884619040251096e+02 1.324708116981376501e-39
4.968367561349770654e+02 1.282771828833796584e-39
4.970851745130445352e+02 1.242122260205024919e-39
4.973337171003010440e+02 1.202765699756959378e-39
4.975823839588510964e+02 1.164702641185449199e-39
4.978311751508305747e+02 1.127927212881927143e-39
4.980800907384059997e+02 1.092426927845869584e-39
4.983291307837750992e+02 1.058182824557242778e-39
4.985782953491669787e+02 1.025169875210772605e-39
4.988275844968415527e+02 9.933577165579500616e-40
4.990769982890899428e+02 9.627115067334762570e-40
4.993265367882344208e+02 9.331928956982060247e-40
4.995762000566285792e+02 9.047610909886412797e-40
4.998259881566568197e+02 8.773739943682956060e-40
5.000759011507351488e+02 8.509891172427446378e-40
5.003259391013104960e+02 8.255643877443711809e-40
5.005761020708611113e+02 8.010588409448304657e-40
5.008263901218964520e+02 7.774331122715757332e-40
5.010768033169574664e+02 7.546496698161730108e-40
5.013273417186159122e+02 7.326728300801813489e-40
5.015780053894752086e+02 7.114686192865830458e-40
5.018287943921698684e+02 6.910044690806324821e-40
5.020797087893658954e+02 6.712488301500512796e-40
5.023307486437606144e+02 6.521707076899624455e-40
5.025819140180823865e+02 6.337391765461994806e-40
5.028332049750914052e+02 6.159230811453663783e-40
5.030846215775789574e+02 5.986907012510842395e-40
5.033361638883677074e+02 5.820095922950182802e-40
5.035878319703118677e+02 5.658466290194435629e-40
5.038396258862969717e+02 5.501682042478970978e-40
5.040915456992401573e+02 5.349406222054356682e-40
5.043435914720897131e+02 5.201306314428771886e-40
5.045957632678257596e+02 5.057060684932492526e-40
5.048480611494596815e+02 4.916365575457896650e-40
5.051004851800344113e+02 4.778942232809595756e-40
5.053530354226243730e+02 4.644543378392867386e-40
5.056057119403355955e+02 4.512958385308885379e-40
5.058585147963057693e+02 4.384017537367632769e-40
5.061114440537039059e+02 4.257593768929471561e-40
5.063644997757307920e+02 4.133602510660174346e-40
5.066176820256185351e+02 4.011999553865367554e-40
5.068709908666313027e+02 3.892777069815408048e-40
5.071244263620646393e+02 3.775958037410011814e-40
5.073779885752456380e+02 3.661589581076948275e-40
5.076316775695332240e+02 3.549735665339552758e-40
5.078854934083179842e+02 3.440469674615833640e-40
5.081394361550220538e+02 3.333867202516855879e-40
5.083935058730995706e+02 3.229999480259324319e-40
5.086477026260361072e+02 3.128927604141113568e-40
5.089020264773491249e+02 3.030698648359683763e-40
5.091564774905877471e+02 2.935342411023169086e-40
5.094110557293329862e+02 2.842869370316955269e-40
5.096657612571976870e+02 2.753270056258063243e-40
5.099205941378262423e+02 2.666515254350641390e-40
5.101755544348951048e+02 2.582557292119425134e-40
5.104306422121126161e+02 2.501332004015355967e-40
5.106858575332185524e+02 2.422761133843276962e-40
5.109412004619851473e+02 2.346755265623099391e-40
5.111966710622160690e+02 2.273216787569950309e-40
5.114522693977472159e+02 2.202042924346090962e-40
5.117079955324460911e+02 2.133128659610693817e-40
5.119638495302122010e+02 2.066369773469103986e-40
5.122198314549773386e+02 2.001665332276572427e-40
5.124759413707048452e+02 1.938919797025863417e-40
5.127321793413900650e+02 1.878044875231332642e-40
5.129885454310608566e+02 1.818960704349907728e-40
5.132450397037764560e+02 1.761596628266249094e-40
5.135016622236282728e+02 1.705891431017554212e-40
5.137584130547400036e+02 1.651793046356147873e-40
5.140152922612674047e+02 1.599257845501672602e-40
5.142722999073979508e+02 1.548249533735822800e-40
5.145294360573516315e+02 1.498737752717324582e-40
5.147867007753803819e+02 1.450696284259545137e-40
5.150440941257679697e+02 1.404102156397027442e-40
5.153016161728307907e+02 1.358933696169583806e-40
5.155592669809173003e+02 1.315169223935368841e-40
5.158170466144077864e+02 1.272786149003633824e-40
5.160749551377148236e+02 1.231759740674063904e-40
5.163329926152837288e+02 1.192062850404389144e-40
5.165911591115913097e+02 1.153665784100953787e-40
5.168494546911471161e+02 1.116536290469870986e-40
5.171078794184926437e+02 1.080640017541358496e-40
5.173664333582019026e+02 1.045940872635233666e-40
5.176251165748809626e+02 1.012401509071250095e-40
5.178839291331684080e+02 9.799838825709119599e-41
5.181428710977349965e+02 9.486498564564837388e-41
5.184019425332837727e+02 9.183616351984800994e-41
5.186611435045504095e+02 8.890820923576393839e-41
5.189204740763026393e+02 8.607750323489377145e-41
5.191799343133407092e+02 8.334053974850726494e-41
5.194395242804973805e+02 8.069392870560315461e-41
5.196992440426375879e+02 7.813439731283241143e-41
5.199590936646588943e+02 7.565878163095461452e-41
5.202190732114911498e+02 7.326402018978430922e-41
5.204791827480968323e+02 7.094714554561328096e-41
5.207394223394708206e+02 6.870527546919457019e-41
5.209997920506406217e+02 6.653560858578100966e-41
5.212602919466659159e+02 6.443542505540121481e-41
5.215209220926392391e+02 6.240208610724462787e-41
5.217816825536854140e+02 6.043303783637572584e-41
5.220425733949622327e+02 5.852581577574074747e-41
5.223035946816597743e+02 5.667805872945119456e-41
5.225647464790006325e+02 5.488751020556014608e-41
5.228260288522400288e+02 5.315202466581549622e-41
5.230874418666661541e+02 5.146957103284607685e-41
5.233489855875993726e+02 4.983823388545456252e-41
5.236106600803932452e+02 4.825621323019425280e-41
5.238724654104335059e+02 4.672182124270930499e-41
5.241344016431386308e+02 4.523347344348650515e-41
5.243964688439601787e+02 4.378968092579380263e-41
5.246586670783821091e+02 4.238904223453880165e-41
5.249209964119213510e+02 4.103023330265895301e-41
5.251834569101272336e+02 3.971199891893113852e-41
5.254460486385821696e+02 3.843314555390233100e-41
5.257087716629014267e+02 3.719253400255290311e-41
5.259716260487329009e+02 3.598907332291833592e-41
5.262346118617571165e+02 3.482172137852765488e-41
5.264977291676880213e+02 3.368948308998146849e-41
5.267609780322717370e+02 3.259141016699731419e-41
5.270243585212879225e+02 3.152660180545275001e-41
5.272878707005485239e+02 3.049420532077356580e-41
5.275515146358987977e+02 2.949341706923339501e-41
5.278152903932167419e+02 2.852348127331286825e-41
5.280791980384132103e+02 2.758368673255148237e-41
5.283432376374324804e+02 2.667336334189395952e-41
5.286074092562511169e+02 2.579187535339484536e-41
5.288717129608792220e+02 2.493861308520817945e-41
5.291361488173597536e+02 2.411298325707904704e-41
5.294007168917682975e+02 2.331440046457206987e-41
5.296654172502142046e+02 2.254227672004843669e-41
5.299302499588392266e+02 2.179601305382366326e-41
5.301952150838186526e+02 2.107499139167146384e-41
5.304603126913605138e+02 2.037857068985144793e-41
5.307255428477062651e+02 1.970608308575249509e-41
5.309909056191301033e+02 1.905683332122781998e-41
5.312564010719396492e+02 1.843010047192090550e-41
5.315220292724756064e+02 1.782514251619525301e-41
5.317877902871117612e+02 1.724120137752363370e-41
5.320536841822554379e+02 1.667750949710902780e-41
5.323197110243464749e+02 1.613329729936854628e-41
5.325858708798585894e+02 1.560780088829958523e-41
5.328521638152984679e+02 1.510026853596858210e-41
5.331185898972061068e+02 1.460996651245532171e-41
5.333851491921546994e+02 1.413618443153277480e-41
5.336518417667507492e+02 1.367823931140460956e-41
5.339186676876341835e+02 1.323547752337040487e-41
5.341856270214778988e+02 1.280727602284116632e-41
5.344527198349886703e+02 1.239304329228349786e-41
5.347199461949061288e+02 1.199221863058243770e-41
5.349873061680035562e+02 1.160427106110433171e-41
5.352547998210875448e+02 1.122869777852935923e-41
5.355224272209979972e+02 1.086502345694684211e-41
5.357901884346085808e+02 1.051279850614106879e-41
5.360580835288258186e+02 1.017159776624819524e-41
5.363261125705902259e+02 9.841019361971273693e-42
5.365942756268755147e+02 9.520684280719534097e-42
5.368625727646889345e+02 9.210235580903786494e-42
5.371310040510712724e+02 8.909338074322620860e-42
5.373995695530968533e+02 8.617678010532569723e-42
5.376682693378733120e+02 8.334963280602354939e-42
5.379371034725422760e+02 8.060922800234985233e-42
5.382060720242784555e+02 7.795306245060468345e-42
5.384751750602905531e+02 7.537883598002276669e-42
5.387444126478206954e+02 7.288444462420430522e-42
5.390137848541445464e+02 7.046797021100887278e-42
5.392832917465715354e+02 6.812766541370697448e-42
5.395529333924447428e+02 6.586194001286976030e-42
5.398227098591409003e+02 6.366934091163827387e-42
5.400926212140706184e+02 6.154852880891643663e-42
5.403626675246777040e+02 5.949825119490665237e-42
5.406328488584398428e+02 5.751731951804506462e-42
5.409031652828690540e+02 5.560457784723999529e-42
5.411736168655104393e+02 5.375887262484339487e-42
5.414442036739430932e+02 5.197902242686306117e-42
5.417149257757801024e+02 5.026379254995355883e-42
5.419857832386679775e+02 4.861186497274700725e-42
5.422567761302873350e+02 4.702181184019749680e-42
5.425279045183524431e+02 4.549207442876938013e-42
5.427991684706115620e+02 4.402094847498040527e-42
5.430705680548469445e+02 4.260657234628544985e-42
5.433421033388741535e+02 4.124692301919557917e-42
5.436137743905436537e+02 3.993982085128439289e-42
5.438855812777388792e+02 3.868294027842181072e-42
5.441575240683778247e+02 3.747383014258858603e-42
5.444296028304119091e+02 3.630994083665869474e-42
5.447018176318272253e+02 3.518866044048377080e-42
5.449741685406429497e+02 3.410735349366391343e-42
5.452466556249131600e+02 3.306340330432794841e-42
5.455192789527256991e+02 3.205425472748466714e-42
5.457920385922020614e+02 3.107745835646449733e-42
5.460649346114980744e+02 3.013070643747075025e-42
5.463379670788037856e+02 2.921186464151268274e-42
5.466111360623431210e+02 2.831899482944715878e-42
5.468844416303742264e+02 2.745037155079595812e-42
5.471578838511894674e+02 2.660448568350684492e-42
5.474314627931149744e+02 2.578004239481665395e-42
5.477051785245114388e+02 2.497595072639106116e-42
5.479790311137737717e+02 2.419130768265504409e-42
5.482530206293305355e+02 2.342537880595625182e-42
5.485271471396451943e+02 2.267757667869075525e-42
5.488014107132149775e+02 2.194744268606982934e-42
5.490758114185714476e+02 2.123462817120411985e-42
5.493503493242807281e+02 2.053888010902704449e-42
5.496250244989429348e+02 1.986003070773100799e-42
5.498998370111924032e+02 1.919799177298215095e-42
5.501747869296979161e+02 1.855275115883572469e-42
5.504498743231627031e+02 1.792437151837050962e-42
5.507250992603243276e+02 1.731298960235608161e-42
5.510004618099543450e+02 1.671881431467516849e-42
5.512759620408593264e+02 1.614212168307092637e-42
5.515516000218797217e+02 1.558324467693355285e-42
5.518273758218906551e+02 1.504255986879396522e-42
5.521032895098015842e+02 1.452046705965425216e-42
5.523793411545564140e+02 1.401736413890738939e-42
5.526555308251336101e+02 1.353361714229707169e-42
5.529318585905460850e+02 1.306952978892043467e-42
5.532083245198413124e+02 1.262531000735934472e-42
5.534849286821012129e+02 1.220103941563779239e-42
5.537616711464422679e+02 1.179664669954785011e-42
5.540385519820155196e+02 1.141188730963216939e-42
5.543155712580063437e+02 1.104633156256033280e-42
5.545927290436353587e+02 1.069936169590643773e-42
5.548700254081572893e+02 1.037017949940253933e-42
5.551474604208611936e+02 1.005782347715067472e-42
5.554250341510715998e+02 9.761194336185198680e-43
5.557027466681470287e+02 9.479087378350753981e-43
5.559805980414811302e+02 9.210232934531187759e-43
5.562585883405018876e+02 8.953335281835864251e-43
5.565367176346719589e+02 8.707112826306887467e-43
5.568149859934892447e+02 8.470336586355305229e-43
5.570933934864859793e+02 8.241862698984097354e-43
5.573719401832291851e+02 8.020659040067988549e-43
5.576506261533207862e+02 7.805824324658597857e-43
5.579294514663973814e+02 7.596598512845145322e-43
5.582084161921305849e+02 7.392365899278411856e-43
5.584875204002266855e+02 7.192651098532668625e-43
5.587667641604267601e+02 6.997108786131229978e-43
5.590461475425069011e+02 6.805508919884149466e-43
5.593256706162781029e+02 6.617718780723427362e-43
5.596053334515862616e+02 6.433683228087583872e-43
5.598851361183119479e+02 6.253404912499137408e-43
5.601650786863710891e+02 6.076926371424682584e-43
5.604451612257142870e+02 5.904312189630719925e-43
5.607253838063271587e+02 5.735634760921505181e-43
5.610057464982302236e+02 5.570962619846608384e-43
5.612862493714793573e+02 5.410351619236599182e-43
5.615668924961651101e+02 5.253838778411265722e-43
5.618476759424131615e+02 5.101438739869439406e-43
5.621285997803843202e+02 4.953142100820925317e-43
5.624096640802745242e+02 4.808915876373423114e-43
5.626908689123146132e+02 4.668705125763990272e-43
5.629722143467707838e+02 4.532435218815869564e-43
5.632537004539440204e+02 4.400015438690740555e-43
5.635353273041708917e+02 4.271342553721479392e-43
5.638170949678229817e+02 4.146304270951070366e-43
5.640990035153068902e+02 4.024783352354860105e-43
5.643810530170644597e+02 3.906660897927090771e-43
5.646632435435728894e+02 3.791819634615860864e-43
5.649455751653446214e+02 3.680146803248118460e-43
5.652280479529273407e+02 3.571535507928706674e-43
5.655106619769037479e+02 3.465886903741329629e-43
5.657934173078921276e+02 3.363111147721771728e-43
5.660763140165461209e+02 3.263128561545885707e-43
5.663593521735542708e+02 3.165870003069924988e-43
5.666425318496410455e+02 3.071275442885297504e-43
5.669258531155658147e+02 2.979292937677135200e-43
5.672093160421235325e+02 2.889877369747162464e-43
5.674929207001446230e+02 2.802988741709456804e-43
5.677766671604947533e+02 2.718590493570863855e-43
5.680605554940749471e+02 2.636647674973103103e-43
5.683445857718219258e+02 2.557124777991830498e-43
5.686287580647077675e+02 2.479984605449616814e-43
5.689130724437402478e+02 2.405186991956140083e-43
5.691975289799620441e+02 2.332688055959149896e-43
5.694821277444519865e+02 2.262439683710452973e-43
5.697668688083241477e+02 2.194389424347369498e-43
5.700517522427282984e+02 2.128480751480568832e-43
5.703367781188495655e+02 2.064653724762127919e-43
5.706219465079090014e+02 2.002845720406337430e-43
5.709072574811629011e+02 1.942992337440240602e-43
5.711927111099034846e+02 1.885028396731732799e-43
5.714783074654584425e+02 1.828888869666464607e-43
5.717640466191911628e+02 1.774509683980901735e-43
5.720499286425007313e+02 1.721828353327833565e-43
5.723359536068219313e+02 1.670784554185047752e-43
5.726221215836252441e+02 1.621320381118979561e-43
5.729084326444170756e+02 1.573380478933987524e-43
5.731948868607391887e+02 1.526912042881094269e-43
5.734814843041696122e+02 1.481864713517771697e-43
5.737682250463216178e+02 1.438190370405476342e-43
5.740551091588446297e+02 1.395842885338336906e-43
5.743421367134239972e+02 1.354777988021430947e-43
5.746293077817807671e+02 1.314953035614628557e-43
5.749166224356716839e+02 1.276326863727276790e-43
5.752040807468894172e+02 1.238859685944006257e-43
5.754916827872627891e+02 1.202513085209678790e-43
5.757794286286565466e+02 1.167250003637832250e-43
5.760673183429707933e+02 1.133034759735713006e-43
5.763553520021421264e+02 1.099833133302207533e-43
5.766435296781432953e+02 1.067612400975318878e-43
5.769318514429822926e+02 1.036341356583289148e-43
5.772203173687037179e+02 1.005990310544422839e-43
5.775089275273880958e+02 9.765310953259696069e-44
5.777976819911516486e+02 9.479369829106849745e-44
5.780865808321472059e+02 9.201825765553355092e-44
5.783756241225632948e+02 8.932437215290321936e-44
5.786648119346245949e+02 8.670973662067994790e-44
5.789541443405918244e+02 8.417214156402637379e-44
5.792436214127621952e+02 8.170946057153215566e-44
5.795332432234685029e+02 7.931963284199387742e-44
5.798230098450802643e+02 7.700065799405897342e-44
5.801129213500026935e+02 7.475058096258198144e-44
5.804029778106777258e+02 7.256749532816798778e-44
5.806931792995829937e+02 7.044953946810560069e-44
5.809835258892328511e+02 6.839489279286244086e-44
5.812740176521773492e+02 6.640177589681006629e-44
5.815646546610036012e+02 6.446845617912235624e-44
5.818554369883339632e+02 6.259325001825409825e-44
5.821463647068280807e+02 6.077452512466794083e-44
5.824374378891814104e+02 5.901070378325058658e-44
5.827286566081260162e+02 5.730026446560496561e-44
5.830200209364300008e+02 5.564174082365530342e-44
5.833115309468981877e+02 5.403371940733197311e-44
5.836031867123714392e+02 5.247483647731360055e-44
5.838949883057276793e+02 5.096377087653836076e-44
5.841869357998804162e+02 4.949923703960620087e-44
5.844790292677803336e+02 4.807997845869182566e-44
5.847712687824141540e+02 4.670475962519520848e-44
5.850636544168053206e+02 4.537235714782719820e-44
5.853561862440136565e+02 4.408155294986694487e-44
5.856488643371355920e+02 4.283112954739398152e-44
5.859416887693041645e+02 4.161986643641592154e-44
5.862346596136886774e+02 4.044653807411404839e-44
5.865277769434954962e+02 3.930991627019494596e-44
5.868210408319672524e+02 3.820877292258966729e-44
5.871144513523831847e+02 3.714188426728503614e-44
5.874080085780593663e+02 3.610803672091803536e-44
5.877017125823484776e+02 3.510603511661158623e-44
5.879955634386395786e+02 3.413470886064186451e-44
5.882895612203587916e+02 3.319291862910346085e-44
5.885837060009690731e+02 3.227956315071181117e-44
5.888779978539694184e+02 3.139358288296587950e-44
5.891724368528964533e+02 3.053396384688421272e-44
5.894670230713228420e+02 2.969973910289721686e-44
5.897617565828585384e+02 2.888999013304306678e-44
5.900566374611498759e+02 2.810384500583127736e-44
5.903516657798804772e+02 2.734047534459685663e-44
5.906468416127704586e+02 2.659909424847213914e-44
5.909421650335767708e+02 2.587895164995755317e-44
5.912376361160934266e+02 2.517932952453700356e-44
5.915332549341516142e+02 2.449953747887488937e-44
5.918290215616186742e+02 2.383890868144498200e-44
5.921249360723994641e+02 2.319679575556274245e-44
5.924209985404355621e+02 2.257256721275054995e-44
5.927172090397057218e+02 2.196560600259126459e-44
5.930135676442256454e+02 2.137530785778849301e-44
5.933100744280477556e+02 2.080108099296043196e-44
5.936067294652616511e+02 2.024234742824595474e-44
5.939035328299943330e+02 1.969854584923397593e-44
5.942004845964092965e+02 1.916913516329417141e-44
5.944975848387074393e+02 1.865359923240737911e-44
5.947948336311267212e+02 1.815145350818220223e-44
5.950922310479421640e+02 1.766225154983129431e-44
5.953897771634660785e+02 1.718559078823680343e-44
5.956874720520478377e+02 1.672111953797097397e-44
5.959853157880737626e+02 1.626854181070556935e-44
5.962833084459678048e+02 1.582762046522083101e-44
5.965814501001907502e+02 1.539817791221550148e-44
5.968797408252407877e+02 1.498009435352691994e-44
5.971781806956532819e+02 1.457330220196741104e-44
5.974767697860012277e+02 1.417777692895730188e-44
5.977755081708941134e+02 1.379352562864070881e-44
5.980743959249795125e+02 1.342057227283799268e-44
5.983734331229419467e+02 1.305894131988652401e-44
5.986726198395034544e+02 1.270863928634048197e-44
5.989719561494232494e+02 1.236963828600161760e-44
5.992714421274979486e+02 1.204185951679529437e-44
5.995710778485615720e+02 1.172516027283817640e-44
5.998708633874858833e+02 1.141932462993984973e-44
6.001707988191794811e+02 1.112405835144048594e-44
6.004708842185891626e+02 1.083898874129017218e-44
6.007711196606983322e+02 1.056366957689332066e-44
6.010715052205287066e+02 1.029759083941155737e-44
6.013720409731389509e+02 1.004019211346455114e-44
6.016727269936254743e+02 9.790878902096313537e-45
6.019735633571222024e+02 9.549041378883634883e-45
6.022745501388008051e+02 9.314073101265068836e-45
6.025756874138701278e+02 9.085389320494705094e-45
6.028769752575771008e+02 8.862443755726949016e-45
6.031784137452058303e+02 8.644742691897944578e-45
6.034800029520783937e+02 8.431855817404697240e-45
6.037817429535543852e+02 8.223423580692953748e-45
6.040836338250311428e+02 8.019161211342101518e-45
6.043856756419436351e+02 7.818859015554523488e-45
6.046878684797645747e+02 7.622379652713181886e-45
6.049902124140044180e+02 7.429653182085448265e-45
6.052927075202114793e+02 7.240669802333883218e-45
6.055953538739715896e+02 7.055471155281601872e-45
6.058981515509085511e+02 6.874140816118867353e-45
6.062011006266840241e+02 6.696794297546999516e-45
6.065042011769972987e+02 6.523568792473826776e-45
6.068074532775857506e+02 6.354613129240555210e-45
6.071108570042244992e+02 6.190078329282067771e-45
6.074144124327265217e+02 6.030108488773573738e-45
6.077181196389428806e+02 5.874832422292314297e-45
6.080219786987622683e+02 5.724356467620925490e-45
6.083259896881116902e+02 5.578758081044875621e-45
6.086301526829556678e+02 5.438080617183324961e-45
6.089344677592970356e+02 5.302329579876823304e-45
6.092389349931765992e+02 5.171470400765730117e-45
6.095435544606731355e+02 5.045427689669422185e-45
6.098483262379033931e+02 4.924086172161234590e-45
6.101532504010223192e+02 4.807293446607095043e-45
6.104583270262228325e+02 4.694864022307912870e-45
6.107635561897359366e+02 4.586584900205571406e-45
6.110689379678308342e+02 4.482221836992874214e-45
6.113744724368148127e+02 4.381526573559950035e-45
6.116801596730331312e+02 4.284244209924120392e-45
6.119859997528697022e+02 4.190120474603180497e-45
6.122919927527460686e+02 4.098908764904928400e-45
6.125981387491223131e+02 4.010375799046078634e-45
6.129044378184968309e+02 3.924305821284338797e-45
6.132108900374059886e+02 3.840505147854260717e-45
6.135174954824248061e+02 3.758803308723526304e-45
6.138242542301659341e+02 3.679053816238959390e-45
6.141311663572809039e+02 3.601133375611721764e-45
6.144382319404595592e+02 3.524940268606401075e-45
6.147454510564297152e+02 3.450392066709146882e-45
6.150528237819578408e+02 3.377422673189011493e-45
6.153603501938488307e+02 3.305979172552252763e-45
6.156680303689456650e+02 3.236018597500668577e-45
6.159758643841300909e+02 3.167504874622724434e-45
6.162838523163222817e+02 3.100406269098753086e-45
6.165919942424803821e+02 3.034693151455149682e-45
6.169002902396015315e+02 2.970336310797430334e-45
6.172087403847214091e+02 2.907305716000963066e-45
6.175173447549137791e+02 2.845569785097005954e-45
6.178261034272911729e+02 2.785095127943880732e-45
6.181350164790047756e+02 2.725846520850863469e-45
6.184440839872443121e+02 2.667787075044519321e-45
6.187533060292378195e+02 2.610878774696884821e-45
6.190626826822524436e+02 2.555082921496934122e-45
6.193722140235935285e+02 2.500360967989373101e-45
6.196819001306051860e+02 2.446675030895134784e-45
6.199917410806705220e+02 2.393988612533318509e-45
6.203017369512108417e+02 2.342267316264719688e-45
6.206118878196864443e+02 2.291479479667174771e-45
6.209221937635962831e+02 2.241596796096543053e-45
6.212326548604779646e+02 2.192594915712274803e-45
6.215432711879083172e+02 2.144454002790714168e-45
6.218540428235022546e+02 2.097159211524766264e-45
6.221649698449140260e+02 2.050701092081601660e-45
6.224760523298364205e+02 2.005075740103258693e-45
6.227872903560011082e+02 1.960284960808772947e-45
6.230986840011792083e+02 1.916335843190877651e-45
6.234102333431798115e+02 1.873241307904459705e-45
6.237219384598513443e+02 1.831019195857924647e-45
6.240337994290811139e+02 1.789691861578326794e-45
6.243458163287956495e+02 1.749285207807241784e-45
6.246579892369600202e+02 1.709827886450221291e-45
6.249703182315784034e+02 1.671350600944761096e-45
6.252828033906941982e+02 1.633885174924703960e-45
6.255954447923894577e+02 1.597463632235172505e-45
6.259082425147855702e+02 1.562117178017894598e-45
6.262211966360430324e+02 1.527875164244963380e-45
6.265343072343609947e+02 1.494764103090478660e-45
6.268475743879781703e+02 1.462806525417634791e-45
6.271609981751720397e+02 1.432019819450476768e-45
6.274745786742596465e+02 1.402415004796459129e-45
6.277883159635966877e+02 1.373995514711568135e-45
6.281022101215785369e+02 1.346756031764594145e-45
6.284162612266392216e+02 1.320681432841069355e-45
6.287304693572524457e+02 1.295745959945044027e-45
6.290448345919311350e+02 1.271912678030710987e-45
6.293593570092270966e+02 1.249133381171770678e-45
6.296740366877315864e+02 1.227349024813053426e-45
6.299888737060753101e+02 1.206490616672826692e-45
6.303038681429284225e+02 1.186480686177943610e-45
6.306190200769998455e+02 1.167235272357590760e-45
6.309343295870382917e+02 1.148666303190351157e-45
6.312497967518316955e+02 1.130684260042276883e-45
6.315654216502076679e+02 1.113200963394160594e-45
6.318812043610327009e+02 1.096132284841223721e-45
6.321971449632131907e+02 1.079400626137440234e-45
6.325132435356947553e+02 1.062937010885360027e-45
6.328295001574626895e+02 1.046682662643473931e-45
6.331459149075412824e+02 1.030589985576232780e-45
6.334624878649949551e+02 1.014622934675293571e-45
6.337792191089275775e+02 9.987567966319815389e-46
6.340961087184819007e+02 9.829774178958023087e-46
6.344131567728410346e+02 9.672800163673042531e-46
6.347303633512275383e+02 9.516677214813604006e-46
6.350477285329030792e+02 9.361499008853666976e-46
6.353652523971694563e+02 9.207404733994485733e-46
6.356829350233680316e+02 9.054563180373126562e-46
6.360007764908796162e+02 8.903158453083391583e-46
6.363187768791250392e+02 8.753378148824316267e-46
6.366369362675645789e+02 8.605404388770228435e-46
6.369552547356983041e+02 8.459407619558293742e-46
6.372737323630660740e+02 8.315543321112708776e-46
6.375923692292476517e+02 8.173950346214907553e-46
6.379111654138623635e+02 8.034750949662148355e-46
6.382301209965692124e+02 7.898052858340476015e-46
6.385492360570673327e+02 7.763951299618286412e-46
6.388685106750959903e+02 7.632531314645870449e-46
6.391879449304334457e+02 7.503869161740980512e-46
6.395075389028985455e+02 7.378033187330224258e-46
6.398272926723500404e+02 7.255083608766914225e-46
6.401472063186861305e+02 7.135071776990940289e-46
6.404672799218454884e+02 7.018038735951255949e-46
6.407875135618063496e+02 6.904013115042849773e-46
6.411079073185871948e+02 6.793008910364381479e-46
6.414284612722464090e+02 6.685023448939015340e-46
6.417491755028825082e+02 6.580035627209549878e-46
6.420700500906339130e+02 6.478004745623854006e-46
6.423910851156791750e+02 6.378870411915437291e-46
6.427122806582369776e+02 6.282553968869103062e-46
6.430336367985660218e+02 6.188960136410423742e-46
6.433551536169652536e+02 6.097979265048981359e-46
6.436768311937736371e+02 6.009491147482015325e-46
6.439986696093703813e+02 5.923369551978574843e-46
6.443206689441751678e+02 5.839485450267705719e-46
6.446428292786472412e+02 5.757711378605817763e-46
6.449651506932866596e+02 5.677923424609280112e-46
6.452876332686332717e+02 5.600005215844557232e-46
6.456102770852675121e+02 5.523849936830179890e-46
6.459330822238101746e+02 5.449361651089375836e-46
6.462560487649220704e+02 5.376455749873705301e-46
6.465791767893043698e+02 5.305058755378461169e-46
6.469024663776990565e+02 5.235107608548965182e-46
6.472259176108879046e+02 5.166548431216901010e-46
6.475495305696931609e+02 5.099335048699965971e-46
6.478733053349779993e+02 5.033427545950739351e-46
6.481972419876454978e+02 4.968790746033010415e-46
6.485213406086393206e+02 4.905392840908281593e-46
6.488456012789436045e+02 4.843204305563992038e-46
6.491700240795830723e+02 4.782197050465078458e-46
6.494946090916228059e+02 4.722343816841846688e-46
6.498193563961687005e+02 4.663617852284294930e-46
6.501442660743666693e+02 4.605992813724778179e-46
6.504693382074037800e+02 4.549442795455394394e-46
6.507945728765074591e+02 4.493942499229375295e-46
6.511199701629457195e+02 4.439467529820598878e-46
6.514455301480271601e+02 4.385994676447266800e-46
6.517712529131010797e+02 4.333502248038053519e-46
6.520971385395575908e+02 4.281970481596755037e-46
6.524231871088273920e+02 4.231381913477993730e-46
6.527493987023816544e+02 4.181721804602449077e-46
6.530757734017328175e+02 4.132978646905990310e-46
6.534023112884336797e+02 4.085144623355065716e-46
6.537290124440779664e+02 4.038216157407084380e-46
6.540558769502998757e+02 3.992194232394132842e-46
6.543829048887749877e+02 3.947084898535816478e-46
6.547100963412193551e+02 3.902899441914391099e-46
6.550374513893899575e+02 3.859654504551069373e-46
6.553649701150847022e+02 3.817371747713131863e-46
6.556926526001421962e+02 3.776077128015709294e-46
6.560204989264422011e+02 3.735800068956757247e-46
6.563485091759054058e+02 3.696572017223649131e-46
6.566766834304933127e+02 3.658424595476659744e-46
6.570050217722084653e+02 3.621387502389871761e-46
6.573335242830945617e+02 3.585486214396218463e-46
6.576621910452361135e+02 3.550739753266048559e-46
6.579910221407586732e+02 3.517158560130911080e-46
6.583200176518289481e+02 3.484742675074903143e-46
6.586491776606549138e+02 3.453480398007729777e-46
6.589785022494851319e+02 3.423347571290072724e-46
6.593079915006097735e+02 3.394307590327157686e-46
6.596376454963600509e+02 3.366312111073988238e-46
6.599674643191082168e+02 3.339302456309747986e-46
6.602974480512676791e+02 3.313211708681007889e-46
6.606275967752932274e+02 3.287967174303295884e-46
6.609579105736808060e+02 3.263493151983520566e-46
6.612883895289676275e+02 3.239713848139927878e-46
6.616190337237321728e+02 3.216556115364330979e-46
6.619498432405939639e+02 3.193951909235291597e-46
6.622808181622142456e+02 3.171840308863443231e-46
6.626119585712953040e+02 3.150168987797469568e-46
6.629432645505806931e+02 3.128895107686505706e-46
6.632747361828560315e+02 3.107985618966253887e-46
6.636063735509474100e+02 3.087417013589896853e-46
6.639381767377228698e+02 3.067174597034767341e-46
6.642701458260917207e+02 3.047251428073290586e-46
6.646022808990046542e+02 3.027647000893793556e-46
6.649345820394541988e+02 3.008365794108478017e-46
6.652670493304738102e+02 2.989415855124328218e-46
6.655996828551390081e+02 2.970807438928166846e-46
6.659324826965666944e+02 2.952551829120053827e-46
6.662654489379149254e+02 2.934660348390433345e-46
6.665985816623837081e+02 2.917143598154358931e-46
6.669318809532148862e+02 2.900010952723329833e-46
6.672653468936915715e+02 2.883270217742203010e-46
6.675989795671382581e+02 2.866927531949979786e-46
6.679327790569218450e+02 2.850987366876035185e-46
6.682667454464502725e+02 2.835452674591325333e-46
6.686008788191734311e+02 2.820325062696106182e-46
6.689351792585829344e+02 2.805604953826574676e-46
6.692696468482122327e+02 2.791291770427621695e-46
6.696042816716362722e+02 2.777384074259743696e-46
6.699390838124720631e+02 2.763879664953424174e-46
6.702740533543782249e+02 2.750775573638163085e-46
6.706091903810554413e+02 2.738068021282406942e-46
6.709444949762458918e+02 2.725752423973761728e-46
6.712799672237339337e+02 2.713823259020100041e-46
6.716156072073458745e+02 2.702273948081786127e-46
6.719514150109495176e+02 2.691096612637637118e-46
6.722873907184549580e+02 2.680282407441773263e-46
6.726235344138141272e+02 2.669821576433486193e-46
6.729598461810210210e+02 2.659703668840806979e-46
6.732963261041114720e+02 2.649917454231470683e-46
6.736329742671636041e+02 2.640451427030132599e-46
6.739697907542970370e+02 2.631294159239697576e-46
6.743067756496741367e+02 2.622434684642100018e-46
6.746439290374989923e+02 2.613862862239921670e-46
6.749812510020176433e+02 2.605569769225564659e-46
6.753187416275186479e+02 2.597547966511450930e-46
6.756564009983324013e+02 2.589791629663307606e-46
6.759942291988315901e+02 2.582296518507310020e-46
6.763322263134308514e+02 2.575059686383807049e-46
6.766703924265875685e+02 2.568079041379769509e-46
6.770087276228007340e+02 2.561352657183220606e-46
6.773472319866120870e+02 2.554877914264938652e-46
6.776859056026053167e+02 2.548650491215196351e-46
6.780247485554067453e+02 2.542663250471351834e-46
6.783637609296843038e+02 2.536905173892778815e-46
6.787029428101491249e+02 2.531360411358684837e-46
6.790422942815541774e+02 2.526007574414985023e-46
6.793818154286949493e+02 2.520819372811185710e-46
6.797215063364092202e+02 2.515762683176109700e-46
6.800613670895774021e+02 2.510799258750889128e-46
6.804013977731220848e+02 2.505886936316813066e-46
6.807415984720086044e+02 2.500981456539980718e-46
6.810819692712447022e+02 2.496039120310458522e-46
6.814225102558801836e+02 2.491019881190253406e-46
6.817632215110081688e+02 2.485890935629112871e-46
6.821041031217636146e+02 2.480630321925220018e-46
6.824451551733244514e+02 2.475230793299960477e-46
6.827863777509110150e+02 2.469703424514507265e-46
6.831277709397865010e+02 2.464080705471764712e-46
6.834693348252562828e+02 2.458418885371932884e-46
6.838110694926689348e+02 2.452799304061447970e-46
6.841529750274152093e+02 2.447328513350344647e-46
6.844950515149289458e+02 2.442137048824211469e-46
6.848372990406862755e+02 2.437376804075344681e-46
6.851797176902066440e+02 2.433217012441552293e-46
6.855223075490517886e+02 2.429839021265017077e-46
6.858650687028261927e+02 2.427430037746399559e-46
6.862080012371776547e+02 2.426176176961838868e-46
6.865511052377962642e+02 2.426255148186184371e-46
6.868943807904150844e+02 2.427828998402995694e-46
6.872378279808102661e+02 2.431037284196174326e-46
6.875814468948007061e+02 2.435991002022546408e-46
6.879252376182480475e+02 2.442767807213746890e-46
6.882692002370571345e+02 2.451408535437670724e-46
6.886133348371756711e+02 2.461915453627544516e-46
6.889576415045942213e+02 2.474251802756961001e-46
6.893021203253464364e+02 2.488343282318235125e-46
6.896467713855092825e+02 2.504081061271784076e-46
6.899915947712020170e+02 2.521326066239956304e-46
6.903365905685875532e+02 2.539914439462593002e-46
6.906817588638717780e+02 2.559663836722842227e-46
6.910270997433036655e+02 2.580380374157112853e-46
6.913726132931752772e+02 2.601865685381088945e-46
6.917182995998217621e+02 2.623923905128157106e-46
6.920641587496216971e+02 2.646368258118240560e-46
6.924101908289965195e+02 2.669026957003203058e-46
6.927563959244109810e+02 2.691748178979117674e-46
6.931027741223731482e+02 2.714403930555015009e-46
6.934493255094342885e+02 2.736892719164051760e-46
6.937960501721888704e+02 2.759140971584124011e-46
6.941429481972749045e+02 2.781103223247358944e-46
6.944900196713736023e+02 2.802761177396636681e-46
6.948372646812091489e+02 2.824121780709008963e-46
6.951846833135497263e+02 2.845214567321664251e-46
6.955322756552063765e+02 2.866088513116436038e-46
6.958800417930340245e+02 2.886808618664921916e-46
6.962279818139304552e+02 2.907452541554601040e-46
6.965760958048374505e+02 2.928107468999135314e-46
6.969243838527397656e+02 2.948867358229635816e-46
6.972728460446661529e+02 2.969830723491020431e-46
6.976214824676884518e+02 2.991098968512640867e-46
6.979702932089221576e+02 3.012775236259361043e-46
6.983192783555266487e+02 3.034963660896869369e-46
6.986684379947045045e+02 3.057768851747413404e-46
6.990177722137017327e+02 3.081295525418575222e-46
6.993672810998084515e+02 3.105648060426613889e-46
6.997169647403583213e+02 3.130929902311224531e-46
7.000668232227284307e+02 3.157242250722363932e-46
7.004168566343398652e+02 3.184682871520273656e-46
7.007670650626569113e+02 3.213344321803315473e-46
7.011174485951881934e+02 3.243312327990032885e-46
7.014680073194856504e+02 3.274663577748276727e-46
7.018187413231454457e+02 3.307463871950752319e-46
7.021696506938070570e+02 3.341766591119146284e-46
7.025207355191538454e+02 3.377611635547815608e-46
7.028719958869135098e+02 3.415025040888771408e-46
7.032234318848569501e+02 3.454019255385944255e-46
7.035750436007992903e+02 3.494594358077046867e-46
7.039268311225996513e+02 3.536739904485749737e-46
7.042787945381609234e+02 3.580437569616437239e-46
7.046309339354299937e+02 3.625663840073548643e-46
7.049832494023976324e+02 3.672393151175833159e-46
7.053357410270989476e+02 3.720601312000968745e-46
7.056884088976124758e+02 3.770267762052796706e-46
7.060412531020612050e+02 3.821378060745002651e-46
7.063942737286122338e+02 3.873925446470633177e-46
7.067474708654765436e+02 3.927912018467423088e-46
7.071008446009093404e+02 3.983348762326751010e-46
7.074543950232097131e+02 4.040254993212591926e-46
7.078081222207212022e+02 4.098657151867204412e-46
7.081620262818315723e+02 4.158587099713448181e-46
7.085161072949724712e+02 4.220080176470933389e-46
7.088703653486199983e+02 4.283173162747972785e-46
7.092248005312942496e+02 4.347902242916811764e-46
7.095794129315597729e+02 4.414301376010022369e-46
7.099342026380255675e+02 4.482401205402421337e-46
7.102891697393446293e+02 4.552228786835904149e-46
7.106443143242141787e+02 4.623807741437438399e-46
7.109996364813762284e+02 4.697159418816918083e-46
7.113551362996170155e+02 4.772304865452724603e-46
7.117108138677666602e+02 4.849267526385656731e-46
7.120666692747005300e+02 4.928076706688025432e-46
7.124227026093379891e+02 5.008771456275173077e-46
7.127789139606425124e+02 5.091404780734838756e-46
7.131353034176229357e+02 5.176048025602397709e-46
7.134918710693316370e+02 5.262794759071367679e-46
7.138486170048663553e+02 5.351764276275990853e-46
7.142055413133687125e+02 5.443104213730725632e-46
7.145626440840253508e+02 5.536991981019886583e-46
7.149199254060673638e+02 5.633634875807679771e-46
7.152773853687702967e+02 5.733268623226980293e-46
7.156350240614546010e+02 5.836154278893990947e-46
7.159928415734854070e+02 5.942573783876506709e-46
7.163508379942720694e+02 6.052823928596304496e-46
7.167090134132690764e+02 6.167209449412526775e-46
7.170673679199755952e+02 6.286035514396193442e-46
7.174259016039355856e+02 6.409600163436899835e-46
7.177846145547375727e+02 6.538187007490667696e-46
7.181435068620148741e+02 6.672058978851826603e-46
7.185025786154458274e+02 6.811453450287080448e-46
7.188618299047534492e+02 6.956579282745120020e-46
7.192212608197058898e+02 7.107615907266687749e-46
7.195808714501156373e+02 7.264714442304144058e-46
7.199406618858406546e+02 7.428001267030152474e-46
7.203006322167835833e+02 7.597583150255519339e-46
7.206607825328919716e+02 7.773553993490358306e-46
7.210211129241583876e+02 7.956002774179637351e-46
7.213816234806204193e+02 8.145021533161026542e-46
7.217423142923607884e+02 8.340713785645503853e-46
7.221031854495067819e+02 8.543202197614288488e-46
7.224642370422315025e+02 8.752634930793587377e-46
7.228254691607526183e+02 8.969191109580782147e-46
7.231868818953329310e+02 9.193084560067073125e-46
7.235484753362804895e+02 9.424566027779660028e-46
7.239102495739485903e+02 9.663924160340734717e-46
7.242722046987355498e+02 9.911484715852216666e-46
7.246343408010848179e+02 1.016760914512563224e-45
7.249966579714853196e+02 1.043269252252710160e-45
7.253591563004709997e+02 1.070716054392359295e-45
7.257218358786211638e+02 1.099146715358312028e-45
7.260846967965603653e+02 1.128609195588336848e-45
7.264477391449587458e+02 1.159153791703311736e-45
7.268109630145311257e+02 1.190833016928085330e-45
7.271743684960383689e+02 1.223701479946669441e-45
7.275379556802863590e+02 1.257815857420059578e-45
7.279017246581264544e+02 1.293234968189129960e-45
7.282656755204554884e+02 1.330019799555959455e-45
7.286298083582156551e+02 1.368233676750266660e-45
7.289941232623947371e+02 1.407942422252061701e-45
7.293586203240258783e+02 1.449214491425535968e-45
7.297232996341879243e+02 1.492121197906280088e-45
7.300881612840049684e+02 1.536736851231907918e-45
7.304532053646469194e+02 1.583138905211876618e-45
7.308184319673291611e+02 1.631408161131945390e-45
7.311838411833127793e+02 1.681628824541698066e-45
7.315494331039044482e+02 1.733888659781608045e-45
7.319152078204564305e+02 1.788279105847633788e-45
7.322811654243665771e+02 1.844895344874264204e-45
7.326473060070786687e+02 1.903836508269013487e-45
7.330136296600823016e+02 1.965205750725647965e-45
7.333801364749122058e+02 2.029110408285976915e-45
7.337468265431497230e+02 2.095662349666803850e-45
7.341136999564212147e+02 2.164978135496907942e-45
7.344807568063994268e+02 2.237179408405521444e-45
7.348479971848025798e+02 2.312393396364627420e-45
7.352154211833949375e+02 2.390753263928228432e-45
7.355830288939864658e+02 2.472398794361669400e-45
7.359508204084335148e+02 2.557476899731478293e-45
7.363187958186376818e+02 2.646142246758223735e-45
7.366869552165470623e+02 2.738558105091294411e-45
7.370552986941552263e+02 2.834896858197202705e-45
7.374238263435023555e+02 2.935340810529600776e-45
7.377925382566738790e+02 3.040082941055259553e-45
7.381614345258021785e+02 3.149327433256109294e-45
7.385305152430651106e+02 3.263290632898298884e-45
7.388997805006865747e+02 3.382201557164663585e-45
7.392692303909368547e+02 3.506302494461483887e-45
7.396388650061321641e+02 3.635849939334289121e-45
7.400086844386352141e+02 3.771115181997306574e-45
7.403786887808546453e+02 3.912385359804855201e-45
7.407488781252450281e+02 4.059964580735677482e-45
7.411192525643076578e+02 4.214174840183914830e-45
7.414898121905896460e+02 4.375357773587160704e-45
7.418605570966850564e+02 4.543876155824804321e-45
7.422314873752333142e+02 4.720115804661501254e-45
7.426026031189209107e+02 4.904488086423138588e-45
7.429739044204802667e+02 5.097432043270592124e-45
7.433453913726905284e+02 5.299417467991621841e-45
7.437170640683768852e+02 5.510947913242357141e-45
7.440889226004110242e+02 5.732563420337461262e-45
7.444609670617112442e+02 5.964844357874965661e-45
7.448331975452420011e+02 6.208414380829249350e-45
7.452056141440145893e+02 6.463943916570837864e-45
7.455782169510865742e+02 6.732153503604720002e-45
7.459510060595622463e+02 7.013816396128715812e-45
7.463239815625919391e+02 7.309762652654820435e-45
7.466971435533731665e+02 7.620881443745492539e-45
7.470704921251498263e+02 7.948123309037398927e-45
7.474440273712123144e+02 8.292501899360394163e-45
7.478177493848978656e+02 8.655095273904932510e-45
7.481916582595903265e+02 9.037047008110759935e-45
7.485657540887201549e+02 9.439559147806621955e-45
7.489400369657644205e+02 9.863904403738750914e-45
7.493145069842472594e+02 1.031142705058384607e-44
7.496891642377393055e+02 1.078353449210757464e-44
7.500640088198581452e+02 1.128168498169672141e-44
7.504390408242680905e+02 1.180738405856582629e-44
7.508142603446801786e+02 1.236217924913927036e-44
7.511896674748525129e+02 1.294764793041712882e-44
7.515652623085899222e+02 1.356538232579858561e-44
7.519410449397441880e+02 1.421697378698041083e-44
7.523170154622140444e+02 1.490399394097103753e-44
7.526931739699450645e+02 1.562796907970027747e-44
7.530695205569298878e+02 1.639035640999764461e-44
7.534460553172083337e+02 1.719252028937792976e-44
7.538227783448669470e+02 1.803570131856660477e-44
7.541996897340393389e+02 1.892099493006331382e-44
7.545767895789061868e+02 1.984933244922233724e-44
7.549540779736955756e+02 2.082146855926289970e-44
7.553315550126824292e+02 2.183801072994836357e-44
7.557092207901886241e+02 2.289940203387288624e-44
7.560870754005836716e+02 2.400597717576739963e-44
7.564651189382839220e+02 2.515801916334215912e-44
7.568433514977530194e+02 2.635588946900152233e-44
7.572217731735019015e+02 2.760016241965181473e-44
7.576003840600885724e+02 2.889179418576608811e-44
7.579791842521185572e+02 3.023233849108274290e-44
7.583581738442445612e+02 3.162419926999667693e-44
7.587373529311666971e+02 3.307090082478292130e-44
7.591167216076322575e+02 3.457739586028698859e-44
7.594962799684360562e+02 3.615036347195983332e-44
7.598760281084202006e+02 3.779850636605939141e-44
7.602559661224744332e+02 3.953284721270365107e-44
7.606360941055355624e+02 4.136695083230347741e-44
7.610164121525882592e+02 4.331712686577032797e-44
7.613969203586646017e+02 4.540255732215508563e-44
7.617776188188438482e+02 4.764534291867833052e-44
7.621585076282532327e+02 5.007049942193085047e-44
7.625395868820673968e+02 5.270582839358283995e-44
7.629208566755083893e+02 5.558174121639654050e-44
7.633023171038461214e+02 5.873100566180885108e-44
7.636839682623980252e+02 6.218842475204197402e-44
7.640658102465291677e+02 6.599049380535416325e-44
7.644478431516523642e+02 7.017498420689871072e-44
7.648300670732280651e+02 7.478053869712606772e-44
7.652124821067646963e+02 7.984631362726002225e-44
7.655950883478179776e+02 8.541152018960831501e-44
7.659778858919919458e+02 9.151511188464826461e-44
7.663608748349379312e+02 9.819547068240350901e-44
7.667440552723553537e+02 1.054901743062351337e-43
7.671274272999914956e+02 1.134359304236480178e-43
7.675109910136415010e+02 1.220684044334968861e-43
7.678947465091481490e+02 1.314223670006061522e-43
7.682786938824026493e+02 1.415318916551449226e-43
7.686628332293438461e+02 1.524306701571985900e-43
7.690471646459584463e+02 1.641526105610710590e-43
7.694316882282813594e+02 1.767324014199177791e-43
7.698164040723954713e+02 1.902063989553765524e-43
7.702013122744316433e+02 2.046136013392303823e-43
7.705864129305688266e+02 2.199966769464223550e-43
7.709717061370340616e+02 2.364031214931987573e-43
7.713571919901025922e+02 2.538866017501710023e-43
7.717428705860975242e+02 2.725083077269398884e-43
7.721287420213906216e+02 2.923383785327424477e-43
7.725148063924012831e+02 3.134569883730807037e-43
7.729010637955974516e+02 3.359561394082919820e-43
7.732875143274952734e+02 3.599405597886469351e-43
7.736741580846588704e+02 3.855289555668029760e-43
7.740609951637011363e+02 4.128554244933322319e-43
7.744480256612829407e+02 4.420703862512450398e-43
7.748352496741135838e+02 4.733420203179187036e-43
7.752226672989506824e+02 5.068572277522395549e-43
7.756102786325999432e+02 5.428230201521684083e-43
7.759980837719162992e+02 5.814679348261162179e-43
7.763860828138023180e+02 6.230431879650315536e-43
7.767742758552091118e+02 6.678250369382191325e-43
7.771626629931366779e+02 7.161161607027925056e-43
7.775512443246331031e+02 7.682478117797436573e-43
7.779400199467954735e+02 8.245829821087495283e-43
7.783289899567688508e+02 8.855185273116694228e-43
7.787181544517470684e+02 9.514895431421740844e-43
7.791075135289730724e+02 1.022973231331115574e-42
7.794970672857375575e+02 1.100493497457249247e-42
7.798868158193803310e+02 1.184627918728280444e-42
7.802767592272899719e+02 1.276012795273396728e-42
7.806668976069034898e+02 1.375351976177115257e-42
7.810572310557070068e+02 1.483424899537740585e-42
7.814477596712347349e+02 1.601095224618140632e-42
7.818384835510703397e+02 1.729322738855543204e-42
7.822294027928458036e+02 1.869171289603752044e-42
7.826205174942422218e+02 2.021821585624783328e-42
7.830118277529893476e+02 2.188581361117411567e-42
7.834033336668657057e+02 2.370894849274380698e-42
7.837950353336990474e+02 2.570356459338910269e-42
7.841869328513658957e+02 2.788716369370859500e-42
7.845790263177915449e+02 3.027893010368097852e-42
7.849713158309505161e+02 3.289980861987942225e-42
7.853638014888658745e+02 3.577259287928666118e-42
7.857564833896102527e+02 3.892210246878519513e-42
7.861493616313050552e+02 4.237520729310869493e-42
7.865424363121205715e+02 4.616105608982028193e-42
7.869357075302766589e+02 5.031125503099969201e-42
7.873291753840416050e+02 5.486004812460420552e-42
7.877228399717336060e+02 5.984472239374688373e-42
7.881167013917195163e+02 6.530587803852074945e-42
7.885107597424153028e+02 7.128797234343065055e-42
7.889050151222864997e+02 7.783982628881610703e-42
7.892994676298477543e+02 8.501519788869906190e-42
7.896941173636625990e+02 9.287367276584429251e-42
7.900889644223443611e+02 1.014812513006458501e-41
7.904840089045554805e+02 1.109114348674089096e-41
7.908792509090076237e+02 1.212461481128761802e-41
7.912746905344621382e+02 1.325767514800686850e-41
7.916703278797294843e+02 1.450054950990217469e-41
7.920661630436692349e+02 1.586464344351801964e-41
7.924621961251909852e+02 1.736271743117085088e-41
7.928584272232535568e+02 1.900902528137558943e-41
7.932548564368651114e+02 2.081947823863035291e-41
7.936514838650834918e+02 2.281187689666438806e-41
7.940483096070158808e+02 2.500606116250911157e-41
7.944453337618194837e+02 2.742421194087572340e-41
7.948425564287002771e+02 3.009108127362756623e-41
7.952399777069146012e+02 3.303429158124051639e-41
7.956375976957680223e+02 3.628473546006368412e-41
7.960354164946157880e+02 3.987686061563420321e-41
7.964334342028630545e+02 4.384921486813695431e-41
7.968316509199644315e+02 4.824484120482962476e-41
7.972300667454244376e+02 5.311184311536191725e-41
7.976286817787971586e+02 5.850406781129576616e-41
7.980274961196864751e+02 6.448162438211463849e-41
7.984265098677461765e+02 7.111186264784087630e-41
7.988257231226799604e+02 7.847003158918067850e-41
7.992251359842412057e+02 8.664034543849821307e-41
7.996247485522333136e+02 9.571714323132216399e-41
8.000245609265094799e+02 1.058058735434287123e-40
8.004245732069726955e+02 1.170249198392140105e-40
8.008247854935760870e+02 1.295067225633545176e-40
8.012251978863226896e+02 1.433998830114975296e-40
8.016258104852659017e+02 1.588711957620000531e-40
8.020266233905084619e+02 1.761076149211454864e-40
8.024276367022036993e+02 1.953196987601991073e-40
8.028288505205547381e+02 2.167435736157997837e-40
8.032302649458149517e+02 2.406451285695725022e-40
8.036318800782879634e+02 2.673235170102966793e-40
8.040336960183269639e+02 2.971151622600594429e-40
8.044357128663360754e+02 3.303999499380985895e-40
8.048379307227691015e+02 3.676049216341781289e-40
8.052403496881305500e+02 4.092124453909259846e-40
8.056429698629746099e+02 4.557661778924136507e-40
8.060457913479060608e+02 5.078793432603578313e-40
8.064488142435799318e+02 5.662454785044286159e-40
8.068520386507017292e+02 6.316462650317653040e-40
8.072554646700270951e+02 7.049673431397617686e-40
8.076590924023620346e+02 7.872087226937263960e-40
8.080629219485630301e+02 8.795025310386924894e-40
8.084669534095373820e+02 9.831320251383532138e-40
8.088711868862420715e+02 1.099548309624293340e-39
8.092756224796851257e+02 1.230400747938932469e-39
8.096802602909250481e+02 1.377556207392059313e-39
8.100851004210705923e+02 1.543138160192131039e-39
8.104901429712811023e+02 1.729558824220046203e-39
8.108953880427666263e+02 1.939555728199370684e-39
8.113008357367880308e+02 2.176251113929943905e-39
8.117064861546563179e+02 2.443187204311350179e-39
8.121123393977336491e+02 2.744405655758142513e-39
8.125183955674323215e+02 3.084504398314948445e-39
8.129246547652161325e+02 3.468720538142477422e-39
8.133311170925985607e+02 3.903034515586756552e-39
8.137377826511449257e+02 4.394247574163409953e-39
8.141446515424703421e+02 4.950141745764599364e-39
8.145517238682416519e+02 5.579577443073376943e-39
8.149589997301757194e+02 6.292679642737424742e-39
8.153664792300406816e+02 7.101017158023327337e-39
8.157741624696557210e+02 8.017780988890687912e-39
8.161820495508904969e+02 9.058101487024754959e-39
8.165901405756659415e+02 1.023922872177634783e-38
8.169984356459536912e+02 1.158095705963164259e-38
8.174069348637766552e+02 1.310593413386083307e-38
8.178156383312085609e+02 1.484008655127193806e-38
8.182245461503740671e+02 1.681322107096880112e-38
8.186336584234492193e+02 1.905942187297028150e-38
8.190429752526608809e+02 2.161797389807748560e-38
8.194524967402873017e+02 2.453388419407651850e-38
8.198622229886573223e+02 2.785895058087499627e-38
8.202721541001516243e+02 3.165280400728276030e-38
8.206822901772015939e+02 3.598391370041899244e-38
8.210926313222902309e+02 4.093144254974520313e-38
8.215031776379513531e+02 4.658628281928620083e-38
8.219139292267702785e+02 5.305361636514919495e-38
8.223248861913835981e+02 6.045469041873891857e-38
8.227360486344792889e+02 6.892953827150098512e-38
8.231474166587964874e+02 7.864050619464547210e-38
8.235589903671258298e+02 8.977482149815361571e-38
8.239707698623093393e+02 1.025504904402562848e-37
8.243827552472404250e+02 1.172194743397912892e-37
8.247949466248641102e+02 1.340750337173375670e-37
8.252073440981763497e+02 1.534581594390489864e-37
8.256199477702255081e+02 1.757649709530916233e-37
8.260327577441105404e+02 2.014590902617202908e-37
8.264457741229824705e+02 2.310787559982822317e-37
8.268589970100438222e+02 2.652550158427178282e-37
8.272724265085488469e+02 3.047230504819988407e-37
8.276860627218030686e+02 3.503429121784599933e-37
8.280999057531639664e+02 4.031216995205523794e-37
8.285139557060405195e+02 4.642329838406563712e-37
8.289282126838934346e+02 5.350582700418630787e-37
8.293426767902353731e+02 6.172049644171278606e-37
8.297573481286303831e+02 7.125615224850950475e-37
8.301722268026945812e+02 8.233340863690123182e-37
8.305873129160960389e+02 9.521038272792002200e-37
8.310026065725539866e+02 1.101900774152942271e-36
8.314181078758401782e+02 1.276256670315857974e-36
8.318338169297782088e+02 1.479334401479572943e-36
8.322497338382429461e+02 1.715987175636772111e-36
8.326658587051620088e+02 1.991925011743829517e-36
8.330821916345145155e+02 2.313842015487150468e-36
8.334987327303317670e+02 2.689586921951589029e-36
8.339154820966967918e+02 3.128422245845119399e-36
8.343324398377451416e+02 3.641182272960096992e-36
8.347496060576639820e+02 4.240705506877827237e-36
8.351669808606926608e+02 4.942044213263863579e-36
8.355845643511228218e+02 5.763000886470769515e-36
8.360023566332984046e+02 6.724585110589794883e-36
8.364203578116149629e+02 7.851555329815871871e-36
8.368385679905208008e+02 9.173344486321291788e-36
8.372569872745160637e+02 1.072455643482720895e-35
8.376756157681531931e+02 1.254644676598983008e-35
8.380944535760371537e+02 1.468766497455063782e-35
8.385135008028252059e+02 1.720606224077323802e-35
8.389327575532264518e+02 2.017031963648606789e-35
8.393522239320030849e+02 2.366174333157169200e-35
8.397719000439690262e+02 2.777760145795083532e-35
8.401917859939910613e+02 3.263274018385350779e-35
8.406118818869881579e+02 3.836486698282348477e-35
8.410321878279315797e+02 4.513714606545660665e-35
8.414527039218453410e+02 5.314460871267287675e-35
8.418734302738062070e+02 6.262000226842180857e-35
8.422943669889431249e+02 7.384015555936595842e-35
8.427155141724375653e+02 8.713810069613908176e-35
8.431368719295236360e+02 1.029087705239125658e-34
8.435584403654884227e+02 1.216284430266895500e-34
8.439802195856711933e+02 1.438638849340218157e-34
8.444022096954640801e+02 1.702963774177604808e-34
8.448244108003116253e+02 2.017427211178937050e-34
8.452468230057118035e+02 2.391794426795128519e-34
8.456694464172146581e+02 2.837874768417524330e-34
8.460922811404230970e+02 3.369733097631872844e-34
8.465153272809934606e+02 4.004439525156824559e-34
8.469385849446338170e+02 4.762381204814609566e-34
8.473620542371061219e+02 5.668213059887642129e-34
8.477857352642245132e+02 6.751610152337216471e-34
8.482096281318566753e+02 8.048253103444978941e-34
8.486337329459227021e+02 9.601473062846793133e-34
8.490580498123955522e+02 1.146310115205126272e-33
8.494825788373016167e+02 1.369649438503683834e-33
8.499073201267203785e+02 1.637752741887758377e-33
8.503322737867837304e+02 1.959856437238431424e-33
8.507574399236769978e+02 2.347112618274262039e-33
8.511828186436387114e+02 2.813021552381655293e-33
8.516084100529603802e+02 3.374040523850162574e-33
8.520342142579869460e+02 4.049952603584931780e-33
8.524602313651158738e+02 4.865113977924260503e-33
8.528864614807982889e+02 5.848768712782502593e-33
8.533129047115386356e+02 7.036833415603438895e-33
8.537395611638943365e+02 8.472808821603884961e-33
8.541664309444763603e+02 1.020980383014602954e-32
8.545935141599486542e+02 1.231279222479026968e-32
8.550208109170284843e+02 1.486050533347577456e-32
8.554483213224870042e+02 1.795038553409193140e-32
8.558760454831482321e+02 2.170004673058952120e-32
8.563039835058896188e+02 2.625532040958750281e-32
8.567321354976425027e+02 3.179325584413442492e-32
8.571605015653913142e+02 3.853220109309597045e-32
8.575890818161740299e+02 4.673993475245696437e-32
8.580178763570820593e+02 5.674414475966707173e-32
8.584468852952604720e+02 6.895140076303787286e-32
8.588761087379081118e+02 8.385548174674758054e-32
8.593055467922771413e+02 1.020744898121410215e-31
8.597351995656732697e+02 1.243592687919065499e-31
8.601650671654559801e+02 1.516458897579005671e-31
8.605951496990385294e+02 1.850828712558691070e-31
8.610254472738881759e+02 2.260908228568664237e-31
8.614559599975249284e+02 2.764326112506012843e-31
8.618866879775237066e+02 3.382686151855967084e-31
8.623176313215125219e+02 4.143170115982771628e-31
8.627487901371731596e+02 5.078895065583510394e-31
8.631801645322416334e+02 6.231625309495040709e-31
8.636117546145077313e+02 7.652553598965359491e-31
8.640435604918149011e+02 9.405829307688971103e-31
8.644755822720607057e+02 1.157099444376257022e-30
8.649078200631967093e+02 1.424680826659940217e-30
8.653402739732281361e+02 1.755735169025831158e-30
8.657729441102146666e+02 2.165495341119453824e-30
8.662058305822697548e+02 2.673402595165727913e-30
8.666389334975608563e+02 3.303233284775333743e-30
8.670722529643095413e+02 4.085238792793526765e-30
8.675057890907916089e+02 5.056830964552087861e-30
8.679395419853369731e+02 6.265194188878384436e-30
8.683735117563295489e+02 7.769446275753511347e-30
8.688076985122078213e+02 9.643363475093221778e-30
8.692421023614638216e+02 1.198080073182336969e-29
8.696767234126443782e+02 1.489753594103940670e-29
8.701115617743507755e+02 1.854296401860839396e-29
8.705466175552378445e+02 2.310104357358001321e-29
8.709818908640154405e+02 2.880806083391222384e-29
8.714173818094473063e+02 3.595860449707020290e-29
8.718530905003520957e+02 4.492737175749945299e-29
8.722890170456021224e+02 5.618831432501531647e-29
8.727251615541249521e+02 7.033696239218937647e-29
8.731615241349016969e+02 8.813932578931121932e-29
8.735981048969692893e+02 1.105454720880179358e-28
8.740349039494176395e+02 1.387963199738025616e-28
8.744719214013924784e+02 1.744277134722930266e-28
8.749091573620930831e+02 2.194352011911977725e-28
8.753466119407739825e+02 2.763217518288716104e-28
8.757842852467443890e+02 3.483042501400507551e-28
8.762221773893677437e+02 4.394802252259003467e-28
8.766602884780623981e+02 5.550461287236126054e-28
8.770986186223012737e+02 7.017422786484674003e-28
8.775371679316124300e+02 8.879777029479526939e-28
8.779759365155781552e+02 1.124888983256771789e-27
8.784149244838359891e+02 1.426293665572540908e-27
8.788541319460778141e+02 1.810402907066238672e-27
8.792935590120508778e+02 2.300131944377691228e-27
8.797332057915568839e+02 2.925338209018467431e-27
8.801730723944525607e+02 3.724212656151582948e-27
8.806131589306496608e+02 4.745816819265959301e-27
8.810534655101150747e+02 6.054114400074104770e-27
8.814939922428700356e+02 7.729867326163998151e-27
8.819347392389913693e+02 9.880754027692110993e-27
8.823757066086108125e+02 1.264126187540409446e-26
8.828168944619150125e+02 1.619159659099571566e-26
8.832583029091458684e+02 2.075850581872363638e-26
8.836999320606004176e+02 2.664298029435649759e-26
8.841417820266308354e+02 3.423022760575054004e-26
8.845838529176439806e+02 4.402421918701573689e-26
8.850261448441028733e+02 5.668277260945494442e-26
8.854686579165247622e+02 7.305070681199203308e-26
8.859113922454830572e+02 9.425375162702235553e-26
8.863543479416057380e+02 1.217096496085913584e-25
8.867975251155764909e+02 1.573668843108433106e-25
8.872409238781341401e+02 2.036637948087294038e-25
8.876845443400732165e+02 2.639085513448538643e-25
8.881283866122431618e+02 3.423170003166151749e-25
8.885724508055492379e+02 4.445421633342934839e-25
8.890167370309519583e+02 5.779292242215449118e-25
8.894612453994674297e+02 7.521541413667509207e-25
8.899059760221671240e+02 9.800812710303979877e-25
8.903509290101781062e+02 1.278315628657567306e-24
8.907961044746831476e+02 1.669559581218331821e-24
8.912415025269204989e+02 2.182505264544878238e-24
8.916871232781838899e+02 2.857100701870547619e-24
8.921329668398229842e+02 3.743762608048650738e-24
8.925790333232429248e+02 4.912290052920311764e-24
8.930253228399043337e+02 6.452486344696401018e-24
8.934718355013242217e+02 8.695621496839938217e-24
8.939185714190749650e+02 1.225268544317376468e-23
8.943655307047844190e+02 1.799425141773516629e-23
8.948127134701367140e+02 2.713917938897630045e-23
8.952601198268719145e+02 4.154713796023013019e-23
8.957077498867853365e+02 6.473903505684927713e-23
8.961556037617285710e+02 1.011711325146453833e-22
8.966036815636094843e+02 1.590445810134498710e-22
8.970519834043910805e+02 2.491069199092966926e-22
8.975005093960932072e+02 3.840634878071246327e-22
8.979492596507913049e+02 5.823512844081152032e-22
8.983982342806166344e+02 8.766570440005489585e-22
8.988474333977567312e+02 1.313994343082057178e-21
8.992968571144556336e+02 1.955032714062127687e-21
8.997465055430129723e+02 2.882225970117571581e-21
9.001963787957843124e+02 4.210706406509261570e-21
9.006464769851822894e+02 6.097623055974345377e-21
9.010968002236746770e+02 8.751495524316986907e-21
9.015473486237865473e+02 1.245337244728339347e-20
9.019981222980984512e+02 1.756588304217977261e-20
9.024491213592473287e+02 2.453026523011380411e-20
9.029003459199270765e+02 3.390364585877970033e-20
9.033517960928868433e+02 4.646330201885278886e-20
9.038034719909333035e+02 6.315345740580926664e-20
9.042553737269286103e+02 8.506346224205099614e-20
9.047075014137922153e+02 1.135161662466331664e-19
9.051598551644989357e+02 1.501545759123881422e-19
9.056124350920811139e+02 1.969692705800015031e-19
9.060652413096271403e+02 2.562424587348332720e-19
9.065182739302820210e+02 3.305285820706147176e-19
9.069715330672470373e+02 4.227946029793260840e-19
9.074250188337807685e+02 5.363639806154664249e-19
9.078787313431976145e+02 6.749405777905973363e-19
9.083326707088691592e+02 8.427077117916420627e-19
9.087868370442236028e+02 1.044165723297705434e-18
9.092412304627455342e+02 1.284023261716803574e-18
9.096958510779768403e+02 1.567299822979577173e-18
9.101506990035159106e+02 1.899277419592498184e-18
9.106057743530174093e+02 2.285427322383991537e-18
9.110610772401939812e+02 2.731378572015271180e-18
9.115166077788140910e+02 3.242871467449612979e-18
9.119723660827035019e+02 3.825788090144381885e-18
9.124283522657447065e+02 4.486200100167013263e-18
9.128845664418774959e+02 5.230127736114893604e-18
9.133410087250985043e+02 6.063856022157610285e-18
9.137976792294609822e+02 6.993915487200967885e-18
9.142545780690755919e+02 8.027132675671744435e-18
9.147117053581100663e+02 9.170997695627486993e-18
9.151690612107890956e+02 1.043378831872562124e-17
9.156266457413943272e+02 1.182481559289852643e-17
9.160844590642649337e+02 1.335464930464826450e-17
9.165425012937970450e+02 1.503539009569824907e-17
9.170007725444439757e+02 1.688089932118302868e-17
9.174592729307161107e+02 1.890697759164697320e-17
9.179180025671813610e+02 2.113150234064724208e-17
9.183769615684649352e+02 2.357446736567149249e-17
9.188361500492492269e+02 2.625819723384911723e-17
9.192955681242738137e+02 2.920709348290566623e-17
9.197552159083359129e+02 3.244662070612661623e-17
9.202150935162900396e+02 3.600505501760602106e-17
9.206752010630481209e+02 3.991102913954868313e-17
9.211355386635794957e+02 4.419305333575025076e-17
9.215961064329112560e+02 4.888025254959651354e-17
9.220569044861275643e+02 5.400135454533633670e-17
9.225179329383706772e+02 5.958407826383713223e-17
9.229791919048396949e+02 6.565467930340348956e-17
9.234406815007919249e+02 7.223750711204167930e-17
9.239024018415424280e+02 7.935465789496057671e-17
9.243643530424631081e+02 8.702575937240879448e-17
9.248265352189841906e+02 9.526786378716712779e-17
9.252889484865936538e+02 1.040955532067956362e-16
9.257515929608367742e+02 1.135213021013733308e-16
9.262144687573172632e+02 1.235561097665374684e-16
9.266775759916959032e+02 1.342104920265856635e-16
9.271409147796916841e+02 1.454958105636013411e-16
9.276044852370815761e+02 1.574260989593966572e-16
9.280682874797000750e+02 1.700201363624681949e-16
9.285323216234397705e+02 1.833038585592731409e-16
9.289965877842514601e+02 1.973128970242986479e-16
9.294610860781434667e+02 2.120949855153404216e-16
9.299258166211826619e+02 2.277118964916754862e-16
9.303907795294932157e+02 2.442407621385709631e-16
9.308559749192579602e+02 2.617787895080737910e-16
9.313214029067173669e+02 2.804341656810628088e-16
9.317870636081705698e+02 3.003278453512365064e-16
9.322529571399747965e+02 3.215882765494000083e-16
9.327190836185448006e+02 3.443413156664538518e-16
9.331854431603538842e+02 3.687047679638902324e-16
9.336520358819340117e+02 3.947791190834701793e-16
9.341188618998749007e+02 4.226363480185474288e-16
9.345859213308248172e+02 4.523104197401282843e-16
9.350532142914902352e+02 4.837891333222786079e-16
9.355207408986359496e+02 5.170088500971720871e-16
9.359885012690851909e+02 5.518538814553494424e-16
9.364564955197195104e+02 5.881606129174438566e-16
9.369247237674794633e+02 6.257283038765520473e-16
9.373931861293631300e+02 6.643361334643806518e-16
9.378618827224278220e+02 7.037669310343224265e-16
9.383308136637890584e+02 7.438368375815569280e-16
9.387999790706207932e+02 7.844296274405634491e-16
9.392693790601562114e+02 8.255340920704222230e-16
9.397390137496861371e+02 8.672813429239587179e-16
9.402088832565608527e+02 9.099806427680960846e-16
9.406789876981890757e+02 9.541496895228253254e-16
9.411493271920381858e+02 1.000534667245429712e-15
9.416199018556341116e+02 1.050119364657507073e-15
9.420907118065618988e+02 1.104120035835314041e-15
9.425617571624651418e+02 1.163962952512420759e-15
9.430330380410463249e+02 1.231244059501578081e-15
9.435045545600667083e+02 1.307670620309045029e-15
9.439763068373465558e+02 1.394985691900220771e-15
9.444482949907652483e+02 1.494878127468408968e-15
9.449205191382607154e+02 1.608882228212215197e-15
9.453929793978296630e+02 1.738271898834973134e-15
9.458656758875284822e+02 1.883955521436805188e-15
9.463386087254721133e+02 2.046378541518831569e-15
9.468117780298349544e+02 2.225440520665771816e-15
9.472851839188498388e+02 2.420433212739560472e-15
9.477588265108091719e+02 2.630005604684532863e-15
9.482327059240644758e+02 2.852160092510030137e-15
9.487068222770265038e+02 3.084282018780032259e-15
9.491811756881650126e+02 3.323202726381305251e-15
9.496557662760091034e+02 3.565293897866648829e-15
9.501305941591469946e+02 3.806588616486668770e-15
9.506056594562264763e+02 4.042922953917223811e-15
9.510809622859546835e+02 4.270089138920193081e-15
9.515565027670975269e+02 4.483992551560606735e-15
9.520322810184810578e+02 4.680802686297982429e-15
9.525082971589902172e+02 4.857089549635694062e-15
9.529845513075697454e+02 5.009938500228777342e-15
9.534610435832233861e+02 5.137106196005928075e-15
9.539377741050149098e+02 5.236988054576038027e-15
9.544147429920674313e+02 5.308613199326464553e-15
9.548919503635635238e+02 5.351738103560868441e-15
9.553693963387452186e+02 5.366801228773627502e-15
9.558470810369143464e+02 5.354862313917898969e-15
9.563250045774328782e+02 5.317546620622892079e-15
9.568031670797215611e+02 5.256975227043327783e-15
9.572815686632613961e+02 5.175701803534179430e-15
9.577602094475929562e+02 5.076658052638244616e-15
9.582390895523168410e+02 4.963113848585041096e-15
9.587182090970928812e+02 4.838664218030822974e-15
9.591975682016413884e+02 4.707237578897843763e-15
9.596771669857421330e+02 4.573133458518740486e-15
9.601570055692350252e+02 4.441090877058001225e-15
9.606370840720196611e+02 4.316379774436139759e-15
9.611174026140555497e+02 4.204914169900216160e-15
9.615979613153625678e+02 4.113375497633536222e-15
9.620787602960200502e+02 4.049336931099357548e-15
9.625597996761679269e+02 4.021373329972012297e-15
9.630410795760060410e+02 4.039139802843500836e-15
9.635226001157939208e+02 4.113403674827306784e-15
9.640043614158518039e+02 4.256010075355840456e-15
9.644863635965596131e+02 4.479763224606762558e-15
9.649686067783578665e+02 4.798212197554242393e-15
9.654510910817471085e+02 5.225329381839381611e-15
9.659338166272879107e+02 5.775079174135100900e-15
9.664167835356015530e+02 6.460886995272612680e-15
9.668999919273693422e+02 7.295023710159245067e-15
9.673834419233329527e+02 8.287926605147378522e-15
9.678671336442945403e+02 9.447496473412858034e-15
9.683510672111166286e+02 1.077841191725947631e-14
9.688352427447222226e+02 1.228150952489848893e-14
9.693196603660944675e+02 1.395327486833092055e-14
9.698043201962775584e+02 1.578550496644909224e-14
9.702892223563754897e+02 1.776515306967212396e-14
9.707743669675536466e+02 1.987441320423084608e-14
9.712597541510374413e+02 2.209103949082235695e-14
9.717453840281127668e+02 2.438888518860301358e-14
9.722312567201269076e+02 2.673866454833369589e-14
9.727173723484868333e+02 2.910888179431976077e-14
9.732037310346611321e+02 3.146687566792863412e-14
9.736903329001784186e+02 3.377991966948717663e-14
9.741771780666284712e+02 3.601631054608518388e-14
9.746642666556616632e+02 3.814638032830175953e-14
9.751515987889894177e+02 4.014337579398646707e-14
9.756391745883838666e+02 4.198416065418662535e-14
9.761269941756779644e+02 4.364970916847774694e-14
9.766150576727658290e+02 4.512537561502194259e-14
9.771033652016021733e+02 4.640094785573414902e-14
9.775919168842029876e+02 4.747050254586887871e-14
9.780807128426448571e+02 4.833209163445603359e-14
9.785697531990660991e+02 4.898729971773265118e-14
9.790590380756656259e+02 4.944071869739409137e-14
9.795485675947035134e+02 4.969938218332744666e-14
9.800383418785007734e+02 4.977220255776933486e-14
9.805283610494400364e+02 4.966944181606873457e-14
9.810186252299647549e+02 4.940224362823399090e-14
9.815091345425796590e+02 4.898224421607078458e-14
9.819998891098507556e+02 4.842126928448319331e-14
9.824908890544056703e+02 4.773111591244571334e-14
9.829821344989327372e+02 4.692341304979569096e-14
9.834736255661821360e+02 4.600954745099539930e-14
9.839653623789653238e+02 4.500064031727535868e-14
9.844573450601546938e+02 4.390755741768378483e-14
9.849495737326847120e+02 4.274093687892900895e-14
9.854420485195510082e+02 4.151121960409375832e-14
9.859347695438107166e+02 4.022867066002614488e-14
9.864277369285825898e+02 3.890338292384081875e-14
9.869209507970467712e+02 3.754525821086212572e-14
9.874144112724452498e+02 3.616396377855407806e-14
9.879081184780814056e+02 3.476886672139772454e-14
9.884020725373203504e+02 3.336895008474117434e-14
9.888962735735890419e+02 3.197271720492011749e-14
9.893907217103757148e+02 3.058809188755735855e-14
9.898854170712307905e+02 2.922232206992932510e-14
9.903803597797663087e+02 2.788189513782487679e-14
9.908755499596560412e+02 2.657247061757120214e-14
9.913709877346359463e+02 2.529883473500004661e-14
9.918666732285031458e+02 2.406488114574011686e-14
9.923626065651174031e+02 2.287361799661346735e-14
9.928587878683999861e+02 2.172715846936351991e-14
9.933552172623338947e+02 2.062687235385196620e-14
9.938518948709651113e+02 1.957344605755964311e-14
9.943488208184006680e+02 1.856687091560644720e-14
9.948459952288096702e+02 1.760658481906067783e-14
9.953434182264239780e+02 1.669158804278370779e-14
9.958410899355372976e+02 1.582053366190481594e-14
9.963390104805049532e+02 1.499182129622629895e-14
9.968371799857451379e+02 1.420367713330103364e-14
9.973355985757381177e+02 1.345422521258774636e-14
9.978342663750258907e+02 1.274154700958208228e-14
9.983331835082133239e+02 1.206372928354581167e-14
9.988323500999673570e+02 1.141890279032886716e-14
9.993317662750173440e+02 1.080526923414189357e-14
9.998314321581548256e+02 1.022111992391615159e-14
1.000331347874233757e+03 9.664848915083414402e-15
1.000831513548170960e+03 9.134958624688501595e-15
1.001331929304944879e+03 8.630062668430485468e-15
1.001832595269597391e+03 8.148884279168448323e-15
1.002333511567231994e+03 7.690252725842908309e-15
1.002834678323015737e+03 7.253098502382960786e-15
1.003336095662177058e+03 6.836445451787186585e-15
1.003837763710008062e+03 6.439402505042255350e-15
1.004339682591862925e+03 6.061155718560018082e-15
1.004841852433158806e+03 5.700958355332935342e-15
1.005344273359375393e+03 5.360441622423243926e-15
1.005846945496055127e+03 5.039685335223312033e-15
1.006349868968802980e+03 4.740477966297334258e-15
1.006853043903287357e+03 4.465954190978732584e-15
1.007356470425238967e+03 4.218766057860042466e-15
1.007860148660451500e+03 4.004548379089127809e-15
1.008364078734781629e+03 3.832457205926784230e-15
1.008868260774149007e+03 3.715988840067235476e-15
1.009372694904536047e+03 3.674979165523125777e-15
1.009877381251988140e+03 3.737686017533994113e-15
1.010382319942614231e+03 3.943765596095124113e-15
1.010887511102585449e+03 4.348307699533923099e-15
1.011392954858136704e+03 5.027136227179479667e-15
1.011898651335565660e+03 6.081597869048481938e-15
1.012404600661233417e+03 7.645676645893279895e-15
1.012910802961563832e+03 9.894135691790603288e-15
1.013417258363044652e+03 1.305113677426581494e-14
1.013923966992226042e+03 1.739965102224628779e-14
1.014430928975722168e+03 2.329104984481813020e-14
1.014938144440209953e+03 3.115416453857956733e-14
1.015445613512429986e+03 4.150329560322204848e-14
1.015953336319186064e+03 5.494443447211399782e-14
1.016461312987345877e+03 7.217778889154346666e-14
1.016969543643839415e+03 9.399781659298183788e-14
1.017478028415661129e+03 1.212861117858267880e-13
1.017986767429868905e+03 1.549968926102463628e-13
1.018495760813583843e+03 1.961379358016103209e-13
1.019005008693990590e+03 2.457433889468207386e-13
1.019514511198337459e+03 3.048387446059215274e-13
1.020024268453936543e+03 3.743994432297092331e-13
1.020534280588163483e+03 4.553041722733266164e-13
1.021044547728457474e+03 5.482849453928056257e-13
1.021555070002321713e+03 6.538764771080919261e-13
1.022065847537322838e+03 7.723678321134888430e-13
1.022576880461091491e+03 9.037597309230089249e-13
1.023088168901321865e+03 1.047730607503845629e-12
1.023599712985772385e+03 1.203614500977282723e-12
1.024111512842265256e+03 1.370393154583935042e-12
1.024623568598686234e+03 1.546703808702037419e-12
1.025135880382985533e+03 1.730863422011119693e-12
1.025648448323177035e+03 1.920908700548897544e-12
1.026161272547338740e+03 2.114650284543248399e-12
1.026674353183612311e+03 2.309738381726254373e-12
1.027187690360203987e+03 2.503736403979301712e-12
1.027701284205384127e+03 2.694198523044027971e-12
1.028215134847486752e+03 2.878746891818553920e-12
1.028729242414910232e+03 3.055144359542963747e-12
1.029243607036117737e+03 3.221358997713257729e-12
1.029758228839635876e+03 3.375617399619834801e-12
1.030273107954055376e+03 3.516444644181551156e-12
1.030788244508032221e+03 3.642689770620226455e-12
1.031303638630286287e+03 3.753536601967337041e-12
1.031819290449601567e+03 3.848500657830189806e-12
1.032335200094826178e+03 3.927413622126021744e-12
1.032851367694873488e+03 3.990397428133457670e-12
1.033367793378720989e+03 4.037830323144903848e-12
1.033884477275410291e+03 4.070307452178657209e-12
1.034401419514048030e+03 4.088598429374503539e-12
1.034918620223804965e+03 4.093604244468960177e-12
1.035436079533916882e+03 4.086315434624816411e-12
1.035953797573683687e+03 4.067773274242327616e-12
1.036471774472470543e+03 4.039035127939392907e-12
1.036990010359706730e+03 4.001144965181808899e-12
1.037508505364886332e+03 3.955109465238768138e-12
1.038027259617568689e+03 3.901879919949334021e-12
1.038546273247377485e+03 3.842339804734222681e-12
1.039065546384000982e+03 3.777297630278062089e-12
1.039585079157192922e+03 3.707484505203020623e-12
1.040104871696771397e+03 3.633555687122652618e-12
1.040624924132619526e+03 3.556095262003978657e-12
1.041145236594685912e+03 3.475623113772089345e-12
1.041665809212983277e+03 3.392603276411010359e-12
1.042186642117589599e+03 3.307452898508698435e-12
1.042707735438648342e+03 3.220551143861808826e-12
1.043229089306367769e+03 3.132247218757042261e-12
1.043750703851020717e+03 3.042867369015495729e-12
1.044272579202946190e+03 2.952720457410878140e-12
1.044794715492547766e+03 2.862101958541714601e-12
1.045317112850293825e+03 2.771296429740813289e-12
1.045839771406718910e+03 2.680578589987613079e-12
1.046362691292422369e+03 2.590213200946001347e-12
1.046885872638068577e+03 2.500452647248622222e-12
1.047409315574387392e+03 2.411539115660596873e-12
1.047933020232174613e+03 2.323699023313698745e-12
1.048456986742290837e+03 2.237142265017328295e-12
1.048981215235661921e+03 2.152061801528346892e-12
1.049505705843279657e+03 2.068629004327279527e-12
1.050030458696201094e+03 1.986993712498824984e-12
1.050555473925548995e+03 1.907284224302071551e-12
1.051080751662511830e+03 1.829606939869481246e-12
1.051606292038343099e+03 1.754047015195362447e-12
1.052132095184362242e+03 1.680669168756930133e-12
1.052658161231954182e+03 1.609518754213929941e-12
1.053184490312570006e+03 1.540623101547887091e-12
1.053711082557726286e+03 1.473994328727452278e-12
1.054237938099005305e+03 1.409630727176821240e-12
1.054765057068054830e+03 1.347518545879919461e-12
1.055292439596588565e+03 1.287634209187263872e-12
1.055820085816386836e+03 1.229946211836648263e-12
1.056347995859294997e+03 1.174416914213589046e-12
1.056876169857224795e+03 1.121004240137333301e-12
1.057404607942153234e+03 1.069663006643538878e-12
1.057933310246124393e+03 1.020345834916696377e-12
1.058462276901247151e+03 9.730043437097210674e-13
1.058991508039697692e+03 9.275887751319696271e-13
1.059521003793717682e+03 8.840494164517200897e-13
1.060050764295614499e+03 8.423378774645600060e-13
1.060580789677762368e+03 8.024056425709858288e-13
1.061111080072600998e+03 7.642038750313397958e-13
1.061641635612637174e+03 7.276835976192438832e-13
1.062172456430443390e+03 6.927954422779884101e-13
1.062703542658658534e+03 6.594894257169982983e-13
1.063234894429987662e+03 6.277147078766211383e-13
1.063766511877202902e+03 5.974194331960591856e-13
1.064298395133141184e+03 5.685506941987634884e-13
1.064830544330707653e+03 5.410545131316719325e-13
1.065362959602872934e+03 5.148760189189915726e-13
1.065895641082674274e+03 4.899596714037546162e-13
1.066428588903215768e+03 4.662495751181390160e-13
1.066961803197667223e+03 4.436899237164205738e-13
1.067495284099265746e+03 4.222253924532538598e-13
1.068029031741315521e+03 4.018015678187680648e-13
1.068563046257185988e+03 3.823653650038092875e-13
1.069097327780314572e+03 3.638654275011851840e-13
1.069631876444204636e+03 3.462524326062393585e-13
1.070166692382426618e+03 3.294793353779294267e-13
1.070701775728617804e+03 3.135015281524949713e-13
1.071237126616482101e+03 2.982769335076211710e-13
1.071772745179790036e+03 2.837660072437530263e-13
1.072308631552380120e+03 2.699316905594467023e-13
1.072844785868156123e+03 2.567393046124605993e-13
1.073381208261090251e+03 2.441564146470963589e-13
1.073917898865220877e+03 2.321526740464335253e-13
1.074454857814653224e+03 2.206996592646358238e-13
1.074992085243560496e+03 2.097707215072202086e-13
1.075529581286182292e+03 1.993408398221036739e-13
1.076067346076825288e+03 1.893865076332011476e-13
1.076605379749863687e+03 1.798856365061792333e-13
1.077143682439738541e+03 1.708174921737687356e-13
1.077682254280958205e+03 1.621626193965717639e-13
1.078221095408098563e+03 1.539028237782565532e-13
1.078760205955802348e+03 1.460211065061131973e-13
1.079299586058780278e+03 1.385016602262959154e-13
1.079839235851809462e+03 1.313297948692127180e-13
1.080379155469735451e+03 1.244918815262824980e-13
1.080919345047470188e+03 1.179752656284009488e-13
1.081459804719993826e+03 1.117681586008626826e-13
1.082000534622353598e+03 1.058595186301138069e-13
1.082541534889664717e+03 1.002389123611378001e-13
1.083082805657109702e+03 9.489636148398351739e-14
1.083624347059938145e+03 8.982220612337719846e-14
1.084166159233467852e+03 8.500695621950919383e-14
1.084708242313084611e+03 8.044117706948428715e-14
1.085250596434241061e+03 7.611537437696290891e-14
1.085793221732458278e+03 7.201987830740018920e-14
1.086336118343324415e+03 6.814490088665826534e-14
1.086879286402496064e+03 6.448047982455351868e-14
1.087422726045697118e+03 6.101647982220830040e-14
1.087966437408719912e+03 5.774266502113572472e-14
1.088510420627424310e+03 5.464878029220738079e-14
1.089054675837738159e+03 5.172464261266462839e-14
1.089599203175656839e+03 4.896025350208901305e-14
1.090144002777244850e+03 4.634589337536965509e-14
1.090689074778633312e+03 4.387222534671334535e-14
1.091234419316022468e+03 4.153037477313429696e-14
1.091780036525680543e+03 3.931199083835344523e-14
1.092325926543943297e+03 3.720930090275720417e-14
1.092872089507215378e+03 3.521513566540626152e-14
1.093418525551968742e+03 3.332292929683610278e-14
1.093965234814744917e+03 3.152669869810782279e-14
1.094512217432152283e+03 2.982101799890657482e-14
1.095059473540868112e+03 2.820097204224031845e-14
1.095607003277638341e+03 2.666210523572932138e-14
1.096154806779277123e+03 2.520036107412633156e-14
1.096702884182666594e+03 2.381203114189634777e-14
1.097251235624758010e+03 2.249369454007152882e-14
1.097799861242570387e+03 2.124216882209757209e-14
1.098348761173191633e+03 2.005446402955500331e-14
1.098897935553778098e+03 1.892774528507076321e-14
1.099447384521554795e+03 1.785930373523141613e-14
1.099997108213815409e+03 1.684653454131179168e-14
1.100547106767922514e+03 1.588692221224710756e-14
1.101097380321306218e+03 1.497802899897942967e-14
1.101647929011466886e+03 1.411749554834608088e-14
1.102198752975972411e+03 1.330303756817001601e-14
1.102749852352460266e+03 1.253244671729420172e-14
1.103301227278636361e+03 1.180359282533930807e-14
1.103852877892275501e+03 1.111442816049171808e-14
1.104404804331221612e+03 1.046298949944692186e-14
1.104957006733387288e+03 9.847400292793848498e-15
1.105509485236753790e+03 9.265869822749685186e-15
1.106062239979372180e+03 8.716692454614435948e-15
1.106615271099361962e+03 8.198245934043897614e-15
1.107168578734911534e+03 7.708986371783272657e-15
1.107722163024278871e+03 7.247444337951866324e-15
1.108276024105791066e+03 6.812216711696640113e-15
1.108830162117843884e+03 6.401966640263772987e-15
1.109384577198902889e+03 6.015414665432942256e-15
1.109939269487502088e+03 5.651333900234283363e-15
1.110494239122245972e+03 5.308545203083578318e-15
1.111049486241807017e+03 4.985913027979828238e-15
1.111605010984927958e+03 4.682343850457772406e-15
1.112160813490420423e+03 4.396783451690824541e-15
1.112716893897165392e+03 4.128217000850476073e-15
1.113273252344114098e+03 3.875668979104949257e-15
1.113829888970285992e+03 3.638203425988838730e-15
1.114386803914771008e+03 3.414924916044113993e-15
1.114943997316728428e+03 3.204979575407387043e-15
1.115501469315386657e+03 3.007555992030230409e-15
1.116059220050044360e+03 2.821886681529712124e-15
1.116617249660069319e+03 2.647248238234215027e-15
1.117175558284899353e+03 2.482962087439307053e-15
1.117734146064041624e+03 2.328393828348328451e-15
1.118293013137073785e+03 2.182952569390484682e-15
1.118852159643642153e+03 2.046089602629378075e-15
1.119411585723463986e+03 1.917296459185695235e-15
1.119971291516325891e+03 1.796102906482503545e-15
1.120531277162084052e+03 1.682073899321143208e-15
1.121091542800664911e+03 1.574807255323253255e-15
1.121652088572065168e+03 1.473930061660547531e-15
1.122212914616350872e+03 1.379096125469371029e-15
1.122774021073659014e+03 1.289982522510762083e-15
1.123335408084195706e+03 1.206286704931815918e-15
1.123897075788237771e+03 1.127723732397467045e-15
1.124459024326131839e+03 1.054023817544874175e-15
1.125021253838295024e+03 9.849301569231048207e-16
1.125583764465214017e+03 9.201970230934608355e-16
1.126146556347446676e+03 8.595884139529971041e-16
1.126709629625620437e+03 8.028767473331547711e-16
1.127272984440432992e+03 7.498421970942656353e-16
1.127836620932653204e+03 7.002720353773239704e-16
1.128400539243119511e+03 6.539605385910938138e-16
1.128964739512740834e+03 6.107088654140421510e-16
1.129529221882497268e+03 5.703252573781059093e-16
1.130093986493438479e+03 5.326253094728954646e-16
1.130659033486685303e+03 4.974323193514559094e-16
1.131224363003428607e+03 4.645776780678203754e-16
1.131789975184929972e+03 4.339011366958328291e-16
1.132355870172522373e+03 4.052513539152052041e-16
1.132922048107608589e+03 3.784859584674187341e-16
1.133488509131662568e+03 3.534718030280397982e-16
1.134055253386228060e+03 3.300849248247764724e-16
1.134622281012921121e+03 3.082105060967567093e-16
1.135189592153427611e+03 2.877426352073855529e-16
1.135757186949504103e+03 2.685839871250556836e-16
1.136325065542979019e+03 2.506454298937805938e-16
1.136893228075750358e+03 2.338454677682470934e-16
1.137461674689788197e+03 2.181097532387467693e-16
1.138030405527132871e+03 2.033703816450132677e-16
1.138599420729896337e+03 1.895653228055576748e-16
1.139168720440261268e+03 1.766377105481562110e-16
1.139738304800481274e+03 1.645352225341125442e-16
1.140308173952881589e+03 1.532094808647107181e-16
1.140878328039857934e+03 1.426154885112990095e-16
1.141448767203877878e+03 1.327111607187005818e-16
1.142019491587479706e+03 1.234568704674559327e-16
1.142590501333273551e+03 1.148151350851205799e-16
1.143161796583940259e+03 1.067502986844791775e-16
1.143733377482232072e+03 9.922833139154903898e-17
1.144305244170973083e+03 9.221666432708791091e-17
1.144877396793058324e+03 8.568408447887510678e-17
1.145449835491454905e+03 7.960069032164505560e-17
1.146022560409200651e+03 7.393785511715754529e-17
1.146595571689405233e+03 6.866825017345511461e-17
1.147168869475249721e+03 6.376583886566614709e-17
1.147742453909987262e+03 5.920592433367889766e-17
1.148316325136942169e+03 5.496515736535441580e-17
1.148890483299510606e+03 5.102146476785643118e-17
1.149464928541160134e+03 4.735414338346379343e-17
1.150039661005430844e+03 4.394390487376758565e-17
1.150614680835933541e+03 4.077273469373547266e-17
1.151189988176351562e+03 3.782386364675549156e-17
1.151765583170439413e+03 3.508173168330619987e-17
1.152341465962024813e+03 3.253190993916757364e-17
1.152917636695005740e+03 3.016104052235381689e-17
1.153494095513353386e+03 2.795675225095170791e-17
1.154070842561109657e+03 2.590760505708964628e-17
1.154647877982390355e+03 2.400299007054240999e-17
1.155225201921381540e+03 2.223305412156574280e-17
1.155802814522341805e+03 2.058863811968742938e-17
1.156380715929603184e+03 1.906120929585979435e-17
1.156958906287567970e+03 1.764281420225915587e-17
1.157537385740711670e+03 1.632602071616857794e-17
1.158116154433581869e+03 1.510388116822936765e-17
1.158695212510798683e+03 1.396989314134365373e-17
1.159274560117054079e+03 1.291796671288933043e-17
1.159854197397112330e+03 1.194240016666292435e-17
1.160434124495810920e+03 1.103785310762065893e-17
1.161014341558058732e+03 1.019932854464404533e-17
1.161594848728837860e+03 9.422151150464436955e-18
1.162175646153202251e+03 8.701951657692913026e-18
1.162756733976278838e+03 8.034649959636966353e-18
1.163338112343267085e+03 7.416439171750470710e-18
1.163919781399438534e+03 6.843773438208140464e-18
1.164501741290138170e+03 6.313352265459789083e-18
1.165083992160783055e+03 5.822108259553712837e-18
1.165666534156863463e+03 5.367192220074569803e-18
1.166249367423941976e+03 4.945961749614169500e-18
1.166832492107653707e+03 4.555968421984404616e-18
1.167415908353707437e+03 4.194947865427602248e-18
1.167999616307884253e+03 3.860806983337242340e-18
1.168583616116038229e+03 3.551612343363772209e-18
1.169167907924096198e+03 3.265580502507892110e-18
1.169752491878058208e+03 3.001066151146989159e-18
1.170337368123997067e+03 2.756554189668360187e-18
1.170922536808059021e+03 2.530647649865187219e-18
1.171507998076463082e+03 2.322056933346095251e-18
1.172093752075501243e+03 2.129590850988338074e-18
1.172679798951538942e+03 1.952145724415064354e-18
1.173266138851014603e+03 1.788696844011100551e-18
1.173852771920440318e+03 1.638288430480440008e-18
1.174439698306400260e+03 1.500025727346879248e-18
1.175026918155553403e+03 1.373067073623374443e-18
1.175614431614631030e+03 1.256617297647046118e-18
1.176202238830438318e+03 1.149922387709622117e-18
1.176790339949853660e+03 1.052264902892539057e-18
1.177378735119828434e+03 9.629614633642209608e-19
1.177967424487388371e+03 8.813603461039906390e-19
1.178556408199631960e+03 8.068411327914633787e-19
1.179145686403731588e+03 7.388146379258002970e-19
1.179735259246933538e+03 6.767234852556395540e-19
1.180325126876556851e+03 6.200434745482864337e-19
1.180915289439995149e+03 5.682843318846938005e-19
1.181505747084715040e+03 5.209910531382033108e-19
1.182096499958257482e+03 4.777443346270830901e-19
1.182687548208236649e+03 4.381608280679267902e-19
1.183278891982340838e+03 4.018927215888535237e-19
1.183870531428332015e+03 3.686265628572449737e-19
1.184462466694046043e+03 3.380818615692942493e-19
1.185054697927392908e+03 3.100086973138075600e-19
1.185647225276356494e+03 2.841853927982231809e-19
1.186240048888994579e+03 2.604156556179498419e-19
1.186833168913439067e+03 2.385257051503916271e-19
1.187426585497895530e+03 2.183614616272927586e-19
1.188020298790644347e+03 1.997857556656808610e-19
1.188614308940039564e+03 1.826758527586462694e-19
1.189208616094509580e+03 1.669211119542027353e-19
1.189803220402556917e+03 1.524211230563479798e-19
1.190398122012757995e+03 1.390840382224624894e-19
1.190993321073764491e+03 1.268252136430305478e-19
1.191588817734301301e+03 1.155662142127124400e-19
1.192184612143168579e+03 1.052339297166083492e-19
1.192780704449240147e+03 3.218995573756547475e-11
1.193377094801464636e+03 9.194668580939406672e-11
1.193973783348865254e+03 1.902465535977525921e-10
1.194570770240539559e+03 3.493776089968333934e-10
1.195168055625659917e+03 6.028121378907102514e-10
1.195765639653472590e+03 1.000254090455418923e-09
1.196363522473299327e+03 1.614638661153772556e-09
1.196961704234535773e+03 2.551799966382742375e-09
1.197560185086653064e+03 3.962554585142013040e-09
1.198158965179196457e+03 6.059265830079560443e-09
1.198758044661785789e+03 9.136548437792635790e-09
1.199357423684116839e+03 1.359744652971253207e-08
1.199957102395958827e+03 1.998569990574038833e-08
1.200557080947156692e+03 2.902415208600029855e-08
1.201157359487630174e+03 4.165843251375537377e-08
1.201757938167374050e+03 5.910688900243629390e-08
1.202358817136457674e+03 8.291815611875195308e-08
1.202959996545025888e+03 1.150287045376927981e-07
1.203561476543298113e+03 1.578217087922784031e-07
1.204163257281569940e+03 2.141825916985698346e-07
1.204765338910210403e+03 2.875469600566927500e-07
1.205367721579665613e+03 3.819350316403502560e-07
1.205970405440455352e+03 5.019674611031304326e-07
1.206573390643175344e+03 6.528560930984368746e-07
1.207176677338497029e+03 8.403644262765763250e-07
1.207780265677165971e+03 1.070733380249397772e-06
1.208384155810004586e+03 1.350568253902258826e-06
1.208988347887909413e+03 1.686687669152346432e-06
1.209592842061853389e+03 2.085934808595262848e-06
1.210197638482884258e+03 2.554957280563174561e-06
1.210802737302125706e+03 3.099961783095278007e-06
1.211408138670776680e+03 3.726455136452654529e-06
1.212013842740112068e+03 4.438986241281092690e-06
1.212619849661482021e+03 5.240901170565727258e-06
1.213226159586312406e+03 6.134127914095540758e-06
1.213832772666105711e+03 7.119004445965406515e-06
1.214439689052438553e+03 8.194163015183340731e-06
1.215046908896964624e+03 9.356479825156290380e-06
1.215654432351413107e+03 1.060109474436634982e-05
1.216262259567588899e+03 1.192150298963407262e-05
1.216870390697372386e+03 1.330971400072363103e-05
1.217478825892721034e+03 1.475646948721209116e-05
1.218087565305667340e+03 1.625150869768789309e-05
1.218696609088320201e+03 1.778386657726352242e-05
1.219305957392864002e+03 1.934218842303798446e-05
1.219915610371560433e+03 2.091504470260384410e-05
1.220525568176746219e+03 2.249123112438604008e-05
1.221135830960834483e+03 2.406004079804415245e-05
1.221746398876314743e+03 2.561149802006174313e-05
1.222357272075752917e+03 2.713654658789020944e-05
1.222968450711790865e+03 2.862718886621867359e-05
1.223579934937146618e+03 3.007657456822514583e-05
1.224191724904615285e+03 3.147904150888793519e-05
1.224803820767067236e+03 3.283011287549002417e-05
1.225416222677450833e+03 3.412645637877448465e-05
1.226028930788789467e+03 3.536581316296733826e-05
1.226641945254183838e+03 3.654690195465469375e-05
1.227255266226811045e+03 3.766930703390086857e-05
1.227868893859924356e+03 3.873335577542983131e-05
1.228482828306854344e+03 3.973999309335451979e-05
1.229097069721007756e+03 4.069065749411472052e-05
1.229711618255867961e+03 4.158716322749728058e-05
1.230326474064996091e+03 4.243159231379476677e-05
1.230941637302028539e+03 4.322619824397927945e-05
1.231557108120679459e+03 4.397332461225734931e-05
1.232172886674739630e+03 4.467533761772623103e-05
1.232788973118077138e+03 4.533457363376412280e-05
1.233405367604636012e+03 4.595330038114085790e-05
1.234022070288438272e+03 4.653369033160921519e-05
1.234639081323582559e+03 4.707780529097300754e-05
1.235256400864244142e+03 4.758758960378499495e-05
1.235874029064676051e+03 4.806487020129998112e-05
1.236491966079208396e+03 4.851136112484452938e-05
1.237110212062247911e+03 4.892867218508359183e-05
1.237728767168279091e+03 4.931831878371055407e-05
1.238347631551863287e+03 4.968173418138313596e-05
1.238966805367639154e+03 5.002028070839533591e-05
1.239586288770322881e+03 5.033526396034077277e-05
1.240206081914708193e+03 5.062794433208570841e-05
1.240826184955665440e+03 5.089954867510890213e-05
1.241446598048143187e+03 5.115128082557201698e-05
1.242067321347167081e+03 5.138431166243545079e-05
1.242688355007840528e+03 5.159984784592393253e-05
1.243309699185344243e+03 5.179907360051350449e-05
1.243931354034936703e+03 5.198316839490967707e-05
1.244553319711954146e+03 5.215331038014029070e-05
1.245175596371810116e+03 5.231066937607647130e-05
1.245798184169995920e+03 5.245639619753573757e-05
1.246421083262080629e+03 5.259160848359168398e-05
1.247044293803711753e+03 5.271737458770080681e-05
1.247667815950613431e+03 5.283469581193362698e-05
1.248291649858588471e+03 5.294448891361047709e-05
1.248915795683517899e+03 5.304757065023676959e-05
1.249540253581359366e+03 5.314464601950034359e-05
1.250165023708150102e+03 5.323630169301027854e-05
1.250790106220003963e+03 5.332300666818763315e-05
1.251415501273113932e+03 5.340511904023350254e-05
1.252041209023750525e+03 5.348289735560967382e-05
1.252667229628262248e+03 5.355652234712710691e-05
1.253293563243076278e+03 5.362612141073963437e-05
1.253920210024697781e+03 5.369179673582398130e-05
1.254547170129710139e+03 5.375365411445082842e-05
1.255174443714774725e+03 5.381183121348155938e-05
1.255802030936632036e+03 5.386652182434072535e-05
1.256429931952100333e+03 5.391799431073986907e-05
1.257058146918076091e+03 5.396660358085070990e-05
1.257686675991534912e+03 5.401279416728263998e-05
1.258315519329530844e+03 5.405709564267948010e-05
1.258944677089195693e+03 5.410010877380111715e-05
1.259574149427739940e+03 5.414248514068674921e-05
1.260203936502453871e+03 5.418490015715386168e-05
1.260834038470705082e+03 5.422802318350812214e-05
1.261464455489940292e+03 5.427248586352681139e-05
1.262095187717685349e+03 5.431885005495419236e-05
1.262726235311544087e+03 5.436758010969188100e-05
1.263357598429199697e+03 5.441901949867023814e-05
1.263989277228414267e+03 5.447337446283979673e-05
1.264621271867028327e+03 5.453070497825741289e-05
1.265253582502961990e+03 5.459092396917445008e-05
1.265886209294213359e+03 5.465380507055855815e-05
1.266519152398860570e+03 5.471899738825557034e-05
1.267152411975059977e+03 5.478604658123113470e-05
1.267785988181047287e+03 5.485442157865765803e-05
1.268419881175137789e+03 5.492354350471154883e-05
1.269054091115725441e+03 5.499281618449309005e-05
1.269688618161283102e+03 5.506165532382400790e-05
1.270323462470363893e+03 5.512951579710188881e-05
1.270958624201598923e+03 5.519591287278998999e-05
1.271594103513699793e+03 5.526043902897113263e-05
1.272229900565456546e+03 5.532277416210507108e-05
1.272866015515739264e+03 5.538268904266558903e-05
1.273502448523496923e+03 5.544004207205179989e-05
1.274139199747758767e+03 5.549477117924415546e-05
1.274776269347632478e+03 5.554687923359604481e-05
1.275413657482306235e+03 5.559641636425486950e-05
1.276051364311047109e+03 5.564346058238025475e-05
1.276689389993202667e+03 5.568809662951831728e-05
1.277327734688199143e+03 5.573039605516366441e-05
1.277966398555543037e+03 5.577040148595909191e-05
1.278605381754820655e+03 5.580811135846334915e-05
1.279244684445698113e+03 5.584346996090663716e-05
1.279884306787920877e+03 5.587636124279832077e-05
1.280524248941314909e+03 5.590660864604913172e-05
1.281164511065785518e+03 5.593397935876133947e-05
1.281805093321318509e+03 5.595819298749747168e-05
1.282445995867979036e+03 5.597893313026082348e-05
1.283087218865912746e+03 5.599586273450512136e-05
1.283728762475345775e+03 5.600864207046457529e-05
1.284370626856583385e+03 5.601694687523211212e-05
1.285012812170011784e+03 5.602048758415381348e-05
1.285655318576096533e+03 5.601902749855752870e-05
1.286298146235384593e+03 5.601240024005841320e-05
1.286941295308502049e+03 5.600052500587731968e-05
1.287584765956156389e+03 5.598341976109971529e-05
1.288228558339134452e+03 5.596121056555463860e-05
1.288872672618304023e+03 5.593413810075267270e-05
1.289517108954613150e+03 5.590255950205566250e-05
1.290161867509090371e+03 5.586694745117350944e-05
1.290806948442844714e+03 5.582788334644925689e-05
1.291452351917066153e+03 5.578604914774815170e-05
1.292098078093024469e+03 5.574221490535425700e-05
1.292744127132070844e+03 5.569722321001702392e-05
1.293390499195636949e+03 5.565197097131967697e-05
1.294037194445234718e+03 5.560738992700481976e-05
1.294684213042457259e+03 5.556442542722700770e-05
1.295331555148978396e+03 5.552401546354145026e-05
1.295979220926552898e+03 5.548706927277850516e-05
1.296627210537016026e+03 5.545444797759919065e-05
1.297275524142284667e+03 5.542694605860640141e-05
1.297924161904355515e+03 5.540527424272374048e-05
1.298573123985307802e+03 5.539004554929173157e-05
1.299222410547300342e+03 5.538176172805221346e-05
1.299872021752573801e+03 5.538080336676100214e-05
1.300521957763450246e+03 5.538742248360728585e-05
1.301172218742331779e+03 5.540173740643661976e-05
1.301822804851702813e+03 5.542373049420521998e-05
1.302473716254128703e+03 5.545324886480248306e-05
1.303124953112255753e+03 5.549000742892861246e-05
1.303776515588811890e+03 5.553359589020332246e-05
1.304428403846606216e+03 5.558348690983962279e-05
1.305080618048529459e+03 5.563904836623073251e-05
1.305733158357553521e+03 5.569955720527298005e-05
1.306386024936732383e+03 5.576421556900144812e-05
1.307039217949200520e+03 5.583216823811078331e-05
1.307692737558174940e+03 5.590251997466175161e-05
1.308346583926954054e+03 5.597435650186834626e-05
1.309000757218917670e+03 5.604676133551834960e-05
1.309655257597527225e+03 5.611883035802523210e-05
1.310310085226325782e+03 5.618969877106973448e-05
1.310965240268938942e+03 5.625854912507616897e-05
1.311620722889073249e+03 5.632461477006600869e-05
1.312276533250517787e+03 5.638720275304176679e-05
1.312932671517142808e+03 5.644569895020949712e-05
1.313589137852901331e+03 5.649957411426753554e-05
1.314245932421827774e+03 5.654838916530184622e-05
1.314903055388038638e+03 5.659179744230490543e-05
1.315560506915732503e+03 5.662954497053475302e-05
1.316218287169190035e+03 5.666146843892480795e-05
1.316876396312774432e+03 5.668749052518849620e-05
1.317534834510930750e+03 5.670761341890660307e-05
1.318193601928186354e+03 5.672190951804871270e-05
1.318852698729150234e+03 5.673051060169593483e-05
1.319512125078514828e+03 5.673359553608311507e-05
1.320171881141053973e+03 5.673137710640657673e-05
1.320831967081624498e+03 5.672408973135745691e-05
1.321492383065165086e+03 5.671197812480012848e-05
1.322153129256697639e+03 5.669528940488547135e-05
1.322814205821325913e+03 5.667426849759073096e-05
1.323475612924236430e+03 5.664915977107618336e-05
1.324137350730698699e+03 5.662021275437322464e-05
1.324799419406064089e+03 5.658769388951694301e-05
1.325461819115766730e+03 5.655190332053036369e-05
1.326124550025324652e+03 5.651319546582572793e-05
1.326787612300337287e+03 5.647200072975656421e-05
1.327451006106487057e+03 5.642884773529186561e-05
1.328114731609540513e+03 5.638438078252748558e-05
1.328778788975345151e+03 5.633937077624418389e-05
1.329443178369832594e+03 5.629471762892133458e-05
1.330107899959017459e+03 5.625144148122779666e-05
1.330772953908997124e+03 5.621066004888477618e-05
1.331438340385951506e+03 5.617355684933045973e-05
1.332104059556144421e+03 5.614133628095795798e-05
1.332770111585922450e+03 5.611517108755850221e-05
1.333436496641715394e+03 5.609614381443360774e-05
1.334103214890036043e+03 5.608518804439139433e-05
1.334770266497480861e+03 5.608303432719998914e-05
1.335437651630729761e+03 5.609016417636324592e-05
1.336105370456544961e+03 5.610677688448195835e-05
1.336773423141773264e+03 5.613277117937807102e-05
1.337441809853344239e+03 5.616774579352936308e-05
1.338110530758270670e+03 5.621101662168618586e-05
1.338779586023649927e+03 5.626164992371943856e-05
1.339448975816661687e+03 5.631850953890002426e-05
1.340118700304569984e+03 5.638031373980794954e-05
1.340788759654722071e+03 5.644569756767450080e-05
1.341459154034549329e+03 5.651327601448519260e-05
1.342129883611566584e+03 5.658170369794659918e-05
1.342800948553372336e+03 5.664972712766524077e-05
1.343472349027648988e+03 5.671622684745378234e-05
1.344144085202162842e+03 5.678024733838991738e-05
1.344816157244763872e+03 5.684101482402482703e-05
1.345488565323386183e+03 5.689794252077404115e-05
1.346161309606047780e+03 5.695062532031540056e-05
1.346834390260850569e+03 5.699882556219292007e-05
1.347507807455980810e+03 5.704245237870068220e-05
1.348181561359708667e+03 5.708153681321058697e-05
1.348855652140388656e+03 5.711620593551808902e-05
1.349530079966458743e+03 5.714665689064127221e-05
1.350204845006441701e+03 5.717313315636011377e-05
1.350879947428944888e+03 5.719590438236367940e-05
1.351555387402659562e+03 5.721525064690651663e-05
1.352231165096360655e+03 5.723145007442291586e-05
1.352907280678908819e+03 5.724477249172128899e-05
1.353583734319248151e+03 5.725547494334875517e-05
1.354260526186407560e+03 5.726380055329430697e-05
1.354937656449500764e+03 5.726998002446495850e-05
1.355615125277725383e+03 5.727423415392177104e-05
1.356292932840364074e+03 5.727677745015088658e-05
1.356971079306784077e+03 5.727782110759447513e-05
1.357649564846437443e+03 5.727757507661624450e-05
1.358328389628860577e+03 5.727624968771382864e-05
1.359007553823674698e+03 5.727405487365567582e-05
1.359687057600586513e+03 5.727119777567071953e-05
1.360366901129386633e+03 5.726787971189721961e-05
1.361047084579951388e+03 5.726429135999347691e-05
1.361727608122241463e+03 5.726060811735468061e-05
1.362408471926302354e+03 5.725698270348332085e-05
1.363089676162265505e+03 5.725354143659122213e-05
1.363771221000346486e+03 5.725038159243124656e-05
1.364453106610846817e+03 5.724755980672099426e-05
1.365135333164152144e+03 5.724510001732818515e-05
1.365817900830734061e+03 5.724299856951641397e-05
1.366500809781149201e+03 5.724121351389759856e-05
1.367184060186039915e+03 5.723967364660901381e-05
1.367867652216132910e+03 5.723828407190247210e-05
1.368551586042240842e+03 5.723693239143519732e-05
1.369235861835261630e+03 5.723549533665351334e-05
1.369920479766179369e+03 5.723384659553266989e-05
1.370605440006062281e+03 5.723186305361223429e-05
1.371290742726065218e+03 5.722943178041235864e-05
1.371976388097428071e+03 5.722645412313508964e-05
1.372662376291476903e+03 5.722284959554784650e-05
1.373348707479622362e+03 5.721855717645377859e-05
1.374035381833361953e+03 5.721353603647573455e-05
1.374722399524278899e+03 5.720776347297258966e-05
1.375409760724041007e+03 5.720123225995083838e-05
1.376097465604402714e+03 5.719394606535744223e-05
1.376785514337204859e+03 5.718591422983789325e-05
1.377473907094373317e+03 5.717714613467309303e-05
1.378162644047920594e+03 5.716764559336646898e-05
1.378851725369944461e+03 5.715740631106555765e-05
1.379541151232629318e+03 5.714640826884072306e-05
1.380230921808245739e+03 5.713461615305249461e-05
1.380921037269149792e+03 5.712197983048161395e-05
1.381611497787784174e+03 5.710843736780148373e-05
1.382302303536677982e+03 5.709392078860174179e-05
1.382993454688446263e+03 5.707836387998288568e-05
1.383684951415790238e+03 5.706171221412568274e-05
1.384376793891497982e+03 5.704393438205285980e-05
1.385068982288443749e+03 5.702503382308728581e-05
1.385761516779587964e+03 5.700505943759267917e-05
1.386454397537977457e+03 5.698411477843408032e-05
1.387147624736746593e+03 5.696236413581573965e-05
1.387841198549114779e+03 5.694003511165875224e-05
1.388535119148389185e+03 5.691741638329706772e-05
1.389229386707963386e+03 5.689485001458472786e-05
1.389924001401317128e+03 5.687272457606050815e-05
1.390618963402017698e+03 5.685145576122643579e-05
1.391314272883718559e+03 5.683146922512673569e-05
1.392009930020160482e+03 5.681318185009029723e-05
1.392705934985170416e+03 5.679698208512196881e-05
1.393402287952662846e+03 5.678321169003091695e-05
1.394098989096638888e+03 5.677215050962724732e-05
1.394796038591187198e+03 5.676400424912009262e-05
1.395493436610482831e+03 5.675889744099078512e-05
1.396191183328787929e+03 5.675687064604547629e-05
1.396889278920452398e+03 5.675788247944798859e-05
1.397587723559912547e+03 5.676181526252452997e-05
1.398286517421692452e+03 5.676848369267362420e-05
1.398985660680403271e+03 5.677764578308236605e-05
1.399685153510743248e+03 5.678901440632652903e-05
1.400384996087498621e+03 5.680226903756887766e-05
1.401085188585542255e+03 5.681706673832438188e-05
1.401785731179835011e+03 5.683305193289654397e-05
1.402486624045424833e+03 5.684986470849351316e-05
1.403187867357447431e+03 5.686714810821485685e-05
1.403889461291126281e+03 5.688455459104708328e-05
1.404591406021771490e+03 5.690175124285240689e-05
1.405293701724782522e+03 5.691842609936292597e-05
1.405996348575644788e+03 5.693429370470502759e-05
1.406699346749932602e+03 5.694910126155492027e-05
1.407402696423307361e+03 5.696263492364392848e-05
1.408106397771518914e+03 5.697472619173342889e-05
1.408810450970404872e+03 5.698525738888860843e-05
1.409514856195889706e+03 5.699416667983849368e-05
1.410219613623987698e+03 5.700145071905733749e-05
1.410924723430799531e+03 5.700716497954474678e-05
1.411630185792514794e+03 5.701142143177435212e-05
1.412336000885411067e+03 5.701438266680809865e-05
1.413042168885853698e+03 5.701625394469822761e-05
1.413748689970296709e+03 5.701727203907469083e-05
1.414455564315281663e+03 5.701769210238820363e-05
1.415162792097439251e+03 5.701777356457354216e-05
1.415870373493487932e+03 5.701776604355791899e-05
1.416578308680234613e+03 5.701789527945982662e-05
1.417286597834574650e+03 5.701835164892006774e-05
1.417995241133491618e+03 5.701928130325258033e-05
1.418704238754058224e+03 5.702078046196951963e-05
1.419413590873435169e+03 5.702289341675433179e-05
1.420123297668871828e+03 5.702561401378428548e-05
1.420833359317706254e+03 5.702889066057965515e-05
1.421543775997364946e+03 5.703263443758164520e-05
1.422254547885363536e+03 5.703672879489388723e-05
1.422965675159306102e+03 5.704104031228443322e-05
1.423677157996885853e+03 5.704543107909526491e-05
1.424388996575883994e+03 5.704976920250026060e-05
1.425101191074171993e+03 5.705393741653045817e-05
1.425813741669709088e+03 5.705784074018605359e-05
1.426526648540543874e+03 5.706141044641975280e-05
1.427239911864814076e+03 5.706460606675259188e-05
1.427953531820746321e+03 5.706741398807057782e-05
1.428667508586656595e+03 5.706984487008714513e-05
1.429381842340949788e+03 5.707192820771633259e-05
1.430096533262120374e+03 5.707370652618715167e-05
1.430811581528751276e+03 5.707522798438512574e-05
1.431526987319515683e+03 5.707653987613766489e-05
1.432242750813175235e+03 5.707768230513515041e-05
1.432958872188581836e+03 5.707868329226648875e-05
1.433675351624676068e+03 5.707955517126311461e-05
1.434392189300488099e+03 5.708029247912196512e-05
1.435109385395138361e+03 5.708087192035638647e-05
1.435826940087835737e+03 5.708125300519526971e-05
1.436544853557879605e+03 5.708138065632432348e-05
1.437263125984658473e+03 5.708118854712224886e-05
1.437981757547650659e+03 5.708060294090702951e-05
1.438700748426424525e+03 5.707954714014822474e-05
1.439420098800637561e+03 5.707794538161368010e-05
1.440139808850037980e+03 5.707572654018130048e-05
1.440859878754462898e+03 5.707282772591221025e-05
1.441580308693840152e+03 5.706919619959016952e-05
1.442301098848186939e+03 5.706479123693235239e-05
1.443022249397610949e+03 5.705958472859655310e-05
1.443743760522309685e+03 5.705356198322641129e-05
1.444465632402570918e+03 5.704672130748998312e-05
1.445187865218772004e+03 5.703907327488673526e-05
1.445910459151381247e+03 5.703063975209055812e-05
1.446633414380956765e+03 5.702145326287406723e-05
1.447356731088147171e+03 5.701155205003326394e-05
1.448080409453691118e+03 5.700098357516063182e-05
1.448804449658417752e+03 5.698980075085817123e-05
1.449528851883246944e+03 5.697805934822210594e-05
1.450253616309188374e+03 5.696581622246198862e-05
1.450978743117342901e+03 5.695312750078650784e-05
1.451704232488901653e+03 5.694004662966391624e-05
1.452430084605146021e+03 5.692662273428555539e-05
1.453156299647448577e+03 5.691289905905647789e-05
1.453882877797272158e+03 5.689891204756480767e-05
1.454609819236170779e+03 5.688469074338351128e-05
1.455337124145788721e+03 5.687025732441621987e-05
1.456064792707861443e+03 5.685562811987744392e-05
1.456792825104215581e+03 5.684081566932614035e-05
1.457521221516767355e+03 5.682583108679211737e-05
1.458249982127525755e+03 5.681068720060512953e-05
1.458979107118589582e+03 5.679540186046570847e-05
1.459708596672148587e+03 5.678000096440496969e-05
1.460438450970484610e+03 5.676452151478853512e-05
1.461168670195969753e+03 5.674901348071157092e-05
1.461899254531067527e+03 5.673354050651812416e-05
1.462630204158333072e+03 5.671817995367100487e-05
1.463361519260412024e+03 5.670302069437910801e-05
1.464093200020042104e+03 5.668815986521481945e-05
1.464825246620051985e+03 5.667369843758059551e-05
1.465557659243361968e+03 5.665973585780575424e-05
1.466290438072983534e+03 5.664636391735890030e-05
1.467023583292020021e+03 5.663366080851143055e-05
1.467757095083665945e+03 5.662168555246843677e-05
1.468490973631207680e+03 5.661047297972191840e-05
1.469225219118023233e+03 5.660003073252516071e-05
1.469959831727582241e+03 5.659033738079988430e-05
1.470694811643445973e+03 5.658134217255544603e-05
1.471430159049267559e+03 5.657296733139786455e-05
1.472165874128792211e+03 5.656511062438358004e-05
1.472901957065856550e+03 5.655765120344546384e-05
1.473638408044389507e+03 5.655045563647112446e-05
1.474375227248411647e+03 5.654338197052074844e-05
1.475112414862035848e+03 5.653628954560358715e-05
1.475849971069466847e+03 5.652904308054658352e-05
1.476587896055001465e+03 5.652151737242233902e-05
1.477326190003028842e+03 5.651360210700593576e-05
1.478064853098030426e+03 5.650520424517943959e-05
1.478803885524579300e+03 5.649624857324854184e-05
1.479543287467341543e+03 5.648667677322302151e-05
1.480283059111074863e+03 5.647644737629739086e-05
1.481023200640630421e+03 5.646553028526197935e-05
1.481763712240950781e+03 5.645390440993834841e-05
1.482504594097071049e+03 5.644155434017326240e-05
1.483245846394119553e+03 5.642846799939268688e-05
1.483987469317316481e+03 5.641463166545716254e-05
1.484729463051975017e+03 5.640002974014948637e-05
1.485471827783500885e+03 5.638464419743155124e-05
1.486214563697392578e+03 5.636845493905716972e-05
1.486957670979241357e+03 5.635144318798526936e-05
1.487701149814730798e+03 5.633359382706501256e-05
1.488445000389638153e+03 5.631489971092285273e-05
1.489189222889832763e+03 5.629536413019592790e-05
1.489933817501277645e+03 5.627500811922586497e-05
1.490678784410028356e+03 5.625387258535285550e-05
1.491424123802233225e+03 5.623202156369927149e-05
1.492169835864134257e+03 5.620954444207988318e-05
1.492915920782066223e+03 5.618655673339557086e-05
1.493662378742457122e+03 5.616319911689844293e-05
1.494409209931828400e+03 5.613963471397607200e-05
1.495156414536794045e+03 5.611604486619283568e-05
1.495903992744062407e+03 5.609262679443503038e-05
1.496651944740434374e+03 5.606958347787754671e-05
1.497400270712804513e+03 5.604711728802881096e-05
1.498148970848160843e+03 5.602542226901567265e-05
1.498898045333585060e+03 5.600467635953107319e-05
1.499647494356251627e+03 5.598503388877052665e-05
1.500397318103429598e+03 5.596661890699646588e-05
1.501147516762481018e+03 5.594952092512464663e-05
1.501898090520862070e+03 5.593378990517304441e-05
1.502649039566122610e+03 5.591943693603579184e-05
1.503400364085905721e+03 5.590643259085624657e-05
1.504152064267948617e+03 5.589470960270379653e-05
1.504904140300082418e+03 5.588416809173589266e-05
1.505656592370232374e+03 5.587467859228215257e-05
1.506409420666417418e+03 5.586609139658917328e-05
1.507162625376750611e+03 5.585824255351972209e-05
1.507916206689438923e+03 5.585095963297509621e-05
1.508670164792783680e+03 5.584406779101163749e-05
1.509424499875179890e+03 5.583739792172016567e-05
1.510179212125117147e+03 5.583078901532445646e-05
1.510934301731179630e+03 5.582409067261172525e-05
1.511689768882045200e+03 5.581716711267853095e-05
1.512445613766486076e+03 5.580989608745081022e-05
1.513201836573369292e+03 5.580216928429980640e-05
1.513958437491656014e+03 5.579389186134807845e-05
1.514715416710401541e+03 5.578498279122230495e-05
1.515472774418756671e+03 5.577537200668200378e-05
1.516230510805966105e+03 5.576500061932736251e-05
1.516988626061369132e+03 5.575382072245714467e-05
1.517747120374399628e+03 5.574179615144335631e-05
1.518505993934586968e+03 5.572890254167799649e-05
1.519265246931553975e+03 5.571512530734695485e-05
1.520024879555019652e+03 5.570046193080853056e-05
1.520784891994797135e+03 5.568492160583321082e-05
1.521545284440794376e+03 5.566852456380362520e-05
1.522306057083014593e+03 5.565129915744588542e-05
1.523067210111556051e+03 5.563327891399715073e-05
1.523828743716612053e+03 5.561450028916374729e-05
1.524590658088470263e+03 5.559499921745311994e-05
1.525352953417514300e+03 5.557480718242650337e-05
1.526115629894222820e+03 5.555395034163755294e-05
1.526878687709169753e+03 5.553244652761440671e-05
1.527642127053024296e+03 5.551030376152426410e-05
1.528405948116550917e+03 5.548751674702629880e-05
1.529170151090609124e+03 5.546407698520205000e-05
1.529934736166154153e+03 5.543996808076097663e-05
1.530699703534237187e+03 5.541517064666199324e-05
1.531465053386004229e+03 5.538966880387407248e-05
1.532230785912697002e+03 5.536345444615643128e-05
1.532996901305653182e+03 5.533653167469613132e-05
1.533763399756306171e+03 5.530892169542709984e-05
1.534530281456184184e+03 5.528066733724779818e-05
1.535297546596912298e+03 5.525183594292426738e-05
1.536065195370210631e+03 5.522251835084171539e-05
1.536833227967895709e+03 5.519283116194333741e-05
1.537601644581879782e+03 5.516291651028800981e-05
1.538370445404170596e+03 5.513294062546298372e-05
1.539139630626872531e+03 5.510308505513163640e-05
1.539909200442185920e+03 5.507354495114107648e-05
1.540679155042407046e+03 5.504452513925544844e-05
1.541449494619928146e+03 5.501623217878403471e-05
1.542220219367238087e+03 5.498886866198184607e-05
1.542991329476921464e+03 5.496262654335707927e-05
1.543762825141659960e+03 5.493767977723480668e-05
1.544534706554230752e+03 5.491418057597984487e-05
1.545306973907507654e+03 5.489225629593027508e-05
1.546079627394461340e+03 5.487199549520172453e-05
1.546852667208158664e+03 5.485345345672306268e-05
1.547626093541762430e+03 5.483664720334816662e-05
1.548399906588533440e+03 5.482155280625136603e-05
1.549174106541827769e+03 5.480810611155176348e-05
1.549948693595098575e+03 5.479620544057155923e-05
1.550723667941895883e+03 5.478571604500175263e-05
1.551499029775866802e+03 5.477647054856048264e-05
1.552274779290754623e+03 5.476827660444812855e-05
1.553050916680399951e+03 5.476092244922063673e-05
1.553827442138740025e+03 5.475418020187154997e-05
1.554604355859809175e+03 5.474781905157848213e-05
1.555381658037738816e+03 5.474160564095070347e-05
1.556159348866757682e+03 5.473530968897727237e-05
1.556937428541191139e+03 5.472871057315461922e-05
1.557715897255461641e+03 5.472159921770386459e-05
1.558494755204089415e+03 5.471378544015028658e-05
1.559274002581691548e+03 5.470510086301248037e-05
1.560053639582982214e+03 5.469540206446581784e-05
1.560833666402773360e+03 5.468457082706034350e-05
1.561614083235974931e+03 5.467252148027398255e-05
1.562394890277592594e+03 5.465920058442480869e-05
1.563176087722731381e+03 5.464459056773803041e-05
1.563957675766592729e+03 5.462871310716088576e-05
1.564739654604475845e+03 5.461162874823768801e-05
1.565522024431778163e+03 5.459343927432285312e-05
1.566304785443993751e+03 5.457428621828208995e-05
1.567087937836715810e+03 5.455434675149155386e-05
1.567871481805633948e+03 5.453383064388003489e-05
1.568655417546536910e+03 5.451296939378271004e-05
1.569439745255309845e+03 5.449201237463416044e-05
1.570224465127937492e+03 5.447121418398718367e-05
1.571009577360501453e+03 5.445082497160371398e-05
1.571795082149181553e+03 5.443107788403539021e-05
1.572580979690256072e+03 5.441218014377457882e-05
1.573367270180101286e+03 5.439430324499253350e-05
1.574153953815191244e+03 5.437757509451543030e-05
1.574941030792098672e+03 5.436208012167182183e-05
1.575728501307494753e+03 5.434785733440109022e-05
1.576516365558148209e+03 5.433489885542983050e-05
1.577304623740927127e+03 5.432315602159279585e-05
1.578093276052797592e+03 5.431254844070181341e-05
1.578882322690823912e+03 5.430296917832809630e-05
1.579671763852169306e+03 5.429429245697389321e-05
1.580461599734095216e+03 5.428637986441826299e-05
1.581251830533962220e+03 5.427909387772803987e-05
1.582042456449229121e+03 5.427229297530436101e-05
1.582833477677453629e+03 5.426583654711055079e-05
1.583624894416292364e+03 5.425958568787458606e-05
1.584416706863500394e+03 5.425340064703334175e-05
1.585208915216931928e+03 5.424713962017813481e-05
1.586001519674540532e+03 5.424065606423160977e-05
1.586794520434377546e+03 5.423379468188906056e-05
1.587587917694594807e+03 5.422639018803600074e-05
1.588381711653441926e+03 5.421826880331828978e-05
1.589175902509268553e+03 5.420925005396439394e-05
1.589970490460523024e+03 5.419915094834566120e-05
1.590765475705753033e+03 5.418779364498798012e-05
1.591560858443605866e+03 5.417501676152906338e-05
1.592356638872827489e+03 5.416067734617775270e-05
1.593152817192263910e+03 5.414466528078991879e-05
1.593949393600860049e+03 5.412690973156434156e-05
1.594746368297659956e+03 5.410738481608524253e-05
1.595543741481809093e+03 5.408611367807685666e-05
1.596341513352549782e+03 5.406317012899852927e-05
1.597139684109225755e+03 5.403867564370537822e-05
1.597938253951280331e+03 5.401279791981312576e-05
1.598737223078255965e+03 5.398574248930561282e-05
1.599536591689794705e+03 5.395774706439720650e-05
1.600336359985639774e+03 5.392907345561652650e-05
1.601136528165632399e+03 5.389999556891606424e-05
1.601937096429715211e+03 5.387078812663158805e-05
1.602738064977929753e+03 5.384172964802082413e-05
1.603539434010418745e+03 5.381308617272910315e-05
1.604341203727423817e+03 5.378510487561473103e-05
1.605143374329287553e+03 5.375801080813844452e-05
1.605945946016452126e+03 5.373200368923959430e-05
1.606748918989460435e+03 5.370725122843784618e-05
1.607552293448954970e+03 5.368388551600522263e-05
1.608356069595679173e+03 5.366200155456103400e-05
1.609160247630477215e+03 5.364165154657028045e-05
1.609964827754292173e+03 5.362285027653523162e-05
1.610769810168169442e+03 5.360556418678156832e-05
1.611575195073253326e+03 5.358971723027890297e-05
1.612380982670789763e+03 5.357519232487805685e-05
1.613187173162125191e+03 5.356183630308960960e-05
1.613993766748705866e+03 5.354946479918546657e-05
1.614800763632080361e+03 5.353786859752723631e-05
1.615608164013896157e+03 5.352682734763917859e-05
1.616415968095903054e+03 5.351611742534130849e-05
1.617224176079950666e+03 5.350552427502931123e-05
1.618032788167990702e+03 5.349485557856115727e-05
1.618841804562074685e+03 5.348394582000866711e-05
1.619651225464355548e+03 5.347267190924555330e-05
1.620461051077087859e+03 5.346095834027543597e-05
1.621271281602626232e+03 5.344878115862638449e-05
1.622081917243427142e+03 5.343616872671947353e-05
1.622892958202048931e+03 5.342319997219688250e-05
1.623704404681149981e+03 5.340999961742461848e-05
1.624516256883490541e+03 5.339672329672885459e-05
1.625328515011932041e+03 5.338357138625722455e-05
1.626141179269437544e+03 5.337075490337428717e-05
1.626954249859072206e+03 5.335848782504815823e-05
1.627767726984001456e+03 5.334697444894660317e-05
1.628581610847493721e+03 5.333639668437284870e-05
1.629395901652917473e+03 5.332689881791219220e-05
1.630210599603743503e+03 5.331857623092426383e-05
1.631025704903545602e+03 5.331146462508247914e-05
1.631841217755997150e+03 5.330553233425549858e-05
1.632657138364874982e+03 5.330067535465289261e-05
1.633473466934057342e+03 5.329671601644013490e-05
1.634290203667524338e+03 5.329340371282485452e-05
1.635107348769357941e+03 5.329042139588217755e-05
1.635924902443742667e+03 5.328739442787091180e-05
1.636742864894964441e+03 5.328390158418173315e-05
1.637561236327411507e+03 5.327948947879210934e-05
1.638380016945575335e+03 5.327368798784982572e-05
1.639199206954047668e+03 5.326603419396175028e-05
1.640018806557524613e+03 5.325607784357736147e-05
1.640838815960803686e+03 5.324340641266083390e-05
1.641659235368783811e+03 5.322766396167725485e-05
1.642480064986468278e+03 5.320856298181388707e-05
1.643301305018961557e+03 5.318589852988856825e-05
1.644122955671470663e+03 5.315956255003767767e-05
1.644945017149306523e+03 5.312955216329271483e-05
1.645767489657881015e+03 5.309597624731345668e-05
1.646590373402709929e+03 5.305905330044838656e-05
1.647413668589411145e+03 5.301912054357598407e-05
1.648237375423705771e+03 5.297662056473026769e-05
1.649061494111417460e+03 5.293209248368415705e-05
1.649886024858473320e+03 5.288615675530896395e-05
1.650710967870902323e+03 5.283949474976173488e-05
1.651536323354837805e+03 5.279282406505237372e-05
1.652362091516514965e+03 5.274687033068777416e-05
1.653188272562272914e+03 5.270233668941959451e-05
1.654014866698553988e+03 5.265987615968182597e-05
1.654841874131903296e+03 5.262005525015221231e-05
1.655669295068969177e+03 5.258333777514596886e-05
1.656497129716503650e+03 5.255005887613666931e-05
1.657325378281361736e+03 5.252041143310741709e-05
1.658154040970502137e+03 5.249444318623491931e-05
1.658983117990987239e+03 5.247206298169729928e-05
1.659812609549982426e+03 5.245305037833090223e-05
1.660642515854757221e+03 5.243707574741382726e-05
1.661472837112684601e+03 5.242372802919307266e-05
1.662303573531240772e+03 5.241254703578695427e-05
1.663134725318006303e+03 5.240305329321492663e-05
1.663966292680665219e+03 5.239477314007292506e-05
1.664798275827005455e+03 5.238727122621336196e-05
1.665630674964919081e+03 5.238016758399944233e-05
1.666463490302401169e+03 5.237315113231365591e-05
1.667296722047552294e+03 5.236598723313557727e-05
1.668130370408575800e+03 5.235851500539455422e-05
1.668964435593780308e+03 5.235063513764442154e-05
1.669798917811576985e+03 5.234231081619302242e-05
1.670633817270482723e+03 5.233353365003193518e-05
1.671469134179117873e+03 5.232431639553537740e-05
1.672304868746207376e+03 5.231467564065971971e-05
1.673141021180580310e+03 5.230461714955518017e-05
1.673977591691170346e+03 5.229412616023367910e-05
1.674814580487015746e+03 5.228315889099871371e-05
1.675651987777259365e+03 5.227164529452887936e-05
1.676489813771147965e+03 5.225948716271868946e-05
1.677328058678033358e+03 5.224657118797420506e-05
1.678166722707372173e+03 5.223277037198333843e-05
1.679005806068725860e+03 5.221795485305996747e-05
1.679845308971760005e+03 5.220200412515625020e-05
1.680685231626245923e+03 5.218481840198345082e-05
1.681525574242059065e+03 5.216631682423355728e-05
1.682366337029179931e+03 5.214644787945186063e-05
1.683207520197694294e+03 5.212519257795569788e-05
1.684049123957793199e+03 5.210256114984121071e-05
1.684891148519772059e+03 5.207859237298522343e-05
1.685733594094032014e+03 5.205335020140653394e-05
1.686576460891078796e+03 5.202691866863133288e-05
1.687419749121524319e+03 5.199939774423145261e-05
1.688263458996084864e+03 5.197090094384843441e-05
1.689107590725582895e+03 5.194154567977844533e-05
1.689952144520945694e+03 5.191145429224471703e-05
1.690797120593206046e+03 5.188074588903149971e-05
1.691642519153502235e+03 5.184954643587674907e-05
1.692488340413079186e+03 5.181797152777293939e-05
1.693334584583285505e+03 5.178612919142904094e-05
1.694181251875577345e+03 5.175412515903365603e-05
1.695028342501514771e+03 5.172205306807013800e-05
1.695875856672765849e+03 5.168999263845310287e-05
1.696723794601101872e+03 5.165800747063612185e-05
1.697572156498402592e+03 5.162614247551299224e-05
1.698420942576651896e+03 5.159442221840892476e-05
1.699270153047940084e+03 5.156284701407453215e-05
1.700119788124463867e+03 5.153139493384781674e-05
1.700969848018526136e+03 5.150001962718679622e-05
1.701820332942535288e+03 5.146865321483412733e-05
1.702671243109006355e+03 5.143721189198777709e-05
1.703522578730560781e+03 5.140559831485619618e-05
1.704374340019925967e+03 5.137370976629732127e-05
1.705226527189935723e+03 5.134144701763550175e-05
1.706079140453530499e+03 5.130872171930442050e-05
1.706932180023757155e+03 5.127545917479792886e-05
1.707785646113768735e+03 5.124161610631878058e-05
1.708639538936825375e+03 5.120718387050345104e-05
1.709493858706293850e+03 5.117219126569186690e-05
1.710348605635646891e+03 5.113671032291721840e-05
1.711203779938464322e+03 5.110085969125746094e-05
1.712059381828433516e+03 5.106480343457270077e-05
1.712915411519348027e+03 5.102874715956280292e-05
1.713771869225107594e+03 5.099294661396636688e-05
1.714628755159719958e+03 5.095768592494734133e-05
1.715486069537299954e+03 5.092328102546228016e-05
1.716343812572068600e+03 5.089006733060713616e-05
1.717201984478354234e+03 5.085838741419427828e-05
1.718060585470593196e+03 5.082858079140508350e-05
1.718919615763328466e+03 5.080097151421956460e-05
1.719779075571209887e+03 5.077585272178457553e-05
1.720638965108995308e+03 5.075346773887011713e-05
1.721499284591550122e+03 5.073400063651909580e-05
1.722360034233845454e+03 5.071755856122207119e-05
1.723221214250962475e+03 5.070416721178980528e-05
1.724082824858087633e+03 5.069375592909522302e-05
1.724944866270516741e+03 5.068615863106991126e-05
1.725807338703651794e+03 5.068111300630864774e-05
1.726670242373003703e+03 5.067826741961885696e-05
1.727533577494190013e+03 5.067718608378718958e-05
1.728397344282936956e+03 5.067737442155532051e-05
1.729261542955078312e+03 5.067828292135365402e-05
1.730126173726555635e+03 5.067934476552594979e-05
1.730991236813418936e+03 5.067998735496309572e-05
1.731856732431825321e+03 5.067965530827764001e-05
1.732722660798041261e+03 5.067783914534705690e-05
1.733589022128440320e+03 5.067408824929282515e-05
1.734455816639504519e+03 5.066803237796991719e-05
1.735323044547823883e+03 5.065938668407009646e-05
1.736190706070097804e+03 5.064796469513360906e-05
1.737058801423132763e+03 5.063367869452373935e-05
1.737927330823844159e+03 5.061653731721167053e-05
1.738796294489256070e+03 5.059663320465677321e-05
1.739665692636500808e+03 5.057414753092207693e-05
1.740535525482818684e+03 5.054932314059898223e-05
1.741405793245560290e+03 5.052244731081959842e-05
1.742276496142182623e+03 5.049385103401735861e-05
1.743147634390253870e+03 5.046387041748130395e-05
1.744019208207448628e+03 5.043284047286804067e-05
1.744891217811552224e+03 5.040107732647010439e-05
1.745763663420457988e+03 5.036886549213571968e-05
1.746636545252168162e+03 5.033644177528999545e-05
1.747509863524794127e+03 5.030399534886156242e-05
1.748383618456556633e+03 5.027166262597785760e-05
1.749257810265784656e+03 5.023952622344118283e-05
1.750132439170917223e+03 5.020761829085934315e-05
1.751007505390502729e+03 5.017594073456259579e-05
1.751883009143198024e+03 5.014446455049860707e-05
1.752758950647769552e+03 5.011314868677460940e-05
1.753635330123093127e+03 5.008195706542414887e-05
1.754512147788154834e+03 5.005086809775599583e-05
1.755389403862048539e+03 5.001988560152268798e-05
1.756267098563979744e+03 4.998904973866765094e-05
1.757145232113261727e+03 4.995844012457054231e-05
1.758023804729318044e+03 4.992817202332626843e-05
1.758902816631682526e+03 4.989840000033427632e-05
1.759782268039998144e+03 4.986930103794262722e-05
1.760662159174018370e+03 4.984106986620860912e-05
1.761542490253605138e+03 4.981389634114494875e-05
1.762423261498732018e+03 4.978795411037655082e-05
1.763304473129481039e+03 4.976340286177280192e-05
1.764186125366045871e+03 4.974036041529425662e-05
1.765068218428728642e+03 4.971890081492674881e-05
1.765950752537943117e+03 4.969905112254487708e-05
1.766833727914212204e+03 4.968079176015364096e-05
1.767717144778169086e+03 4.966405888698184964e-05
1.768601003350558130e+03 4.964875103279878677e-05
1.769485303852233073e+03 4.963473799279705367e-05
1.770370046504159291e+03 4.962186710459819090e-05
1.771255231527411524e+03 4.960997387914777506e-05
1.772140859143174794e+03 4.959888615265323198e-05
1.773026929572746212e+03 4.958843364775279803e-05
1.773913443037532488e+03 4.957845480947099397e-05
1.774800399759051288e+03 4.956879057765617322e-05
1.775687799958930555e+03 4.955929282065711015e-05
1.776575643858910098e+03 4.954982302500887214e-05
1.777463931680839096e+03 4.954025572076886381e-05
1.778352663646679730e+03 4.953047845172127081e-05
1.779241839978503094e+03 4.952038900103318807e-05
1.780131460898492378e+03 4.950990216744918836e-05
1.781021526628941274e+03 4.949895043456868638e-05
1.781912037392256025e+03 4.948748700446217079e-05
1.782802993410951785e+03 4.947548766685240567e-05
1.783694394907657170e+03 4.946294894337933495e-05
1.784586242105110841e+03 4.944988213092726476e-05
1.785478535226163331e+03 4.943632535710007953e-05
1.786371274493776355e+03 4.942232596699118761e-05
1.787264460131023043e+03 4.940793898710732344e-05
1.788158092361088165e+03 4.939322290789585612e-05
1.789052171407268816e+03 4.937822607078681998e-05
1.789946697492972135e+03 4.936297944231869152e-05
1.790841670841718724e+03 4.934749147576588069e-05
1.791737091677139688e+03 4.933174655986205238e-05
1.792632960222977999e+03 4.931569610619480611e-05
1.793529276703089408e+03 4.929925925260522700e-05
1.794426041341440850e+03 4.928232538171292687e-05
1.795323254362111356e+03 4.926476566039253798e-05
1.796220915989292507e+03 4.924642967967332742e-05
1.797119026447286842e+03 4.922716299091074764e-05
1.798017585960510587e+03 4.920681339139202417e-05
1.798916594753490699e+03 4.918524676881829468e-05
1.799816053050867367e+03 4.916235020245750877e-05
1.800715961077392876e+03 4.913805289537741884e-05
1.801616319057931150e+03 4.911231639689676018e-05
1.802517127217460029e+03 4.908515299195597239e-05
1.803418385781068537e+03 4.905662593838113644e-05
1.804320094973959158e+03 4.902684119937421032e-05
1.805222255021445790e+03 4.899594968994047905e-05
1.806124866148956471e+03 4.896413285619394251e-05
1.807027928582030881e+03 4.893160354657154226e-05
1.807931442546321932e+03 4.889859119290670720e-05
1.808835408267594858e+03 4.886533155407701335e-05
1.809739825971728351e+03 4.883205689390792933e-05
1.810644695884714338e+03 4.879898585481094297e-05
1.811550018232656384e+03 4.876631673274991157e-05
1.812455793241773108e+03 4.873421986889013476e-05
1.813362021138393629e+03 4.870283484792875946e-05
1.814268702148963030e+03 4.867225920149046212e-05
1.815175836500037349e+03 4.864256884758152635e-05
1.816083424418287223e+03 4.861379882736690882e-05
1.816991466130496065e+03 4.858595465817656993e-05
1.817899961863561202e+03 4.855901457345875288e-05
1.818808911844492968e+03 4.853293360650479024e-05
1.819718316300414926e+03 4.850765486450482860e-05
1.820628175458565011e+03 4.848310368787306943e-05
1.821538489546294159e+03 4.845919284281146710e-05
1.822449258791067223e+03 4.843583524070724499e-05
1.823360483420462970e+03 4.841293245706357887e-05
1.824272163662173170e+03 4.839038792623445246e-05
1.825184299744003965e+03 4.836809985936174139e-05
1.826096891893876091e+03 4.834595818346808791e-05
1.827009940339822833e+03 4.832385087521542391e-05
1.827923445309992530e+03 4.830166203826643601e-05
1.828837407032647434e+03 4.827926511155640889e-05
1.829751825736163710e+03 4.825652623618332528e-05
1.830666701649031438e+03 4.823330515683579872e-05
1.831582034999855750e+03 4.820945502408667278e-05
1.832497826017355919e+03 4.818482648401930960e-05
1.833414074930364450e+03 4.815926643451612328e-05
1.834330781967829353e+03 4.813263089034036218e-05
1.835247947358813462e+03 4.810478416895994916e-05
1.836165571332492618e+03 4.807560442981054021e-05
1.837083654118158620e+03 4.804499138566382515e-05
1.838002195945217409e+03 4.801287200719471049e-05
1.838921197043190205e+03 4.797920512690011463e-05
1.839840657641711459e+03 4.794398690556265499e-05
1.840760577970532267e+03 4.790725200578040008e-05
1.841680958259517411e+03 4.786907952729742505e-05
1.842601798738647176e+03 4.782959711488128841e-05
1.843523099638016220e+03 4.778897136037525640e-05
1.844444861187835158e+03 4.774741524129024107e-05
1.845367083618429206e+03 4.770518426448526001e-05
1.846289767160237943e+03 4.766257201276355671e-05
1.847212912043818051e+03 4.761990410697873540e-05
1.848136518499840122e+03 4.757753523331457362e-05
1.849060586759089574e+03 4.753583802607597408e-05
1.849985117052469377e+03 4.749519537783075402e-05
1.850910109610995278e+03 4.745598714541320767e-05
1.851835564665800348e+03 4.741857852882278782e-05
1.852761482448133393e+03 4.738330786517377393e-05
1.853687863189357358e+03 4.735047122068145861e-05
1.854614707120951834e+03 4.732030786931951648e-05
1.855542014474512143e+03 4.729298960801266291e-05
1.856469785481749568e+03 4.726860701232084218e-05
1.857398020374490443e+03 4.724716242564351560e-05
1.858326719384677517e+03 4.722856516887913325e-05
1.859255882744369728e+03 4.721262439848945700e-05
1.860185510685741747e+03 4.719905629900221679e-05
1.861115603441084431e+03 4.718749104512197753e-05
1.862046161242805056e+03 4.717747853191844241e-05
1.862977184323426172e+03 4.716851236031210188e-05
1.863908672915587886e+03 4.716004147511360209e-05
1.864840627252045579e+03 4.715149463387583318e-05
1.865773047565671504e+03 4.714229837648907441e-05
1.866705934089454331e+03 4.713190151783255339e-05
1.867639287056498915e+03 4.711979558418347407e-05
1.868573106700026756e+03 4.710553272219603115e-05
1.869507393253376904e+03 4.708873848944129109e-05
1.870442146950003234e+03 4.706913119576435519e-05
1.871377368023478084e+03 4.704652502149886102e-05
1.872313056707489523e+03 4.702083127674737531e-05
1.873249213235843172e+03 4.699206216716031529e-05
1.874185837842461069e+03 4.696032253055214284e-05
1.875122930761382122e+03 4.692580231305682061e-05
1.876060492226762790e+03 4.688876402132860700e-05
1.876998522472875720e+03 4.684953364080054626e-05
1.877937021734112022e+03 4.680848893913770194e-05
1.878875990244978993e+03 4.676603986007247653e-05
1.879815428240101483e+03 4.672261225934278429e-05
1.880755335954221437e+03 4.667864523680870128e-05
1.881695713622198582e+03 4.663458041497950738e-05
1.882636561479009515e+03 4.659084716481627034e-05
1.883577879759748612e+03 4.654786228897171186e-05
1.884519668699628482e+03 4.650602282947302433e-05
1.885461928533978380e+03 4.646570109684177905e-05
1.886404659498245110e+03 4.642724683121116541e-05
1.887347861827994393e+03 4.639097553436367927e-05
1.888291535758908367e+03 4.635716038041825940e-05
1.889235681526787630e+03 4.632603756969802056e-05
1.890180299367551015e+03 4.629778187522124539e-05
1.891125389517234453e+03 4.627251097553450158e-05
1.892070952211993244e+03 4.625026689109016016e-05
1.893016987688099334e+03 4.623100634435242347e-05
1.893963496181942901e+03 4.621460042885035155e-05
1.894910477930033949e+03 4.620081772417996592e-05
1.895857933168998898e+03 4.618933345893887514e-05
1.896805862135583311e+03 4.617973019761501235e-05
1.897754265066651215e+03 4.617149953370688193e-05
1.898703142199184413e+03 4.616406936329195935e-05
1.899652493770283854e+03 4.615681364251880101e-05
1.900602320017168950e+03 4.614908136935153867e-05
1.901552621177177571e+03 4.614022749027567658e-05
1.902503397487765824e+03 4.612963934736173996e-05
1.903454649186509641e+03 4.611676579866307279e-05
1.904406376511102735e+03 4.610114629938712638e-05
1.905358579699358188e+03 4.608243386403296769e-05
1.906311258989207772e+03 4.606041303639390821e-05
1.907264414618702403e+03 4.603500993615486066e-05
1.908218046826011687e+03 4.600629488270521522e-05
1.909172155849424371e+03 4.597447771926612016e-05
1.910126741927349258e+03 4.593988989999669124e-05
1.911081805298312702e+03 4.590297068848578306e-05
1.912037346200962020e+03 4.586423786288328672e-05
1.912993364874062308e+03 4.582425717941813608e-05
1.913949861556498945e+03 4.578362715432161069e-05
1.914906836487277133e+03 4.574292971026120038e-05
1.915864289905520764e+03 4.570271742747857377e-05
1.916822222050473329e+03 4.566349389486618017e-05
1.917780633161498372e+03 4.562569418223492664e-05
1.918739523478079263e+03 4.558967207682863777e-05
1.919698893239818062e+03 4.555570622303102356e-05
1.920658742686437790e+03 4.552399331437425299e-05
1.921619072057781068e+03 4.549465467744183081e-05
1.922579881593809660e+03 4.546774150871598453e-05
1.923541171534606292e+03 4.544325037860061595e-05
1.924502942120373518e+03 4.542112985247938659e-05
1.925465193591433945e+03 4.540128627109559531e-05
1.926427926188229549e+03 4.538359783006234614e-05
1.927391140151323498e+03 4.536791382891600214e-05
1.928354835721399013e+03 4.535406433009647959e-05
1.929319013139259368e+03 4.534185990762278084e-05
1.930283672645829029e+03 4.533109424192005072e-05
1.931248814482151829e+03 4.532154361650344454e-05
1.932214438889392795e+03 4.531296530864659745e-05
1.933180546108837461e+03 4.530510272469867540e-05
1.934147136381891642e+03 4.529768618922785163e-05
1.935114209950082568e+03 4.529043042434605565e-05
1.936081767055057526e+03 4.528304621207779096e-05
1.937049807938584763e+03 4.527523996393034798e-05
1.938018332842553946e+03 4.526672426007218004e-05
1.938987342008975247e+03 4.525722856002862079e-05
1.939956835679979577e+03 4.524650421470646593e-05
1.940926814097819260e+03 4.523434155573483409e-05
1.941897277504868271e+03 4.522057683927290542e-05
1.942868226143620632e+03 4.520510510883249080e-05
1.943839660256692241e+03 4.518788768182162990e-05
1.944811580086820641e+03 4.516895885250746940e-05
1.945783985876863881e+03 4.514842845629610609e-05
1.946756877869801883e+03 4.512648094137910321e-05
1.947730256308736671e+03 4.510336999421396244e-05
1.948704121436891000e+03 4.507940526807938981e-05
1.949678473497609502e+03 4.505494594306378738e-05
1.950653312734358224e+03 4.503037644831915285e-05
1.951628639390725311e+03 4.500609423978978884e-05
1.952604453710420557e+03 4.498248746164534612e-05
1.953580755937275399e+03 4.495991553702662432e-05
1.954557546315244053e+03 4.493868935052332855e-05
1.955534825088401476e+03 4.491905495810345175e-05
1.956512592500945630e+03 4.490119018738824745e-05
1.957490848797195895e+03 4.488518969544824107e-05
1.958469594221594434e+03 4.487105924183369259e-05
1.959448829018705283e+03 4.485871539023266532e-05
1.960428553433214120e+03 4.484799503199622358e-05
1.961408767709930771e+03 4.483865895254166147e-05
1.962389472093785798e+03 4.483040268629757882e-05
1.963370666829832317e+03 4.482287117129119176e-05
1.964352352163247133e+03 4.481566437132084659e-05
1.965334528339328926e+03 4.480836149157078294e-05
1.966317195603498476e+03 4.480053660851098082e-05
1.967300354201300252e+03 4.479175946967158504e-05
1.968284004378400596e+03 4.478162876086697053e-05
1.969268146380589542e+03 4.476977301542190752e-05
1.970252780453779678e+03 4.475586645557759550e-05
1.971237906844006602e+03 4.473964023030369501e-05
1.972223525797428238e+03 4.472088433901781217e-05
1.973209637560327337e+03 4.469946269138528716e-05
1.974196242379107161e+03 4.467531324788482684e-05
1.975183340500296708e+03 4.464844790821132441e-05
1.976170932170546848e+03 4.461895284559492543e-05
1.977159017636632143e+03 4.458698388331889547e-05
1.978147597145450163e+03 4.455276143610187013e-05
1.979136670944022853e+03 4.451656538419918041e-05
1.980126239279494939e+03 4.447872301431713478e-05
1.981116302399134611e+03 4.443959764698145691e-05
1.982106860550334204e+03 4.439958120497374916e-05
1.983097913980609292e+03 4.435908216855551545e-05
1.984089462937599137e+03 4.431851028322155952e-05
1.985081507669067832e+03 4.427826821915555684e-05
1.986074048422902479e+03 4.423873810237395827e-05
1.987067085447113641e+03 4.420027470013447607e-05
1.988060618989836939e+03 4.416319510492775532e-05
1.989054649299331686e+03 4.412777123127249550e-05
1.990049176623981566e+03 4.409422511076488963e-05
1.991044201212293274e+03 4.406272766343686322e-05
1.992039723312899469e+03 4.403339611194147550e-05
1.993035743174555819e+03 4.400628381166759304e-05
1.994032261046143049e+03 4.398140549266389893e-05
1.995029277176666028e+03 4.395872294944432968e-05
1.996026791815254455e+03 4.393815345856722247e-05
1.997024805211161720e+03 4.391957612270023029e-05
1.998023317613767404e+03 4.390284139570329436e-05
1.999022329272574098e+03 4.388777688707526891e-05
2.000021840437210130e+03 4.387418813237912828e-05
2.001021851357428659e+03 4.386187021385305659e-05
2.002022362283107441e+03 4.385061368673754442e-05
2.003023373464248834e+03 4.384020205772799192e-05
2.004024885150980936e+03 4.383042274589280185e-05
2.005026897593556214e+03 4.382106545662551146e-05
2.006029411042352876e+03 4.381192455332920464e-05
2.007032425747874186e+03 4.380280364950931088e-05
2.008035941960748005e+03 4.379351332812266999e-05
2.009039959931728390e+03 4.378387406006982316e-05
2.010044479911693998e+03 4.377371498234826542e-05
2.011049502151649676e+03 4.376287937674426629e-05
2.012055026902725785e+03 4.375121976261085472e-05
2.013061054416176830e+03 4.373860250158625399e-05
2.014067584943384873e+03 4.372490887819186801e-05
2.015074618735856575e+03 4.371003557349827573e-05
2.016082156045224338e+03 4.369389589929565754e-05
2.017090197123246753e+03 4.367642289970172117e-05
2.018098742221808379e+03 4.365756778850527788e-05
2.019107791592919057e+03 4.363730371066106082e-05
2.020117345488715500e+03 4.361562745669744789e-05
2.021127404161459708e+03 4.359255785134049846e-05
2.022137967863540325e+03 4.356813892968864938e-05
2.023149036847471507e+03 4.354244193848437445e-05
2.024160611365895420e+03 4.351556224759852841e-05
2.025172691671578150e+03 4.348762103697362947e-05
2.026185278017414021e+03 4.345876365180867515e-05
2.027198370656422185e+03 4.342915652671642054e-05
2.028211969841750488e+03 4.339898533990775012e-05
2.029226075826670922e+03 4.336845468405280091e-05
2.030240688864584399e+03 4.333777524871507912e-05
2.031255809209016661e+03 4.330716154378944413e-05
2.032271437113621232e+03 4.327682273113959440e-05
2.033287572832177602e+03 4.324695671426780449e-05
2.034304216618593500e+03 4.321774276259629120e-05
2.035321368726902847e+03 4.318933212750464631e-05
2.036339029411265983e+03 4.316184310059059871e-05
2.037357198925971488e+03 4.313535450237867105e-05
2.038375877525434362e+03 4.310990688977279502e-05
2.039395065464196932e+03 4.308549461064186374e-05
2.040414762996929085e+03 4.306206910940165480e-05
2.041434970378427124e+03 4.303954371727032320e-05
2.042455687863616276e+03 4.301779492500477995e-05
2.043476915707547960e+03 4.299667023595495178e-05
2.044498654165401831e+03 4.297599399768026147e-05
2.045520903492484422e+03 4.295558607746010005e-05
2.046543663944230502e+03 4.293525615720367888e-05
2.047566935776202399e+03 4.291481983467759255e-05
2.048590719244090451e+03 4.289410668943534853e-05
2.049615014603712552e+03 4.287296314154268826e-05
2.050639822111014382e+03 4.285126217412356370e-05
2.051665142022070086e+03 4.282890846759538489e-05
2.052690974593080682e+03 4.280583666390259565e-05
2.053717320080377249e+03 4.278201438221241254e-05
2.054744178740417738e+03 4.275744248001709470e-05
2.055771550829787429e+03 4.273215435715724752e-05
2.056799436605202118e+03 4.270621228763171517e-05
2.057827836323504471e+03 4.267970641432388974e-05
2.058856750241666305e+03 4.265274567268663328e-05
2.059886178616787220e+03 4.262545749497319910e-05
2.060916121706095055e+03 4.259797753132250203e-05
2.061946579766948162e+03 4.257044376789485466e-05
2.062977553056831766e+03 4.254299002911478067e-05
2.064009041833359788e+03 4.251573924600178349e-05
2.065041046354276659e+03 4.248879393682306754e-05
2.066073566877453686e+03 4.246223067612070950e-05
2.067106603660892233e+03 4.243609414575617129e-05
2.068140156962722813e+03 4.241040095036378708e-05
2.069174227041204176e+03 4.238512715800405790e-05
2.070208814154724223e+03 4.236021694644086797e-05
2.071243918561801365e+03 4.233558565047206782e-05
2.072279540521082254e+03 4.231112426644698121e-05
2.073315680291342687e+03 4.228670897428996912e-05
2.074352338131488523e+03 4.226221171790776188e-05
2.075389514300554310e+03 4.223751024782827166e-05
2.076427209057704204e+03 4.221249672450991453e-05
2.077465422662233323e+03 4.218708978859358067e-05
2.078504155373564572e+03 4.216124207921971898e-05
2.079543407451251369e+03 4.213494516459280481e-05
2.080583179154976733e+03 4.210823222792895500e-05
2.081623470744554197e+03 4.208117516778214068e-05
2.082664282479926442e+03 4.205388551172265578e-05
2.083705614621166205e+03 4.202650437969853006e-05
2.084747467428477194e+03 4.199919437325153911e-05
2.085789841162190896e+03 4.197213212339475524e-05
2.086832736082772044e+03 4.194549485158303586e-05
2.087876152450813152e+03 4.191945139044593908e-05
2.088920090527038155e+03 4.189415087052681487e-05
2.089964550572301960e+03 4.186971855600214970e-05
2.091009532847587707e+03 4.184624798396477580e-05
2.092055037614011326e+03 4.182379698068228478e-05
2.093101065132818349e+03 4.180238842617578976e-05
2.094147615665384365e+03 4.178200919809067451e-05
2.095194689473216840e+03 4.176261876970495287e-05
2.096242286817953755e+03 4.174415037694421265e-05
2.097290407961362234e+03 4.172651877840369202e-05
2.098339053165343103e+03 4.170962587139419721e-05
2.099388222691925876e+03 4.169336889421260323e-05
2.100437916803271492e+03 4.167764422308891108e-05
2.101488135761672766e+03 4.166235460446703482e-05
2.102538879829553935e+03 4.164741013341678066e-05
2.103590149269468384e+03 4.163273162594644178e-05
2.104641944344103194e+03 4.161825104613112896e-05
2.105694265316275050e+03 4.160390787298895974e-05
2.106747112448933422e+03 4.158964877537069072e-05
2.107800486005157381e+03 4.157542509139646451e-05
2.108854386248160154e+03 4.156118858564349756e-05
2.109908813441284110e+03 4.154688833786759954e-05
2.110963767848004863e+03 4.153246794466377971e-05
2.112019249731928539e+03 4.151786663609589672e-05
2.113075259356794959e+03 4.150301082326336596e-05
2.114131796986473091e+03 4.148782355518968568e-05
2.115188862884966511e+03 4.147222202305258371e-05
2.116246457316408851e+03 4.145611904052725667e-05
2.117304580545066983e+03 4.143942773561931105e-05
2.118363232835339659e+03 4.142206476170370117e-05
2.119422414451757049e+03 4.140395312378201704e-05
2.120482125658983023e+03 4.138502969179261488e-05
2.121542366721812414e+03 4.136524601561455174e-05
2.122603137905173298e+03 4.134457013172756389e-05
2.123664439474125629e+03 4.132299397586225204e-05
2.124726271693863055e+03 4.130053107557967265e-05
2.125788634829709281e+03 4.127721605817377107e-05
2.126851529147124438e+03 4.125310769604205241e-05
2.127914954911697805e+03 4.122828441086881740e-05
2.128978912389153720e+03 4.120284366783951102e-05
2.130043401845347944e+03 4.117689176154498573e-05
2.131108423546270842e+03 4.115055303599941198e-05
2.132173977758043748e+03 4.112395421060592858e-05
2.133240064746922144e+03 4.109722181311678676e-05
2.134306684779295665e+03 4.107048192382464313e-05
2.135373838121684912e+03 4.104384870670390071e-05
2.136441525040746001e+03 4.101742379276073511e-05
2.137509745803266014e+03 4.099129298175520429e-05
2.138578500676167550e+03 4.096552454176116009e-05
2.139647789926505538e+03 4.094016401537957687e-05
2.140717613821469058e+03 4.091523325518598987e-05
2.141787972628379521e+03 4.089073178709435089e-05
2.142858866614693397e+03 4.086663546311858607e-05
2.143930296048000400e+03 4.084290261844722902e-05
2.145002261196024392e+03 4.081947142003900197e-05
2.146074762326622022e+03 4.079626761021777241e-05
2.147147799707785452e+03 4.077320669582114147e-05
2.148221373607639180e+03 4.075019868773198546e-05
2.149295484294442758e+03 4.072715157042725503e-05
2.150370132036589894e+03 4.070397854109338986e-05
2.151445317102607987e+03 4.068060264843112119e-05
2.152521039761159045e+03 4.065695731569375637e-05
2.153597300281039679e+03 4.063298854134994007e-05
2.154674098931180197e+03 4.060866451545273637e-05
2.155751435980645510e+03 4.058396963607141430e-05
2.156829311698636047e+03 4.055890613813068933e-05
2.157907726354485021e+03 4.053349321180019709e-05
2.158986680217662069e+03 4.050776336774666983e-05
2.160066173557771435e+03 4.048176442876320994e-05
2.161146206644550148e+03 4.045555047613505066e-05
2.162226779747872115e+03 4.042918225874888021e-05
2.163307893137746305e+03 4.040272283541118643e-05
2.164389547084315382e+03 4.037623468746495155e-05
2.165471741857857523e+03 4.034977905786170870e-05
2.166554477728786424e+03 4.032341344499220433e-05
2.167637754967650835e+03 4.029718988333046484e-05
2.168721573845134117e+03 4.027115859584956195e-05
2.169805934632056960e+03 4.024536353264994486e-05
2.170890837599372844e+03 4.021984416089372985e-05
2.171976283018172580e+03 4.019463679249406262e-05
2.173062271159681586e+03 4.016977286614722108e-05
2.174148802295261248e+03 4.014527899291664892e-05
2.175235876696408923e+03 4.012117632114289156e-05
2.176323494634757026e+03 4.009747748548542841e-05
2.177411656382073943e+03 4.007418418383949506e-05
2.178500362210265394e+03 4.005129008362714939e-05
2.179589612391369883e+03 4.002877412410779011e-05
2.180679407197565524e+03 4.000660016715869695e-05
2.181769746901164126e+03 3.998471751838407229e-05
2.182860631774614831e+03 3.996306139538466996e-05
2.183952062090501840e+03 3.994155194568124680e-05
2.185044038121546691e+03 3.992010193636080496e-05
2.186136560140607344e+03 3.989861312576504647e-05
2.187229628420677273e+03 3.987698338554418112e-05
2.188323243234887741e+03 3.985510948995456867e-05
2.189417404856505073e+03 3.983289269170599105e-05
2.190512113558932924e+03 3.981024075155246256e-05
2.191607369615712287e+03 3.978707182873820580e-05
2.192703173300520120e+03 3.976331827196452742e-05
2.193799524887170264e+03 3.973892655173031036e-05
2.194896424649613436e+03 3.971385945038521307e-05
2.195993872861938144e+03 3.968809605845811380e-05
2.197091869798368862e+03 3.966163082146175638e-05
2.198190415733268310e+03 3.963447309404086486e-05
2.199289510941134722e+03 3.960664473760674786e-05
2.200389155696605030e+03 3.957818050298216240e-05
2.201489350274453045e+03 3.954912498475154236e-05
2.202590094949590366e+03 3.951953305629316281e-05
2.203691389997064562e+03 3.948946780584148262e-05
2.204793235692063263e+03 3.945900079601436677e-05
2.205895632309909161e+03 3.942821165292209959e-05
2.206998580126064098e+03 3.939719083496282480e-05
2.208102079416127253e+03 3.936603568835534935e-05
2.209206130455835137e+03 3.933485392437049754e-05
2.210310733521062957e+03 3.930376345331209096e-05
2.211415888887823712e+03 3.927288955049101324e-05
2.212521596832267278e+03 3.924236513190909121e-05
2.213627857630683138e+03 3.921232854863092478e-05
2.214734671559498565e+03 3.918291934145018136e-05
2.215842038895278620e+03 3.915427425145553470e-05
2.216949959914725696e+03 3.912652147849834749e-05
2.218058434894683160e+03 3.909977762516123024e-05
2.219167464112129892e+03 3.907413824403541976e-05
2.220277047844185745e+03 3.904967413082548086e-05
2.221387186368107905e+03 3.902642696661294628e-05
2.222497879961291346e+03 3.900440185151412919e-05
2.223609128901272015e+03 3.898356827631325680e-05
2.224720933465722283e+03 3.896385560250969219e-05
2.225833293932455035e+03 3.894515748320526264e-05
2.226946210579421404e+03 3.892732933841517689e-05
2.228059683684710762e+03 3.891020090245515893e-05
2.229173713526553001e+03 3.889357618315278641e-05
2.230288300383315800e+03 3.887724461282419171e-05
2.231403444533506899e+03 3.886098949254922788e-05
2.232519146255773649e+03 3.884459697977052476e-05
2.233635405828901185e+03 3.882786577890628955e-05
2.234752223531815616e+03 3.881061717852667169e-05
2.235869599643581296e+03 3.879270004250436955e-05
2.236987534443403092e+03 3.877399615144220055e-05
2.238106028210624572e+03 3.875442454370001523e-05
2.239225081224730275e+03 3.873394209340706663e-05
2.240344693765342527e+03 3.871254115124883691e-05
2.241464866112225081e+03 3.869024956213781158e-05
2.242585598545280845e+03 3.866712238111370749e-05
2.243706891344553242e+03 3.864323857247564729e-05
2.244828744790225755e+03 3.861869264283458947e-05
2.245951159162621025e+03 3.859358825480249601e-05
2.247074134742201750e+03 3.856803216063086893e-05
2.248197671809572967e+03 3.854212843251687099e-05
2.249321770645477500e+03 3.851597088845087950e-05
2.250446431530800055e+03 3.848964640917986238e-05
2.251571654746565400e+03 3.846322713377652985e-05
2.252697440573938820e+03 3.843677171151736407e-05
2.253823789294225662e+03 3.841032582446440716e-05
2.254950701188872699e+03 3.838392759762869439e-05
2.256078176539466767e+03 3.835760335148331629e-05
2.257206215627736583e+03 3.833137599789461963e-05
2.258334818735550925e+03 3.830526292502522371e-05
2.259463986144918181e+03 3.827928360003147681e-05
2.260593718137990891e+03 3.825345905492483174e-05
2.261724014997059840e+03 3.822781221111332589e-05
2.262854877004558148e+03 3.820236969230693689e-05
2.263986304443060362e+03 3.817716113554267061e-05
2.265118297595281547e+03 3.815221688280050671e-05
2.266250856744079101e+03 3.812756732825104436e-05
2.267383982172450942e+03 3.810324056516498781e-05
2.268517674163537322e+03 3.807925717966273763e-05
2.269651933000618556e+03 3.805563113948989411e-05
2.270786758967119113e+03 3.803236494972595476e-05
2.271922152346602161e+03 3.800944707751385956e-05
2.273058113422775932e+03 3.798685081320581612e-05
2.274194642479486902e+03 3.796453462523863563e-05
2.275331739800726154e+03 3.794243947408180404e-05
2.276469405670626202e+03 3.792049362886081915e-05
2.277607640373461436e+03 3.789861184132214955e-05
2.278746444193648131e+03 3.787670024147293465e-05
2.279885817415744896e+03 3.785465829400632901e-05
2.281025760324452676e+03 3.783238571724600489e-05
2.282166273204614754e+03 3.780978512873947112e-05
2.283307356341217201e+03 3.778677088469365846e-05
2.284449010019387060e+03 3.776326984316402598e-05
2.285591234524397350e+03 3.773922703392907019e-05
2.286734030141659332e+03 3.771460735386706064e-05
2.287877397156729785e+03 3.768940398530705102e-05
2.289021335855308735e+03 3.766362835593161274e-05
2.290165846523235814e+03 3.763731420967206709e-05
2.291310929446497539e+03 3.761051313934031206e-05
2.292456584911220489e+03 3.758328881596592375e-05
2.293602813203675851e+03 3.755570922016906549e-05
2.294749614610278059e+03 3.752784085567875433e-05
2.295896989417582972e+03 3.749973919747654589e-05
2.297044937912291516e+03 3.747144195983805135e-05
2.298193460381247405e+03 3.744296009770395388e-05
2.299342557111438509e+03 3.741427463568443800e-05
2.300492228389993670e+03 3.738533736714997214e-05
2.301642474504188613e+03 3.735606726253302653e-05
2.302793295741440488e+03 3.732634904957871146e-05
2.303944692389310603e+03 3.729605209252392852e-05
2.305096664735505328e+03 3.726502818568050446e-05
2.306249213067872915e+03 3.723312567959184292e-05
2.307402337674406681e+03 3.720020564270641188e-05
2.308556038843243641e+03 3.716615129328825065e-05
2.309710316862665422e+03 3.713088001893062986e-05
2.310865172021096896e+03 3.709436020606004191e-05
2.312020604607107089e+03 3.705661516730227630e-05
2.313176614909410546e+03 3.701772887139422426e-05
2.314333203216865058e+03 3.697784875555695485e-05
2.315490369818473482e+03 3.693718600498385821e-05
2.316648115003382372e+03 3.689600543756625737e-05
2.317806439060883804e+03 3.685461314498746310e-05
2.318965342280414006e+03 3.681334528842801880e-05
2.320124824951553819e+03 3.677254623973781524e-05
2.321284887364029601e+03 3.673255686697324897e-05
2.322445529807711409e+03 3.669369019728414122e-05
2.323606752572615278e+03 3.665621558724279662e-05
2.324768555948901394e+03 3.662034414311755252e-05
2.325930940226875919e+03 3.658621754974441880e-05
2.327093905696989168e+03 3.655389982559786345e-05
2.328257452649837887e+03 3.652337964048426721e-05
2.329421581376162067e+03 3.649457189610400047e-05
2.330586292166850399e+03 3.646733206011131586e-05
2.331751585312933457e+03 3.644146530033816849e-05
2.332917461105590064e+03 3.641674450348950966e-05
2.334083919836142741e+03 3.639293267545114604e-05
2.335250961796060892e+03 3.636980271743900438e-05
2.336418587276958533e+03 3.634714894078721015e-05
2.337586796570596562e+03 3.632480980423722375e-05
2.338755589968881850e+03 3.630267803745034920e-05
2.339924967763865880e+03 3.628070211614731113e-05
2.341094930247747470e+03 3.625888856451498740e-05
2.342265477712871416e+03 3.623729750405771063e-05
2.343436610451727574e+03 3.621603500064141665e-05
2.344608328756954052e+03 3.619523579534191231e-05
2.345780632921332199e+03 3.617505100428042129e-05
2.346953523237792524e+03 3.615563002894341257e-05
2.348126999999411055e+03 3.613710172984496260e-05
2.349301063499410702e+03 3.611956611450023251e-05
2.350475714031160351e+03 3.610307999077228274e-05
2.351650951888175769e+03 3.608764642884951745e-05
2.352826777364119607e+03 3.607321027287338462e-05
2.354003190752801402e+03 3.605966442132435020e-05
2.355180192348177570e+03 3.604684781689859523e-05
2.356357782444351869e+03 3.603455155921853265e-05
2.357535961335574029e+03 3.602253021014467107e-05
2.358714729316241119e+03 3.601051339423553307e-05
2.359894086680899363e+03 3.599821776077156271e-05
2.361074033724239598e+03 3.598535879137423730e-05
2.362254570741101816e+03 3.597166425301593913e-05
2.363435698026471982e+03 3.595688635574600071e-05
2.364617415875485221e+03 3.594081346710168091e-05
2.365799724583422631e+03 3.592327987584994798e-05
2.366982624445714464e+03 3.590416823897974125e-05
2.368166115757936950e+03 3.588342521832941449e-05
2.369350198815815929e+03 3.586105200854624729e-05
2.370534873915224125e+03 3.583711332510596833e-05
2.371720141352181145e+03 3.581173036421825512e-05
2.372906001422857116e+03 3.578507520250401113e-05
2.374092454423568597e+03 3.575736394437676843e-05
2.375279500650779937e+03 3.572884417353673181e-05
2.376467140401105098e+03 3.569978416086175786e-05
2.377655373971305835e+03 3.567045645882475376e-05
2.378844201658291240e+03 3.564113178031757433e-05
2.380033623759120474e+03 3.561205784682201553e-05
2.381223640571000033e+03 3.558345189723718130e-05
2.382414252391285117e+03 3.555548936937200522e-05
2.383605459517480540e+03 3.552830477738677542e-05
2.384797262247239360e+03 3.550198214409408455e-05
2.385989660878362884e+03 3.547655762199711070e-05
2.387182655708802031e+03 3.545202528560498196e-05
2.388376247036655968e+03 3.542834141702589707e-05
2.389570435160173929e+03 3.540543299713616311e-05
2.390765220377754304e+03 3.538320843863639005e-05
2.391960602987942821e+03 3.536156547865009343e-05
2.393156583289436185e+03 3.534040271193666412e-05
2.394353161581081167e+03 3.531962514233770835e-05
2.395550338161871423e+03 3.529914619016976719e-05
2.396748113330952492e+03 3.527889640175067561e-05
2.397946487387617708e+03 3.525882634004189140e-05
2.399145460631311380e+03 3.523889493856310656e-05
2.400345033361626520e+03 3.521907855350989104e-05
2.401545205878307115e+03 3.519936420210327619e-05
2.402745978481246311e+03 3.517973889529862127e-05
2.403947351470486865e+03 3.516019325545877069e-05
2.405149325146222054e+03 3.514071583357816249e-05
2.406351899808795224e+03 3.512128610496734540e-05
2.407555075758699331e+03 3.510187785074244391e-05
2.408758853296578309e+03 3.508245683100802030e-05
2.409963232723226611e+03 3.506298119266500381e-05
2.411168214339587848e+03 3.504340073238322681e-05
2.412373798446757519e+03 3.502366325172144801e-05
2.413579985345980731e+03 3.500371737428977642e-05
2.414786775338653570e+03 3.498351610219813530e-05
2.415994168726322641e+03 3.496301784461539020e-05
2.417202165810685983e+03 3.494219387794271074e-05
2.418410766893591244e+03 3.492102858314307480e-05
2.419619972277037505e+03 3.489952452001237026e-05
2.420829782263176185e+03 3.487770072366587124e-05
2.422040197154307862e+03 3.485559724171704399e-05
2.423251217252884544e+03 3.483327154005007190e-05
2.424462842861511035e+03 3.481079729980607226e-05
2.425675074282941296e+03 3.478826209858304394e-05
2.426887911820082536e+03 3.476576200526828182e-05
2.428101355775992943e+03 3.474339794587025579e-05
2.429315406453880769e+03 3.472127198832195591e-05
2.430530064157107518e+03 3.469947816993550584e-05
2.431745329189185668e+03 3.467809920875706338e-05
2.432961201853780040e+03 3.465720501291884266e-05
2.434177682454706883e+03 3.463684387596133597e-05
2.435394771295934333e+03 3.461704128699010695e-05
2.436612468681581959e+03 3.459780000392098599e-05
2.437830774915923030e+03 3.457910180673030485e-05
2.439049690303380430e+03 3.456090216747802608e-05
2.440269215148532112e+03 3.454313465714549858e-05
2.441489349756106094e+03 3.452571615274544891e-05
2.442710094430984100e+03 3.450854690896219845e-05
2.443931449478199283e+03 3.449151544746538261e-05
2.445153415202938049e+03 3.447450066921723495e-05
2.446375991910539597e+03 3.445738656090282040e-05
2.447599179906494555e+03 3.444004935849305732e-05
2.448822979496447260e+03 3.442237528318316784e-05
2.450047390986195751e+03 3.440426056575670644e-05
2.451272414681688588e+03 3.438561017536595981e-05
2.452498050889029400e+03 3.436634697115765926e-05
2.453724299914473704e+03 3.434641256468026039e-05
2.454951162064431173e+03 3.432576590121305752e-05
2.456178637645463368e+03 3.430438652747846995e-05
2.457406726964285554e+03 3.428226976856142021e-05
2.458635430327767608e+03 3.425942986818331792e-05
2.459864748042930842e+03 3.423589502397522178e-05
2.461094680416952997e+03 3.421170451683258303e-05
2.462325227757160974e+03 3.418690705301197246e-05
2.463556390371039925e+03 3.416155502544130398e-05
2.464788168566225067e+03 3.413570705174677922e-05
2.466020562650508055e+03 3.410941528863440172e-05
2.467253572931832878e+03 3.408273877598213170e-05
2.468487199718298598e+03 3.405572956486275810e-05
2.469721443318157981e+03 3.402844124249839721e-05
2.470956304039816587e+03 3.400092553887451081e-05
2.472191782191836410e+03 3.397323755543404532e-05
2.473427878082932239e+03 3.394543535147881278e-05
2.474664592021973021e+03 3.391758514077176072e-05
2.475901924317983685e+03 3.388975978305187636e-05
2.477139875280142405e+03 3.386203924574969818e-05
2.478378445217782883e+03 3.383451918062936403e-05
2.479617634440391612e+03 3.380730353033967352e-05
2.480857443257611976e+03 3.378049891422307084e-05
2.482097871979240608e+03 3.375422023247689736e-05
2.483338920915230119e+03 3.372858088272143997e-05
2.484580590375687279e+03 3.370368917759289568e-05
2.485822880670875293e+03 3.367964046519817686e-05
2.487065792111210158e+03 3.365651644671257506e-05
2.488309325007265670e+03 3.363437466659379425e-05
2.489553479669769331e+03 3.361324509856429950e-05
2.490798256409604619e+03 3.359312915745683967e-05
2.492043655537808718e+03 3.357399197840749594e-05
2.493289677365577518e+03 3.355576654131763004e-05
2.494536322204260614e+03 3.353835212504582667e-05
2.495783590365362215e+03 3.352161872819016945e-05
2.497031482160544783e+03 3.350540954992533698e-05
2.498279997901624938e+03 3.348954710947225964e-05
2.499529137900575279e+03 3.347384071625973451e-05
2.500778902469525747e+03 3.345809215065874388e-05
2.502029291920760443e+03 3.344210847954965949e-05
2.503280306566720355e+03 3.342570425961900521e-05
2.504531946720003816e+03 3.340870977293466980e-05
2.505784212693363770e+03 3.339098019200408468e-05
2.507037104799710505e+03 3.337239879848913029e-05
2.508290623352110288e+03 3.335288088637569209e-05
2.509544768663786272e+03 3.333237695362802592e-05
2.510799541048118044e+03 3.331087202602874301e-05
2.512054940818642081e+03 3.328838851272285823e-05
2.513310968289051289e+03 3.326497914179767594e-05
2.514567623773195464e+03 3.324072610632973268e-05
2.515824907585081746e+03 3.321573790954301215e-05
2.517082820038873706e+03 3.319013959536296445e-05
2.518341361448893167e+03 3.316407202141887460e-05
2.519600532129617477e+03 3.313768071901323277e-05
2.520860332395682235e+03 3.311111343890575214e-05
2.522120762561879928e+03 3.308451015228474555e-05
2.523381822943160842e+03 3.305800183605316783e-05
2.524643513854632602e+03 3.303170429535446132e-05
2.525905835611559269e+03 3.300571782329298675e-05
2.527168788529365429e+03 3.298012009364335574e-05
2.528432372923629828e+03 3.295497486645848335e-05
2.529696589110091281e+03 3.293032564140266230e-05
2.530961437404646404e+03 3.290620184709713495e-05
2.532226918123348696e+03 3.288262114421719841e-05
2.533493031582409913e+03 3.285959352634784599e-05
2.534759778098200513e+03 3.283712368575909449e-05
2.536027157987249666e+03 3.281521468392741095e-05
2.537295171566243425e+03 3.279387172712547099e-05
2.538563819152026099e+03 3.277309891537781404e-05
2.539833101061602065e+03 3.275290551388306768e-05
2.541103017612132589e+03 3.273329946296400187e-05
2.542373569120938100e+03 3.271428828259931559e-05
2.543644755905498641e+03 3.269587467371339967e-05
2.544916578283451145e+03 3.267805425681444910e-05
2.546189036572593068e+03 3.266081386084337187e-05
2.547462131090879211e+03 3.264412011646422091e-05
2.548735862156424446e+03 3.262793231794606889e-05
2.550010230087502350e+03 3.261219496113906238e-05
2.551285235202545664e+03 3.259683517977994625e-05
2.552560877820146743e+03 3.258176748714902086e-05
2.553837158259056196e+03 3.256689759728253157e-05
2.555114076838186065e+03 3.255212511563358843e-05
2.556391633876604828e+03 3.253734949673154692e-05
2.557669829693543306e+03 3.252247187785266768e-05
2.558948664608389663e+03 3.250740499279624923e-05
2.560228138940693952e+03 3.249207030496107154e-05
2.561508253010164026e+03 3.247640504183356132e-05
2.562789007136669170e+03 3.246036426655603041e-05
2.564070401640236923e+03 3.244391819376164500e-05
2.565352436841057170e+03 3.242705597437978724e-05
2.566635113059477590e+03 3.240978044828888855e-05
2.567918430616007299e+03 3.239210764653447213e-05
2.569202389831315031e+03 3.237406112226392613e-05
2.570486991026230498e+03 3.235567155978241781e-05
2.571772234521743485e+03 3.233696845170484042e-05
2.573058120639004301e+03 3.231797927488352354e-05
2.574344649699323327e+03 3.229872379578064298e-05
2.575631822024172834e+03 3.227921334705204114e-05
2.576919637935184710e+03 3.225944635159325673e-05
2.578208097754152277e+03 3.223941075222255288e-05
2.579497201803029384e+03 3.221908497476977200e-05
2.580786950403930859e+03 3.219843243221048835e-05
2.582077343879132513e+03 3.217741804760968622e-05
2.583368382551072500e+03 3.215600217049125977e-05
2.584660066742347681e+03 3.213414634593139344e-05
2.585952396775718626e+03 3.211182192270429971e-05
2.587245372974106431e+03 3.208901264591756090e-05
2.588538995660592718e+03 3.206572019687256960e-05
2.589833265158423274e+03 3.204196426835970651e-05
2.591128181791002589e+03 3.201778872695917362e-05
2.592423745881897958e+03 3.199325911071174491e-05
2.593719957754838561e+03 3.196845956487902036e-05
2.595016817733715925e+03 3.194349377346735402e-05
2.596314326142582559e+03 3.191847631782083995e-05
2.597612483305653768e+03 3.189352830735636620e-05
2.598911289547306751e+03 3.186876834973098095e-05
2.600210745192080140e+03 3.184430732266165160e-05
2.601510850564675820e+03 3.182024117881128726e-05
2.602811605989958480e+03 3.179664372701069349e-05
2.604113011792953330e+03 3.177356303957544161e-05
2.605415068298849746e+03 3.175101743983848131e-05
2.606717775832998996e+03 3.172899644178188839e-05
2.608021134720915597e+03 3.170746283278753729e-05
2.609325145288275507e+03 3.168635476243104193e-05
2.610629807860919755e+03 3.166559273983163275e-05
2.611935122764849893e+03 3.164508624159397085e-05
2.613241090326232552e+03 3.162474777576100403e-05
2.614547710871395338e+03 3.160449489176452915e-05
2.615854984726831390e+03 3.158426110809592742e-05
2.617162912219194368e+03 3.156400735903692789e-05
2.618471493675303918e+03 3.154372197503730994e-05
2.619780729422141121e+03 3.152342833827529979e-05
2.621090619786852130e+03 3.150318365192185589e-05
2.622401165096745444e+03 3.148307559056344115e-05
2.623712365679293725e+03 3.146321884714702206e-05
2.625024221862132890e+03 3.144374503581793499e-05
2.626336733973063929e+03 3.142479489487435201e-05
2.627649902340050630e+03 3.140650724523742147e-05
2.628963727291220493e+03 3.138900440887545977e-05
2.630278209154866090e+03 3.137238251100957177e-05
2.631593348259443701e+03 3.135670468500453156e-05
2.632909144933573316e+03 3.134198971689432651e-05
2.634225599506039543e+03 3.132821082697785322e-05
2.635542712305792520e+03 3.131529220255734443e-05
2.636860483661944727e+03 3.130311217589867146e-05
2.638178913903775538e+03 3.129150789133745548e-05
2.639498003360727580e+03 3.128028323243695329e-05
2.640817752362408100e+03 3.126921904142048104e-05
2.642138161238588964e+03 3.125808372572379381e-05
2.643459230319208018e+03 3.124664521919809623e-05
2.644780959934367274e+03 3.123468139760363749e-05
2.646103350414333818e+03 3.122199540265199204e-05
2.647426402089540716e+03 3.120841755277346834e-05
2.648750115290585654e+03 3.119381656755611682e-05
2.650074490348230484e+03 3.117810269360490015e-05
2.651399527593404400e+03 3.116122970404332497e-05
2.652725227357200765e+03 3.114319489259844819e-05
2.654051589970879377e+03 3.112403699631173060e-05
2.655378615765864197e+03 3.110382722227284891e-05
2.656706305073747444e+03 3.108267084659998908e-05
2.658034658226284137e+03 3.106069622266931002e-05
2.659363675555397094e+03 3.103804681221795084e-05
2.660693357393174665e+03 3.101487517382532156e-05
2.662023704071871180e+03 3.099133349905781225e-05
2.663354715923906952e+03 3.096757079779787923e-05
2.664686393281868732e+03 3.094372357631104898e-05
2.666018736478509709e+03 3.091991459330250012e-05
2.667351745846748599e+03 3.089624661541877067e-05
2.668685421719671922e+03 3.087280180715621124e-05
2.670019764430531268e+03 3.084964009320160302e-05
2.671354774312746486e+03 3.082679917589408082e-05
2.672690451699902496e+03 3.080429891075381999e-05
2.674026796925752478e+03 3.078213768933984681e-05
2.675363810324215137e+03 3.076029854176713717e-05
2.676701492229376981e+03 3.073875152082943652e-05
2.678039842975491410e+03 3.071745741444973228e-05
2.679378862896979172e+03 3.069637118720376173e-05
2.680718552328427450e+03 3.067544487425034671e-05
2.682058911604592140e+03 3.065463114820563364e-05
2.683399941060394212e+03 3.063388636847083130e-05
2.684741641030924256e+03 3.061317172656055662e-05
2.686084011851439755e+03 3.059245487634251298e-05
2.687427053857365081e+03 3.057171355970382640e-05
2.688770767384293777e+03 3.055092718324678902e-05
2.690115152767985364e+03 3.053008589748588194e-05
2.691460210344369443e+03 3.050918616091673850e-05
2.692805940449541595e+03 3.048822374601637412e-05
2.694152343419766112e+03 3.046719578656055966e-05
2.695499419591475998e+03 3.044609884519926759e-05
2.696847169301271606e+03 3.042492500650888484e-05
2.698195592885921997e+03 3.040366599104287252e-05
2.699544690682364944e+03 3.038230585482425697e-05
2.700894463027706024e+03 3.036082696604443758e-05
2.702244910259219978e+03 3.033921004755585490e-05
2.703596032714349349e+03 3.031743535422975236e-05
2.704947830730706301e+03 3.029548707346620598e-05
2.706300304646071254e+03 3.027335474030282979e-05
2.707653454798394250e+03 3.025103637028282529e-05
2.709007281525793132e+03 3.022853963678849760e-05
2.710361785166555819e+03 3.020588338828292363e-05
2.711716966059139395e+03 3.018309657080256198e-05
2.713072824542168746e+03 3.016021685694343952e-05
2.714429360954439744e+03 3.013728747594225793e-05
2.715786575634916971e+03 3.011435224111850235e-05
2.717144468922734177e+03 3.009145400089922946e-05
2.718503041157195639e+03 3.006862561121056247e-05
2.719862292677774349e+03 3.004588906043369643e-05
2.721222223824113371e+03 3.002324590428285780e-05
2.722582834936025392e+03 3.000068320481942669e-05
2.723944126353493175e+03 2.997816712690147678e-05
2.725306098416669556e+03 2.995564504344242732e-05
2.726668751465877904e+03 2.993305145986056257e-05
2.728032085841610751e+03 2.991031069164372099e-05
2.729396101884531163e+03 2.988734533521093147e-05
2.730760799935473187e+03 2.986408375113580490e-05
2.732126180335440495e+03 2.984046867675216810e-05
2.733492243425608194e+03 2.981646575753472690e-05
2.734858989547320562e+03 2.979206783771938156e-05
2.736226419042094221e+03 2.976730091755830509e-05
2.737594532251614964e+03 2.974222850300618692e-05
2.738963329517740931e+03 2.971694831227281571e-05
2.740332811182499881e+03 2.969159012929183220e-05
2.741702977588090562e+03 2.966630804426413198e-05
2.743073829076884522e+03 2.964127588238068100e-05
2.744445365991422477e+03 2.961667180670279269e-05
2.745817588674417948e+03 2.959267485916098283e-05
2.747190497468754984e+03 2.956944681547438446e-05
2.748564092717489530e+03 2.954712637234292884e-05
2.749938374763848060e+03 2.952581960304101030e-05
2.751313343951229854e+03 2.950559462538072979e-05
2.752689000623205629e+03 2.948647724784208101e-05
2.754065345123517091e+03 2.946845086715398527e-05
2.755442377796078745e+03 2.945145516388004953e-05
2.756820098984976539e+03 2.943539587310044965e-05
2.758198509034468771e+03 2.942014610461462587e-05
2.759577608288985630e+03 2.940555486062302777e-05
2.760957397093130112e+03 2.939145468993129240e-05
2.762337875791676197e+03 2.937766935371715068e-05
2.763719044729572033e+03 2.936402123100270969e-05
2.765100904251936299e+03 2.935033781356541553e-05
2.766483454704062297e+03 2.933645638992614108e-05
2.767866696431414312e+03 2.932222822154128964e-05
2.769250629779629890e+03 2.930752195654761337e-05
2.770635255094518925e+03 2.929222479890254924e-05
2.772020572722066390e+03 2.927624388805147686e-05
2.773406583008427333e+03 2.925950587310168757e-05
2.774793286299930969e+03 2.924195571868587584e-05
2.776180682943080683e+03 2.922356632776452131e-05
2.777568773284552208e+03 2.920432551540692688e-05
2.778957557671194536e+03 2.918424370814770452e-05
2.780347036450029464e+03 2.916335376724218012e-05
2.781737209968254774e+03 2.914170923445787663e-05
2.783128078573238326e+03 2.911938365190969001e-05
2.784519642612525331e+03 2.909647359413999987e-05
2.785911902433831074e+03 2.907309229100018427e-05
2.787304858385048192e+03 2.904936867174281532e-05
2.788698510814240308e+03 2.902544227921172575e-05
2.790092860069647031e+03 2.900145991635371835e-05
2.791487906499681685e+03 2.897756715355102536e-05
2.792883650452931306e+03 2.895390283272421909e-05
2.794280092278157554e+03 2.893059226806881968e-05
2.795677232324296256e+03 2.890773987103310513e-05
2.797075070940458772e+03 2.888542213520909428e-05
2.798473608475928359e+03 2.886368540518250827e-05
2.799872845280166530e+03 2.884254033086752517e-05
2.801272781702806242e+03 2.882196257656114674e-05
2.802673418093657347e+03 2.880189048418735533e-05
2.804074754802703865e+03 2.878223546223383065e-05
2.805476792180104894e+03 2.876288253506411891e-05
2.806879530576195066e+03 2.874369833112751886e-05
2.808282970341483178e+03 2.872454357974472134e-05
2.809687111826653563e+03 2.870527701387375747e-05
2.811091955382566994e+03 2.868577356776184960e-05
2.812497501360257957e+03 2.866592660955966825e-05
2.813903750110937835e+03 2.864565809102702685e-05
2.815310701985993092e+03 2.862492543189101659e-05
2.816718357336985719e+03 2.860372305968566993e-05
2.818126716515654152e+03 2.858208440552260533e-05
2.819535779873911451e+03 2.856007909053785799e-05
2.820945547763848481e+03 2.853780860181366825e-05
2.822356020537729819e+03 2.851539955579224087e-05
2.823767198547998760e+03 2.849299474506405822e-05
2.825179082147272766e+03 2.847074378836512035e-05
2.826591671688346196e+03 2.844879325813610819e-05
2.828004967524189851e+03 2.842727769997096003e-05
2.829418970007951884e+03 2.840630955813514620e-05
2.830833679492955980e+03 2.838597575475448838e-05
2.832249096332701811e+03 2.836633092544684127e-05
2.833665220880868219e+03 2.834739644951523996e-05
2.835082053491309125e+03 2.832916077693697321e-05
2.836499594518053982e+03 2.831158172619043938e-05
2.837917844315312777e+03 2.829459164873620916e-05
2.839336803237470122e+03 2.827810179026118289e-05
2.840756471639088886e+03 2.826201116342300120e-05
2.842176849874908385e+03 2.824621176608132828e-05
2.843597938299845282e+03 2.823059554722810895e-05
2.845019737268994959e+03 2.821506026497441752e-05
2.846442247137629238e+03 2.819951371339556528e-05
2.847865468261198203e+03 2.818387794162655109e-05
2.849289400995328378e+03 2.816809045641689843e-05
2.850714045695825916e+03 2.815210523969496030e-05
2.852139402718673409e+03 2.813589207828587924e-05
2.853565472420033075e+03 2.811943505884434064e-05
2.854992255156242663e+03 2.810273177550390419e-05
2.856419751283820915e+03 2.808578771853194623e-05
2.857847961159462557e+03 2.806861876399769433e-05
2.859276885140042396e+03 2.805124182261335553e-05
2.860706523582612135e+03 2.803368057828428824e-05
2.862136876844403105e+03 2.801595845811369619e-05
2.863567945282825349e+03 2.799809862392121297e-05
2.864999729255466718e+03 2.798012262752109299e-05
2.866432229120094235e+03 2.796205032774778549e-05
2.867865445234654089e+03 2.794389920756796397e-05
2.869299377957271190e+03 2.792568430228700965e-05
2.870734027646249615e+03 2.790741810963762287e-05
2.872169394660072612e+03 2.788911077053258831e-05
2.873605479357402601e+03 2.787077047545835217e-05
2.875042282097081170e+03 2.785240346622539547e-05
2.876479803238129534e+03 2.783401424008175119e-05
2.877918043139748534e+03 2.781560636246176098e-05
2.879357002161317723e+03 2.779718209455119744e-05
2.880796680662398558e+03 2.777874314413999624e-05
2.882237079002729388e+03 2.776029049163264586e-05
2.883678197542230464e+03 2.774182508374046320e-05
2.885120036641001207e+03 2.772334738342978347e-05
2.886562596659322026e+03 2.770485793921256002e-05
2.888005877957651137e+03 2.768635519096343225e-05
2.889449880896629566e+03 2.766784316467547734e-05
2.890894605837077961e+03 2.764931560192244330e-05
2.892340053139996144e+03 2.763077288730739526e-05
2.893786223166566288e+03 2.761221263453314580e-05
2.895233116278149282e+03 2.759362938081316415e-05
2.896680732836287916e+03 2.757501612951482049e-05
2.898129073202706422e+03 2.755636332032948148e-05
2.899578137739307749e+03 2.753765877208473183e-05
2.901027926808177199e+03 2.751888758142339092e-05
2.902478440771581063e+03 2.750003163709040257e-05
2.903929679991967078e+03 2.748107051897514009e-05
2.905381644831962603e+03 2.746198011715190478e-05
2.906834335654378265e+03 2.744273482502778720e-05
2.908287752822205675e+03 2.742330642832357051e-05
2.909741896698616529e+03 2.740366525104779991e-05
2.911196767646965782e+03 2.738378021568567338e-05
2.912652366030788926e+03 2.736361971696623250e-05
2.914108692213804261e+03 2.734315206930077789e-05
2.915565746559911076e+03 2.732234695200746848e-05
2.917023529433190561e+03 2.730117647195027473e-05
2.918482041197907165e+03 2.727961552758588568e-05
2.919941282218505876e+03 2.725764438906810961e-05
2.921401252859615397e+03 2.723524998228739910e-05
2.922861953486044513e+03 2.721242779851125888e-05
2.924323384462787544e+03 2.718918338581956774e-05
2.925785546155018437e+03 2.716553495948143538e-05
2.927248438928096220e+03 2.714151367426624907e-05
2.928712063147560002e+03 2.711716654480737565e-05
2.930176419179133063e+03 2.709255577559201907e-05
2.931641507388722857e+03 2.706775908064497330e-05
2.933107328142416918e+03 2.704286924742295556e-05
2.934573881806487861e+03 2.701799162722164622e-05
2.936041168747391112e+03 2.699324180840678440e-05
2.937509189331764446e+03 2.696874189616954568e-05
2.938977943926430271e+03 2.694461569322723817e-05
2.940447432898393345e+03 2.692098452560103501e-05
2.941917656614842144e+03 2.689796135456527676e-05
2.943388615443149320e+03 2.687564601618761597e-05
2.944860309750871238e+03 2.685412059325555974e-05
2.946332739905746166e+03 2.683344540022794924e-05
2.947805906275698817e+03 2.681365627102241155e-05
2.949279809228836712e+03 2.679476293332348251e-05
2.950754449133451089e+03 2.677674900660214884e-05
2.952229826358017363e+03 2.675957313763912347e-05
2.953705941271196480e+03 2.674317154051129251e-05
2.955182794241831743e+03 2.672746159456306571e-05
2.956660385638952448e+03 2.671234634156088012e-05
2.958138715831771606e+03 2.669771879209169278e-05
2.959617785189687766e+03 2.668346773317536392e-05
2.961097594082282285e+03 2.666948183134942486e-05
2.962578142879322513e+03 2.665565414123841097e-05
2.964059431950762246e+03 2.664188572980645588e-05
2.965541461666737632e+03 2.662808806274616165e-05
2.967024232397570813e+03 2.661418511886308558e-05
2.968507744513769467e+03 2.660011424176606079e-05
2.969991998386025898e+03 2.658582615284697329e-05
2.971476994385218859e+03 2.657128464021311963e-05
2.972962732882411274e+03 2.655646535770720410e-05
2.974449214248852513e+03 2.654135457535425181e-05
2.975936438855976576e+03 2.652594742161833868e-05
2.977424407075404815e+03 2.651024645907561629e-05
2.978913119278942304e+03 2.649425987880489486e-05
2.980402575838581470e+03 2.647800023803517709e-05
2.981892777126500732e+03 2.646148303726554739e-05
2.983383723515064048e+03 2.644472560140185218e-05
2.984875415376821365e+03 2.642774630669626477e-05
2.986367853084509534e+03 2.641056368473444448e-05
2.987861037011051849e+03 2.639319613453335774e-05
2.989354967529557598e+03 2.637566137406175253e-05
2.990849645013322061e+03 2.635797630052220248e-05
2.992345069835828781e+03 2.634015678252214071e-05
2.993841242370746386e+03 2.632221782849387953e-05
2.995338162991931767e+03 2.630417346419670557e-05
2.996835832073426900e+03 2.628603639160226156e-05
2.998334249989463842e+03 2.626781896109794999e-05
2.999833417114458371e+03 2.624953245503442478e-05
3.001333333823015437e+03 2.623118782367597133e-05
3.002834000489926893e+03 2.621279470158382522e-05
3.004335417490171494e+03 2.619436275950095942e-05
3.005837585198916258e+03 2.617590066381947806e-05
3.007340503991515561e+03 2.615741744587237122e-05
3.008844174243511134e+03 2.613891800660508565e-05
3.010348596330632972e+03 2.612041019317683322e-05
3.011853770628798429e+03 2.610189995227666442e-05
3.013359697514112213e+03 2.608339081931927367e-05
3.014866377362868661e+03 2.606488691580942740e-05
3.016373810551549923e+03 2.604639043873350980e-05
3.017881997456825502e+03 2.602790249920204629e-05
3.019390938455553623e+03 2.600942333610983763e-05
3.020900633924781232e+03 2.599095176472844472e-05
3.022411084241743538e+03 2.597248566768345959e-05
3.023922289783864471e+03 2.595402203037326932e-05
3.025434250928756228e+03 2.593555686213891502e-05
3.026946968054220633e+03 2.591708547593202290e-05
3.028460441538247778e+03 2.589860269726576382e-05
3.029974671759016474e+03 2.588010260766537192e-05
3.031489659094896069e+03 2.586157941361290588e-05
3.033005403924442817e+03 2.584302725177640354e-05
3.034521906626404871e+03 2.582444011156581203e-05
3.036039167579718196e+03 2.580581262226967724e-05
3.037557187163507933e+03 2.578713952736193623e-05
3.039075965757089762e+03 2.576841680113877355e-05
3.040595503739967626e+03 2.574964087498522866e-05
3.042115801491837829e+03 2.573080952294657691e-05
3.043636859392583119e+03 2.571192154480410834e-05
3.045158677822279060e+03 2.569297717848531887e-05
3.046681257161190388e+03 2.567397797083792446e-05
3.048204597789770560e+03 2.565492720055079947e-05
3.049728700088665846e+03 2.563582917830016308e-05
3.051253564438709418e+03 2.561668998321246516e-05
3.052779191220928624e+03 2.559751687995169070e-05
3.054305580816539077e+03 2.557831807182399405e-05
3.055832733606947841e+03 2.555910300038620179e-05
3.057360649973751151e+03 2.553988150797170347e-05
3.058889330298737605e+03 2.552066386868111369e-05
3.060418774963886790e+03 2.550146026441568013e-05
3.061948984351368836e+03 2.548228074064281751e-05
3.063479958843544409e+03 2.546313470245964591e-05
3.065011698822965627e+03 2.544403034689433847e-05
3.066544204672377418e+03 2.542497540263200518e-05
3.068077476774713432e+03 2.540597592258530320e-05
3.069611515513100585e+03 2.538703666542248787e-05
3.071146321270857243e+03 2.536816077886418566e-05
3.072681894431492310e+03 2.534935107038057835e-05
3.074218235378707959e+03 2.533060842181898191e-05
3.075755344496397356e+03 2.531193314235958837e-05
3.077293222168645116e+03 2.529332475436736280e-05
3.078831868779729575e+03 2.527478230443473882e-05
3.080371284714119156e+03 2.525630471147922727e-05
3.081911470356476457e+03 2.523789072425432930e-05
3.083452426091654615e+03 2.521953915161953932e-05
3.084994152304700492e+03 2.520124876550477232e-05
3.086536649380852396e+03 2.518301813359118214e-05
3.088079917705542812e+03 2.516484589034361866e-05
3.089623957664395220e+03 2.514672979619709295e-05
3.091168769643227733e+03 2.512866680870333671e-05
3.092714354028049001e+03 2.511065269854033854e-05
3.094260711205062762e+03 2.509268175620443797e-05
3.095807841560665111e+03 2.507474650177287336e-05
3.097355745481445410e+03 2.505683754159423012e-05
3.098904423354186292e+03 2.503894377677998317e-05
3.100453875565863200e+03 2.502105254736259951e-05
3.102004102503646209e+03 2.500315016735818051e-05
3.103555104554897298e+03 2.498522237956330322e-05
3.105106882107174442e+03 2.496725532245652634e-05
3.106659435548227975e+03 2.494923647960180146e-05
3.108212765266002407e+03 2.493115552613401679e-05
3.109766871648635060e+03 2.491300562331501571e-05
3.111321755084458800e+03 2.489478386950596232e-05
3.112877415962001123e+03 2.487649244109604906e-05
3.114433854669981883e+03 2.485813873016581830e-05
3.115991071597316932e+03 2.483973558641436479e-05
3.117549067133115841e+03 2.482130097610404020e-05
3.119107841666681907e+03 2.480285763683329344e-05
3.120667395587515330e+03 2.478443168373114199e-05
3.122227729285309124e+03 2.476605154360173985e-05
3.123788843149951390e+03 2.474774638498999596e-05
3.125350737571526224e+03 2.472954435453681210e-05
3.126913412940311900e+03 2.471147037888699551e-05
3.128476869646781779e+03 2.469354680127351268e-05
3.130041108081604762e+03 2.467578889709124153e-05
3.131606128635645291e+03 2.465820570698393108e-05
3.133171931699962897e+03 2.464079910457559253e-05
3.134738517665812651e+03 2.462356329170052331e-05
3.136305886924645620e+03 2.460648560760956874e-05
3.137874039868107502e+03 2.458954655387909102e-05
3.139442976888041812e+03 2.457272089117095400e-05
3.141012698376485332e+03 2.455597920620144242e-05
3.142583204725673568e+03 2.453928882803711314e-05
3.144154496328036203e+03 2.452261519248993371e-05
3.145726573576199826e+03 2.450592362003123603e-05
3.147299436862987932e+03 2.448917978943440375e-05
3.148873086581419102e+03 2.447235113336726774e-05
3.150447523124709733e+03 2.445540709229600539e-05
3.152022746886271761e+03 2.443832009851904668e-05
3.153598758259714486e+03 2.442106554824770951e-05
3.155175557638844566e+03 2.440362158987936407e-05
3.156753145417663745e+03 2.438597053061637783e-05
3.158331521990372494e+03 2.436809780522921482e-05
3.159910687751367277e+03 2.434999286107313881e-05
3.161490643095242831e+03 2.433164982323388962e-05
3.163071388416790796e+03 2.431306802440210289e-05
3.164652924110998811e+03 2.429425270877748607e-05
3.166235250573054145e+03 2.427521632426886565e-05
3.167818368198340522e+03 2.425597933883842259e-05
3.169402277382439479e+03 2.423657083267067585e-05
3.170986978521130368e+03 2.421702957328640470e-05
3.172572472010390811e+03 2.419740348522461749e-05
3.174158758246396246e+03 2.417774963084063999e-05
3.175745837625519471e+03 2.415813323923089183e-05
3.177333710544331552e+03 2.413862558592041264e-05
3.178922377399604102e+03 2.411930203725344763e-05
3.180511838588303362e+03 2.410023876785797640e-05
3.182102094507597030e+03 2.408150950362664177e-05
3.183693145554850616e+03 2.406318192364685537e-05
3.185284992127627902e+03 2.404531384974640092e-05
3.186877634623691847e+03 2.402795016916243481e-05
3.188471073441002773e+03 2.401111964994390131e-05
3.190065308977723362e+03 2.399483314415144797e-05
3.191660341632211839e+03 2.397908276156391402e-05
3.193256171803028337e+03 2.396384082627571566e-05
3.194852799888929439e+03 2.394906236825672534e-05
3.196450226288873637e+03 2.393468634117051371e-05
3.198048451402018145e+03 2.392063924021734376e-05
3.199647475627717995e+03 2.390683742390095620e-05
3.201247299365532399e+03 2.389319347033600741e-05
3.202847923015214747e+03 2.387961900170155994e-05
3.204449346976722154e+03 2.386602923835368648e-05
3.206051571650210008e+03 2.385234673102110689e-05
3.207654597436034692e+03 2.383850434297901211e-05
3.209258424734752680e+03 2.382444766208922604e-05
3.210863053947119624e+03 2.381013645267930241e-05
3.212468485474093995e+03 2.379554491867418397e-05
3.214074719716829804e+03 2.378066156056643583e-05
3.215681757076688427e+03 2.376548787389430595e-05
3.217289597955226782e+03 2.375003701058558335e-05
3.218898242754204148e+03 2.373433144800539101e-05
3.220507691875580804e+03 2.371840070385513598e-05
3.222117945721518936e+03 2.370227897614091920e-05
3.223729004694379455e+03 2.368600303344122474e-05
3.225340869196726089e+03 2.366961012931332356e-05
3.226953539631324929e+03 2.365313626295280724e-05
3.228567016401139881e+03 2.363661470875134742e-05
3.230181299909340396e+03 2.362007526033145231e-05
3.231796390559294650e+03 2.360354340767087196e-05
3.233412288754574547e+03 2.358704014074447419e-05
3.235028994898951623e+03 2.357058221243633924e-05
3.236646509396401143e+03 2.355418187881472145e-05
3.238264832651098914e+03 2.353784752511961598e-05
3.239883965067424924e+03 2.352158439047981849e-05
3.241503907049957434e+03 2.350539482512537575e-05
3.243124659003482975e+03 2.348927901260240838e-05
3.244746221332984987e+03 2.347323545802228848e-05
3.246368594443650636e+03 2.345726149188790910e-05
3.247991778740872633e+03 2.344135341798162187e-05
3.249615774630243322e+03 2.342550705888299669e-05
3.251240582517557868e+03 2.340971784818289986e-05
3.252866202808816070e+03 2.339398082785851870e-05
3.254492635910220542e+03 2.337829078403936319e-05
3.256119882228175811e+03 2.336264287733641538e-05
3.257747942169290127e+03 2.334703041793306688e-05
3.259376816140374103e+03 2.333144836663428393e-05
3.261006504548444354e+03 2.331589118271760739e-05
3.262637007800718948e+03 2.330035296258583930e-05
3.264268326304618768e+03 2.328482839182870442e-05
3.265900460467770699e+03 2.326931223669534464e-05
3.267533410698004445e+03 2.325380003175808499e-05
3.269167177403352980e+03 2.323828809018252175e-05
3.270801760992054369e+03 2.322277347283971727e-05
3.272437161872550405e+03 2.320725443641854865e-05
3.274073380453487061e+03 2.319173016919950917e-05
3.275710417143713585e+03 2.317620090008756076e-05
3.277348272352284766e+03 2.316066795636313852e-05
3.278986946488460944e+03 2.314513342065775434e-05
3.280626439961704364e+03 2.312960027154821523e-05
3.282266753181685544e+03 2.311407184850451809e-05
3.283907886558275550e+03 2.309855178822401759e-05
3.285549840501555082e+03 2.308304435415426298e-05
3.287192615421804931e+03 2.306755318710765082e-05
3.288836211729516435e+03 2.305208213666262319e-05
3.290480629835381023e+03 2.303663460564916592e-05
3.292125870150298852e+03 2.302121343920209196e-05
3.293771933085373348e+03 2.300582089342195064e-05
3.295418819051916216e+03 2.299045850697494973e-05
3.297066528461442431e+03 2.297512717395758583e-05
3.298715061725672967e+03 2.295982685278267915e-05
3.300364419256534802e+03 2.294455674372940547e-05
3.302014601466163185e+03 2.292931492599897524e-05
3.303665608766896185e+03 2.291409879065069979e-05
3.305317441571279687e+03 2.289890505787700465e-05
3.306970100292065126e+03 2.288372935696302663e-05
3.308623585342210845e+03 2.286856690090168488e-05
3.310277897134882551e+03 2.285341227822960467e-05
3.311933036083449224e+03 2.283825968984852726e-05
3.313589002601491302e+03 2.282310305844621859e-05
3.315245797102791130e+03 2.280793631265362419e-05
3.316903420001342965e+03 2.279275367664820192e-05
3.318561871711343429e+03 2.277754950139741677e-05
3.320221152647199233e+03 2.276231890795104163e-05
3.321881263223522637e+03 2.274705771169824133e-05
3.323542203855134176e+03 2.273176245754366160e-05
3.325203974957061746e+03 2.271643091928026364e-05
3.326866576944539702e+03 2.270106187474392340e-05
3.328530010233012035e+03 2.268565537349861454e-05
3.330194275238128284e+03 2.267021254403502311e-05
3.331859372375747625e+03 2.265473586353634156e-05
3.333525302061934781e+03 2.263922884355104039e-05
3.335192064712965930e+03 2.262369598000155954e-05
3.336859660745322799e+03 2.260814263147958218e-05
3.338528090575694932e+03 2.259257483809369360e-05
3.340197354620982878e+03 2.257699919576175001e-05
3.341867453298293185e+03 2.256142264943205371e-05
3.343538387024942494e+03 2.254585222705474969e-05
3.345210156218454358e+03 2.253029513911383142e-05
3.346882761296563331e+03 2.251475843924672428e-05
3.348556202677211331e+03 2.249924896823894826e-05
3.350230480778550373e+03 2.248377340124455806e-05
3.351905596018938468e+03 2.246833812344464063e-05
3.353581548816947816e+03 2.245294929894055692e-05
3.355258339591356162e+03 2.243761269080797222e-05
3.356935968761152253e+03 2.242233395959735524e-05
3.358614436745532203e+03 2.240711832665067709e-05
3.360293743963904944e+03 2.239197077405656925e-05
3.361973890835887232e+03 2.237689586374859917e-05
3.363654877781304549e+03 2.236189770611033290e-05
3.365336705220195199e+03 2.234697982137188817e-05
3.367019373572804852e+03 2.233214496648165500e-05
3.368702883259591545e+03 2.231739499612142984e-05
3.370387234701220677e+03 2.230273074648735933e-05
3.372072428318570928e+03 2.228815187536499701e-05
3.373758464532730613e+03 2.227365661013606634e-05
3.375445343764996323e+03 2.225924157772454160e-05
3.377133066436878835e+03 2.224490205317374337e-05
3.378821632970096744e+03 2.223063139255373823e-05
3.380511043786581922e+03 2.221642122376253043e-05
3.382201299308474972e+03 2.220226139079565440e-05
3.383892399958128408e+03 2.218813992949729189e-05
3.385584346158107564e+03 2.217404310598244534e-05
3.387277138331186507e+03 2.215995560880961137e-05
3.388970776900351211e+03 2.214586071399520623e-05
3.390665262288801387e+03 2.213174034022940068e-05
3.392360594919945925e+03 2.211757578612407322e-05
3.394056775217405630e+03 2.210334791909988685e-05
3.395753803605014582e+03 2.208903769417488045e-05
3.397451680506816956e+03 2.207462713978594984e-05
3.399150406347070202e+03 2.206009969439687123e-05
3.400849981550243228e+03 2.204544167595647592e-05
3.402550406541018219e+03 2.203064234000332152e-05
3.404251681744288817e+03 2.201569526423024023e-05
3.405953807585160575e+03 2.200059897199562844e-05
3.407656784488953690e+03 2.198535742627166545e-05
3.409360612881197540e+03 2.196998105286851965e-05
3.411065293187637963e+03 2.195448653298722822e-05
3.412770825834231800e+03 2.193889676256147869e-05
3.414477211247148716e+03 2.192324123755524449e-05
3.416184449852772104e+03 2.190755482789569228e-05
3.417892542077698636e+03 2.189187762640186074e-05
3.419601488348736893e+03 2.187625358762264669e-05
3.421311289092911011e+03 2.186072899838194169e-05
3.423021944737457488e+03 2.184535212013069978e-05
3.424733455709825648e+03 2.183017081204824468e-05
3.426445822437680818e+03 2.181523133211597627e-05
3.428159045348898871e+03 2.180057709944790525e-05
3.429873124871573964e+03 2.178624716979019047e-05
3.431588061434009433e+03 2.177227509601885514e-05
3.433303855464725984e+03 2.175868808618222381e-05
3.435020507392458057e+03 2.174550600451652214e-05
3.436738017646154731e+03 2.173274122733395125e-05
3.438456386654977450e+03 2.172039817111825073e-05
3.440175614848304576e+03 2.170847356326089091e-05
3.441895702655728201e+03 2.169695641608194561e-05
3.443616650507056420e+03 2.168582911038186860e-05
3.445338458832308788e+03 2.167506758515565739e-05
3.447061128061725412e+03 2.166464253525864647e-05
3.448784658625756038e+03 2.165452065619259784e-05
3.450509050955068687e+03 2.164466522489488152e-05
3.452234305480546482e+03 2.163503752399361900e-05
3.453960422633285816e+03 2.162559794754903613e-05
3.455687402844603184e+03 2.161630718787687557e-05
3.457415246546024719e+03 2.160712703109218989e-05
3.459143954169297558e+03 2.159802151730166205e-05
3.460873526146382574e+03 2.158895761892828426e-05
3.462603962909455277e+03 2.157990578389598908e-05
3.464335264890909912e+03 2.157084069714662472e-05
3.466067432523354910e+03 2.156174136653972440e-05
3.467800466239616981e+03 2.155259136844982462e-05
3.469534366472736565e+03 2.154337891808684569e-05
3.471269133655972837e+03 2.153409677833751824e-05
3.473004768222800521e+03 2.152474171687251769e-05
3.474741270606911257e+03 2.151531439200255399e-05
3.476478641242214962e+03 2.150581857811511373e-05
3.478216880562835286e+03 2.149626068075691034e-05
3.479955989003116883e+03 2.148664888158858117e-05
3.481695966997617688e+03 2.147699272854013198e-05
3.483436814981116640e+03 2.146730203591727584e-05
3.485178533388607320e+03 2.145758640510299147e-05
3.486921122655301588e+03 2.144785470360480672e-05
3.488664583216628671e+03 2.143811430192877913e-05
3.490408915508236532e+03 2.142837087720796165e-05
3.492154119965990503e+03 2.141862799652573696e-05
3.493900197025973284e+03 2.140888710482261292e-05
3.495647147124485855e+03 2.139914768665550376e-05
3.497394970698048382e+03 2.138940716577948057e-05
3.499143668183397040e+03 2.137966148690344015e-05
3.500893240017488552e+03 2.136990535373407474e-05
3.502643686637496558e+03 2.136013288266499065e-05
3.504395008480815250e+03 2.135033802213661501e-05
3.506147205985055280e+03 2.134051498983103177e-05
3.507900279588047852e+03 2.133065872140656760e-05
3.509654229727841994e+03 2.132076552761438525e-05
3.511409056842705922e+03 2.131083299738133964e-05
3.513164761371126588e+03 2.130086039910318691e-05
3.514921343751811946e+03 2.129084872336364074e-05
3.516678804423687779e+03 2.128080012754786913e-05
3.518437143825899057e+03 2.127071819083678939e-05
3.520196362397812209e+03 2.126060828746809781e-05
3.521956460579010582e+03 2.125047572910732715e-05
3.523717438809299892e+03 2.124032624133215672e-05
3.525479297528704137e+03 2.123016554578778330e-05
3.527242037177468774e+03 2.121999875368708871e-05
3.529005658196056629e+03 2.120983011451142109e-05
3.530770161025155176e+03 2.119966278895500739e-05
3.532535546105666981e+03 2.118949828691221984e-05
3.534301813878720168e+03 2.117933684635210298e-05
3.536068964785659318e+03 2.116917681481116160e-05
3.537836999268052296e+03 2.115901507045409946e-05
3.539605917767686151e+03 2.114884689039365042e-05
3.541375720726569853e+03 2.113866607487428889e-05
3.543146408586932466e+03 2.112846541763789928e-05
3.544917981791225884e+03 2.111823637866279833e-05
3.546690440782120731e+03 2.110797029712268118e-05
3.548463786002511824e+03 2.109765737969376923e-05
3.550238017895512712e+03 2.108728781869136879e-05
3.552013136904460225e+03 2.107685192645633736e-05
3.553789143472912201e+03 2.106634051882205736e-05
3.555566038044648849e+03 2.105574462608490039e-05
3.557343821063670475e+03 2.104505686869638319e-05
3.559122492974202032e+03 2.103427065375486273e-05
3.560902054220688569e+03 2.102338128496855554e-05
3.562682505247799327e+03 2.101238637622685862e-05
3.564463846500422278e+03 2.100128505060627545e-05
3.566246078423673225e+03 2.099008041546980915e-05
3.568029201462884885e+03 2.097877760916468966e-05
3.569813216063615982e+03 2.096738491212350725e-05
3.571598122671647616e+03 2.095591346746501115e-05
3.573383921732982799e+03 2.094437727979435852e-05
3.575170613693849646e+03 2.093279502371664491e-05
3.576958199000696368e+03 2.092120598897684056e-05
3.578746678100196277e+03 2.090962244484456404e-05
3.580536051439246421e+03 2.089807331296571967e-05
3.582326319464965763e+03 2.088659137182876096e-05
3.584117482624697914e+03 2.087521539020568731e-05
3.585909541366009762e+03 2.086399121890850696e-05
3.587702496136692389e+03 2.085297564910265546e-05
3.589496347384761066e+03 2.084224133684064645e-05
3.591291095558452525e+03 2.083188330211390070e-05
3.593086741106231784e+03 2.082202830393631418e-05
3.594883284476784411e+03 2.081284415086976676e-05
3.596680726119022893e+03 2.080455241200077884e-05
3.598479066482082544e+03 2.079745554978854272e-05
3.600278306015323324e+03 2.079195835177378106e-05
3.602078445168330290e+03 2.078855557398862720e-05
3.603879484390914058e+03 2.078790127340475333e-05
3.605681424133109886e+03 2.079081756148505651e-05
3.607484264845176767e+03 2.079828823088794153e-05
3.609288006977598798e+03 2.081154256901105237e-05
3.611092650981087445e+03 2.083198787516437600e-05
3.612898197306577458e+03 2.086130443815377615e-05
3.614704646405230960e+03 2.090134686718685798e-05
3.616511998728432900e+03 2.095422030362118401e-05
3.618320254727796510e+03 2.102214008804052250e-05
3.620129414855160121e+03 2.110748147751835660e-05
3.621939479562588076e+03 2.121260584616616268e-05
3.623750449302368452e+03 2.133981651729679939e-05
3.625562324527019882e+03 2.149125619339989376e-05
3.627375105689283828e+03 2.166868006139799637e-05
3.629188793242127758e+03 2.187344778868929911e-05
3.631003387638748336e+03 2.210628336637833363e-05
3.632818889332567323e+03 2.236721212141861654e-05
3.634635298777234311e+03 2.265534497240916163e-05
3.636452616426622171e+03 2.296893475529543618e-05
3.638270842734835242e+03 2.330521997511251838e-05
3.640089978156202505e+03 2.366050027488614705e-05
3.641910023145280775e+03 2.403009655068074862e-05
3.643730978156853325e+03 2.440859287293828121e-05
3.645552843645931262e+03 2.478990423866314627e-05
3.647375620067754880e+03 2.516749266937718589e-05
3.649199307877788215e+03 2.553464391731851004e-05
3.651023907531727218e+03 2.588469247539639239e-05
3.652849419485492945e+03 2.621133759308272757e-05
3.654675844195236095e+03 2.650890289193411133e-05
3.656503182117332926e+03 2.677255147598654050e-05
3.658331433708391160e+03 2.699849023300973958e-05
3.660160599425245437e+03 2.718413030829405145e-05
3.661990679724957772e+03 2.732821875434517057e-05
3.663821675064820283e+03 2.743073724590083660e-05
3.665653585902352461e+03 2.749303342832866038e-05
3.667486412695303443e+03 2.751761541811145810e-05
3.669320155901650651e+03 2.750801688873940148e-05
3.671154815979601153e+03 2.746862411000175537e-05
3.672990393387590757e+03 2.740445727797465527e-05
3.674826888584284916e+03 2.732094551579692973e-05
3.676664302028576913e+03 2.722370462158434987e-05
3.678502634179590586e+03 2.711836501241914830e-05
3.680341885496680788e+03 2.701025564674858296e-05
3.682182056439428834e+03 2.690442103421029893e-05
3.684023147467647959e+03 2.680536721751072108e-05
3.685865159041381503e+03 2.671701895871867073e-05
3.687708091620902451e+03 2.664266488028668462e-05
3.689551945666712527e+03 2.658494603562438908e-05
3.691396721639545376e+03 2.654586567022574996e-05
3.693242420000365200e+03 2.652682185189640950e-05
3.695089041210364485e+03 2.652866662491872227e-05
3.696936585730969455e+03 2.655180028636904466e-05
3.698785054023835073e+03 2.659617610744215060e-05
3.700634446550845951e+03 2.666143976984428006e-05
3.702484763774121348e+03 2.674701269628736375e-05
3.704336006156007898e+03 2.685210579094310680e-05
3.706188174159085975e+03 2.697580792351163942e-05
3.708041268246165146e+03 2.711713652415103856e-05
3.709895288880287808e+03 2.727508257022943756e-05
3.711750236524727825e+03 2.744864146347891098e-05
3.713606111642990072e+03 2.763683653733294590e-05
3.715462914698811346e+03 2.783873211746704665e-05
3.717320646156160365e+03 2.805344078870588331e-05
3.719179306479238676e+03 2.828012069478841951e-05
3.721038896132477475e+03 2.851797080482908848e-05
3.722899415580543973e+03 2.876622167275221504e-05
3.724760865288333662e+03 2.902418919893901550e-05
3.726623245720978048e+03 2.929107599435994556e-05
3.728486557343837831e+03 2.956621199956610340e-05
3.730350800622510178e+03 2.984887108027251836e-05
3.732215976022820996e+03 3.013829722236713565e-05
3.734082084010832205e+03 3.043370944206183070e-05
3.735949125052837189e+03 3.073429626907275901e-05
3.737817099615363986e+03 3.103921673541679642e-05
3.739686008165170733e+03 3.134760456089042048e-05
3.741555851169253856e+03 3.165857834475407342e-05
3.743426629094838063e+03 3.197125731814972108e-05
3.745298342409384986e+03 3.228478456351456283e-05
3.747170991580589543e+03 3.259833070273993397e-05
3.749044577076379483e+03 3.291114176557216533e-05
3.750919099364917656e+03 3.322257451291518867e-05
3.752794558914600202e+03 3.353207417602013384e-05
3.754670956194056998e+03 3.383921625981026340e-05
3.756548291672153937e+03 3.414372584598540276e-05
3.758426565817989740e+03 3.444542091930371798e-05
3.760305779100898235e+03 3.474433832786484030e-05
3.762185931990448807e+03 3.504044062566171342e-05
3.764067024956443674e+03 3.533384389117373288e-05
3.765949058468921521e+03 3.562467279850383577e-05
3.767832032998155682e+03 3.591303901547747380e-05
3.769715949014654143e+03 3.619894122532324123e-05
3.771600806989161811e+03 3.648234187771830835e-05
3.773486607392655515e+03 3.676309828812723043e-05
3.775373350696352190e+03 3.704097739168636834e-05
3.777261037371700240e+03 3.731575918631386911e-05
3.779149667890386354e+03 3.758714931106572671e-05
3.781039242724330961e+03 3.785494206351478310e-05
3.782929762345693234e+03 3.811899778003120852e-05
3.784821227226865176e+03 3.837936707372609696e-05
3.786713637840478441e+03 3.863617730638936577e-05
3.788606994659398424e+03 3.888975236199582381e-05
3.790501298156727898e+03 3.914049913838263183e-05
3.792396548805805651e+03 3.938892930663123705e-05
3.794292747080208301e+03 3.963544078384153766e-05
3.796189893453748027e+03 3.988034499693119431e-05
3.798087988400474842e+03 4.012373195496883940e-05
3.799987032394674316e+03 4.036536133440040639e-05
3.801887025910872126e+03 4.060464870897869159e-05
3.803787969423827235e+03 4.084061160424350259e-05
3.805689863408538713e+03 4.107192770075706180e-05
3.807592708340243007e+03 4.129704229190423956e-05
3.809496504694413034e+03 4.151428712173502059e-05
3.811401252946759996e+03 4.172204600704202575e-05
3.813306953573232931e+03 4.191907604253454299e-05
3.815213607050018709e+03 4.210441530658223759e-05
3.817121213853543850e+03 4.227777128956824629e-05
3.819029774460470435e+03 4.243975721012598621e-05
3.820939289347701106e+03 4.259179927181213921e-05
3.822849758992374063e+03 4.273619840121752533e-05
3.824761183871869889e+03 4.287606256945402684e-05
3.826673564463806088e+03 4.301516659417650387e-05
3.828586901246037542e+03 4.315773219279539448e-05
3.830501194696660150e+03 4.330813537955236896e-05
3.832416445294008554e+03 4.347070557249031503e-05
3.834332653516654773e+03 4.364924121657809918e-05
3.836249819843413206e+03 4.384686288172460935e-05
3.838167944753334723e+03 4.406569031735008222e-05
3.840087028725711207e+03 4.430665185184892566e-05
3.842007072240074194e+03 4.456936146958112094e-05
3.843928075776193964e+03 4.485208951047785008e-05
3.845850039814081811e+03 4.515182098772821482e-05
3.847772964833988226e+03 4.546439172010882093e-05
3.849696851316405173e+03 4.578468654720382002e-05
3.851621699742063811e+03 4.610697257625291352e-05
3.853547510591934042e+03 4.642513808516918422e-05
3.855474284347229968e+03 4.673303924557295215e-05
3.857402021489403069e+03 4.702487613777299750e-05
3.859330722500147658e+03 4.729545847384996981e-05
3.861260387861397248e+03 4.754047225788680410e-05
3.863191018055327731e+03 4.775669146807349499e-05
3.865122613564355561e+03 4.794213302125465863e-05
3.867055174871137297e+03 4.809614053735995613e-05
3.868988702458572789e+03 4.821940515666233655e-05
3.870923196809801993e+03 4.831391733527238961e-05
3.872858658408206793e+03 4.838286442664885777e-05
3.874795087737410995e+03 4.843047255309336480e-05
3.876732485281279423e+03 4.846180857358886449e-05
3.878670851523920192e+03 4.848250698610051583e-05
3.880610186949681975e+03 4.849870186798156256e-05
3.882550492043156737e+03 4.851646960675879463e-05
3.884491767289178370e+03 4.854180871567549644e-05
3.886434013172822688e+03 4.858031915490721331e-05
3.888377230179408798e+03 4.863696333640183956e-05
3.890321418794497731e+03 4.871586654583660918e-05
3.892266579503894718e+03 4.882021940042252271e-05
3.894212712793646915e+03 4.895229367396925212e-05
3.896159819150043859e+03 4.911267242323308856e-05
3.898107899059617921e+03 4.930131115712849978e-05
3.900056953009147492e+03 4.951687666518021276e-05
3.902006981485651977e+03 4.975702236203051292e-05
3.903957984976394528e+03 5.001849810726484750e-05
3.905909963968882494e+03 5.029734171688042858e-05
3.907862918950866970e+03 5.058905964511182011e-05
3.909816850410342340e+03 5.088882458384757807e-05
3.911771758835547644e+03 5.119167912347286927e-05
3.913727644714964299e+03 5.149271797211448111e-05
3.915684508537322017e+03 5.178722080128945386e-05
3.917642350791590161e+03 5.207094221112007341e-05
3.919601171966986385e+03 5.234003046293747412e-05
3.921560972552969361e+03 5.259116587525194118e-05
3.923521753039245141e+03 5.282168370928756469e-05
3.925483513915764433e+03 5.302953084397916289e-05
3.927446255672722145e+03 5.321326383515034185e-05
3.929409978800558292e+03 5.337202238553347334e-05
3.931374683789958908e+03 5.350550066945441898e-05
3.933340371131853317e+03 5.361389904703442059e-05
3.935307041317419589e+03 5.369789330280937313e-05
3.937274694838077721e+03 5.375858786659581186e-05
3.939243332185496456e+03 5.379748062089338505e-05
3.941212953851589646e+03 5.381643139362686295e-05
3.943183560328514886e+03 5.381763081693637579e-05
3.945155152108678976e+03 5.380357104571394295e-05
3.947127729684733367e+03 5.377701362730440739e-05
3.949101293549575075e+03 5.374097023651895182e-05
3.951075844196349863e+03 5.369861239189487766e-05
3.953051382118448146e+03 5.365329399095188599e-05
3.955027907809506814e+03 5.360843711344859220e-05
3.957005421763411505e+03 5.356748997063024825e-05
3.958983924474292962e+03 5.353385367816693147e-05
3.960963416436529769e+03 5.351080667947706289e-05
3.962943898144747436e+03 5.350142657481671082e-05
3.964925370093820220e+03 5.350851566621056825e-05
3.966907832778866577e+03 5.353452738535849418e-05
3.968891286695255531e+03 5.358149337077067767e-05
3.970875732338603029e+03 5.365087522442588884e-05
3.972861170204771952e+03 5.374384806952684613e-05
3.974847600789873468e+03 5.386084323700167061e-05
3.976835024590267949e+03 5.400167198064513292e-05
3.978823442102563604e+03 5.416565396182610511e-05
3.980812853823614205e+03 5.435153218263891493e-05
3.982803260250526364e+03 5.455752121673566478e-05
3.984794661880650892e+03 5.478135824538486422e-05
3.986787059211590986e+03 5.502038436465358134e-05
3.988780452741196768e+03 5.527163581177822667e-05
3.990774842967567110e+03 5.553194776138247786e-05
3.992770230389050539e+03 5.579806444690334991e-05
3.994766615504244783e+03 5.606675370088401369e-05
3.996763998811997226e+03 5.633491533314508785e-05
3.998762380811402636e+03 5.659968329465437628e-05
4.000761762001808165e+03 5.685851364862767670e-05
4.002762142882808803e+03 5.710925250752223425e-05
4.004763523954249649e+03 5.735018441087452870e-05
4.006765905716226825e+03 5.758005796029979576e-05
4.008769288669085199e+03 5.779808815652595454e-05
4.010773673313419749e+03 5.800393741661871499e-05
4.012779060150076020e+03 5.819767852717211697e-05
4.014785449680151032e+03 5.837973807768981116e-05
4.016792842404991006e+03 5.855082128341538032e-05
4.018801238826193185e+03 5.871185749146283945e-05
4.020810639445606284e+03 5.886391377683782212e-05
4.022821044765328224e+03 5.900878177043471896e-05
4.024832455287710218e+03 5.914666888841424029e-05
4.026844871515354043e+03 5.927912886495118007e-05
4.028858293951111591e+03 5.940721842924831026e-05
4.030872723098087135e+03 5.953183432447877035e-05
4.032888159459635972e+03 5.965373912756876697e-05
4.034904603539365780e+03 5.977353495907910847e-05
4.036922055841134807e+03 5.989168831618695872e-05
4.038940516869055045e+03 6.000854893561398368e-05
4.040959987127489057e+03 6.012439030749196304e-05
4.042980467121052698e+03 6.023945998912956751e-05
4.045001957354612387e+03 6.035403966348749260e-05
4.047024458333290113e+03 6.046851761874442744e-05
4.049047970562456157e+03 6.058345515572953878e-05
4.051072494547737278e+03 6.069966127377564215e-05
4.053098030795011255e+03 6.081821561720987030e-05
4.055124579810407795e+03 6.094047191810443700e-05
4.057152142100312631e+03 6.106861399949811437e-05
4.059180718171362969e+03 6.120461867572084811e-05
4.061210308530448401e+03 6.135108739194645175e-05
4.063240913684712723e+03 6.151089110348727652e-05
4.065272534141555298e+03 6.168704087575095239e-05
4.067305170408625145e+03 6.188253560700342551e-05
4.069338822993830036e+03 6.210014799003474198e-05
4.071373492405326488e+03 6.234218922165853148e-05
4.073409179151528406e+03 6.261024658695265124e-05
4.075445883741104353e+03 6.290492031940730455e-05
4.077483606682974369e+03 6.322557918097640472e-05
4.079522348486315877e+03 6.357016372825269248e-05
4.081562109660558690e+03 6.393505952894879061e-05
4.083602890715389094e+03 6.431506544056095288e-05
4.085644692160746217e+03 6.470347357097653521e-05
4.087687514506826119e+03 6.509227026707034016e-05
4.089731358264079063e+03 6.547245840202992994e-05
4.091776223943210880e+03 6.583448469537641181e-05
4.093822112055182060e+03 6.616875260911440058e-05
4.095869023111209572e+03 6.646618752688605207e-05
4.097916957622765040e+03 6.671879038539760059e-05
4.099965916101576113e+03 6.692017126022193577e-05
4.102015899059626463e+03 6.706598295325135524e-05
4.104066907009156239e+03 6.715423316420886170e-05
4.106118940462660248e+03 6.718544026993381990e-05
4.108171999932891595e+03 6.716261937683839708e-05
4.110226085932858041e+03 6.709109685132993300e-05
4.112281198975823827e+03 6.697815977366785569e-05
4.114337339575311489e+03 6.683263399045041582e-05
4.116394508245098223e+03 6.666425646053532794e-05
4.118452705499221338e+03 6.648316220898954707e-05
4.120511931851970985e+03 6.629926984680760177e-05
4.122572187817896520e+03 6.612176433463429366e-05
4.124633473911804685e+03 6.595866408034364739e-05
4.126695790648760521e+03 6.581650428540659968e-05
4.128759138544083726e+03 6.570014897316546639e-05
4.130823518113355931e+03 6.561273341358208472e-05
4.132888929872413428e+03 6.555572492345880444e-05
4.134955374337348076e+03 6.552908279055410482e-05
4.137022852024517306e+03 6.553149251112753667e-05
4.139091363450529570e+03 6.556064361114254666e-05
4.141160909132254346e+03 6.561352625979097717e-05
4.143231489586820317e+03 6.568671971404439140e-05
4.145303105331613551e+03 6.577665408002324535e-05
4.147375756884279326e+03 6.587983070449943460e-05
4.149449444762720304e+03 6.599299184394431133e-05
4.151524169485101993e+03 6.611324023537062727e-05
4.153599931569844557e+03 6.623810960270081491e-05
4.155676731535628278e+03 6.636559011369868905e-05
4.157754569901396280e+03 6.649412085648469543e-05
4.159833447186347257e+03 6.662255391191750011e-05
4.161913363909940017e+03 6.675010343569553822e-05
4.163994320591894393e+03 6.687628428733084665e-05
4.166076317752190334e+03 6.700084814500323338e-05
4.168159355911066086e+03 6.712372474081265217e-05
4.170243435589020919e+03 6.724496700408557921e-05
4.172328557306815128e+03 6.736470509998744452e-05
4.174414721585468214e+03 6.748311096989468162e-05
4.176501928946260705e+03 6.760037068722972128e-05
4.178590179910733241e+03 6.771666525828163587e-05
4.180679475000689308e+03 6.783215913602695765e-05
4.182769814738189780e+03 6.794700020846968066e-05
4.184861199645558372e+03 6.806129750919967384e-05
4.186953630245380737e+03 6.817513783031467012e-05
4.189047107060502640e+03 6.828818241387819951e-05
4.191141630614032692e+03 6.840144040423837117e-05
4.193237201429339621e+03 6.851429493570623038e-05
4.195333820030054085e+03 6.862678360075027614e-05
4.197431486940069590e+03 6.873895518804362898e-05
4.199530202683539756e+03 6.885082629778218396e-05
4.201629967784881956e+03 6.896241289221212792e-05
4.203730782768773679e+03 6.907371960932761896e-05
4.205832648160157078e+03 6.918475306332390546e-05
4.207935564484237148e+03 6.929552202617961427e-05
4.210039532266479910e+03 6.940603925736036218e-05
4.212144552032612410e+03 6.951632246426030746e-05
4.214250624308628176e+03 6.962639257390445559e-05
4.216357749620782670e+03 6.973627635221784065e-05
4.218465928495592379e+03 6.984600604175331497e-05
4.220575161459840274e+03 6.995561757703545381e-05
4.222685449040570347e+03 7.006515521924725984e-05
4.224796791765090347e+03 7.017466935158950475e-05
4.226909190160972685e+03 7.028422211426997644e-05
4.229022644756053523e+03 7.039388734615158248e-05
4.231137156078431872e+03 7.050375566302332449e-05
4.233252724656470491e+03 7.061394949379123194e-05
4.235369351018798625e+03 7.072461396550961332e-05
4.237487035694307451e+03 7.083593848283224054e-05
4.239605779212154630e+03 7.094816922078927635e-05
4.241725582101760665e+03 7.106161847055400213e-05
4.243846444892810723e+03 7.117668844857943271e-05
4.245968368115256453e+03 7.129388621093937306e-05
4.248091352299314167e+03 7.141384973016336418e-05
4.250215397975463929e+03 7.153735807519342777e-05
4.252340505674451379e+03 7.166538857232347302e-05
4.254466675927288634e+03 7.179911048903539613e-05
4.256593909265251568e+03 7.194004117812738777e-05
4.258722206219883446e+03 7.208983641731761614e-05
4.260851567322993105e+03 7.225059370058746597e-05
4.262981993106654045e+03 7.242474737697729176e-05
4.265113484103207156e+03 7.261507258596380527e-05
4.267246040845258904e+03 7.282475650147152537e-05
4.269379663865681323e+03 7.305737020512774503e-05
4.271514353697613842e+03 7.331688581338969472e-05
4.273650110874462371e+03 7.360763692660075061e-05
4.275786935929899300e+03 7.393426781966642839e-05
4.277924829397863505e+03 7.430164875657354685e-05
4.280063791812562158e+03 7.471476730972265363e-05
4.282203823708468008e+03 7.517858325276402911e-05
4.284344925620321192e+03 7.569785820503282657e-05
4.286487098083131968e+03 7.627694709086043484e-05
4.288630341632173440e+03 7.691957696447589729e-05
4.290774656802989739e+03 7.762860227917749514e-05
4.292920044131390569e+03 7.840576368858764801e-05
4.295066504153455753e+03 7.925145011727871309e-05
4.297214037405532508e+03 8.016449431739899835e-05
4.299362644424234531e+03 8.114200602310875940e-05
4.301512325746446550e+03 8.217926940194956087e-05
4.303663081909319772e+03 8.326970828701301644e-05
4.305814913450273707e+03 8.440495121784095836e-05
4.307967820906998895e+03 8.557496418113654695e-05
4.310121804817453267e+03 8.676829296946550734e-05
4.312276865719860325e+03 8.797237741335061658e-05
4.314433004152720969e+03 8.917393156344703643e-05
4.316590220654796212e+03 9.035936729305112341e-05
4.318748515765123557e+03 9.151523024956647700e-05
4.320907890023006075e+03 9.262862162482695229e-05
4.323068343968016961e+03 9.368757042104976316e-05
4.325229878140001347e+03 9.468133229398762460e-05
4.327392493079070846e+03 9.560059405581847278e-05
4.329556189325609921e+03 9.643757094647108924e-05
4.331720967420272245e+03 9.718599756995081060e-05
4.333886827903982521e+03 9.784102308692312088e-05
4.336053771317933752e+03 9.839902970986970062e-05
4.338221798203592698e+03 9.885740713661570010e-05
4.340390909102693513e+03 9.921431386289724958e-05
4.342561104557245017e+03 9.946846165187455530e-05
4.344732385109523420e+03 9.961895439958860972e-05
4.346904751302076875e+03 9.966520357468780305e-05
4.349078203677728197e+03 9.960693470459662177e-05
4.351252742779566688e+03 9.944428556250413625e-05
4.353428369150956314e+03 9.917798357396164605e-05
4.355605083335530253e+03 9.880958082076971699e-05
4.357782885877199078e+03 9.834171511362414548e-05
4.359961777320137116e+03 9.777836284668638361e-05
4.362141758208797000e+03 9.712504713797245599e-05
4.364322829087901482e+03 9.638897129727881218e-05
4.366504990502445253e+03 9.557905314150303973e-05
4.368688242997696761e+03 9.470584739633778747e-05
4.370872587119195487e+03 9.378135543170585233e-05
4.373058023412754665e+03 9.281872892976610718e-05
4.375244552424460380e+03 9.183189124613598325e-05
4.377432174700672476e+03 9.083510044492999552e-05
4.379620890788022734e+03 8.984248492600078746e-05
4.381810701233415784e+03 8.886758485781765427e-05
4.384001606584032743e+03 8.792292399981336518e-05
4.386193607387324846e+03 8.701963632673041782e-05
4.388386704191017998e+03 8.616730166978370708e-05
4.390580897543113679e+03 8.537361392685248126e-05
4.392776187991885308e+03 8.464433405734427115e-05
4.394972576085880974e+03 8.398331555843466017e-05
4.397170062373923429e+03 8.339257500938078492e-05
4.399368647405110096e+03 8.287244069823917461e-05
4.401568331728812154e+03 8.242174927930588006e-05
4.403769115894676361e+03 8.203807827861731505e-05
4.405971000452623230e+03 8.171798750640062994e-05
4.408173985952850671e+03 8.145726357442862958e-05
4.410378072945825807e+03 8.125114539985492856e-05
4.412583261982297699e+03 8.109453048961552614e-05
4.414789553613288263e+03 8.098214298456821441e-05
4.416996948390095895e+03 8.090867884444740278e-05
4.419205446864290934e+03 8.086890640268295692e-05
4.421415049587722024e+03 8.085774913199734960e-05
4.423625757112516112e+03 8.087033434837814284e-05
4.425837569991072087e+03 8.090203735425821499e-05
4.428050488776068050e+03 8.094847753887737677e-05
4.430264514020455863e+03 8.100557090205188463e-05
4.432479646277465690e+03 8.106946039426609241e-05
4.434695886100603275e+03 8.113675718645411126e-05
4.436913234043653574e+03 8.120430244251112975e-05
4.439131690660674394e+03 8.126939736882100493e-05
4.441351256506004574e+03 8.132985062876178458e-05
4.443571932134257622e+03 8.138397821900913553e-05
4.445793718100324440e+03 8.143069958526299524e-05
4.448016614959374238e+03 8.146956134943724554e-05
4.450240623266854527e+03 8.150078594782833282e-05
4.452465743578487491e+03 8.152527580595109223e-05
4.454691976450276343e+03 8.154459072053381243e-05
4.456919322438501695e+03 8.156088008993967169e-05
4.459147782099720644e+03 8.157678098396976189e-05
4.461377355990770411e+03 8.159527359854572271e-05
4.463608044668764705e+03 8.161951550767675362e-05
4.465839848691099178e+03 8.165264312446375561e-05
4.468072768615444147e+03 8.169757692097555195e-05
4.470306804999751876e+03 8.175682446579673503e-05
4.472541958402251112e+03 8.183231330263388914e-05
4.474778229381451638e+03 8.192525310728999532e-05
4.477015618496142451e+03 8.203605114279542796e-05
4.479254126305389946e+03 8.216427761242979728e-05
4.481493753368541547e+03 8.230869435639446966e-05
4.483734500245226627e+03 8.246732625369155168e-05
4.485976367495349223e+03 8.263760224345438100e-05
4.488219355679096225e+03 8.281651021411584428e-05
4.490463465356936467e+03 8.300078648790821807e-05
4.492708697089614361e+03 8.318711030873275787e-05
4.494955051438158989e+03 8.337228908346574357e-05
4.497202528963877739e+03 8.355342346444352838e-05
4.499451130228359034e+03 8.372803906990483158e-05
4.501700855793473238e+03 8.389417919875012458e-05
4.503951706221369932e+03 8.405045581696905907e-05
4.506203682074480639e+03 8.419605902896401344e-05
4.508456783915517008e+03 8.433072878732439414e-05
4.510711012307474448e+03 8.445469661032759662e-05
4.512966367813627585e+03 8.456860485812928857e-05
4.515222850997534806e+03 8.467341382330436652e-05
4.517480462423032805e+03 8.477030246425140204e-05
4.519739202654243854e+03 8.486057358308736877e-05
4.521999072255570354e+03 8.494556767787299182e-05
4.524260071791698465e+03 8.502658986436249593e-05
4.526522201827594472e+03 8.510485286149634078e-05
4.528785462928507513e+03 8.518143671614596287e-05
4.531049855659971399e+03 8.525726346923476510e-05
4.533315380587801883e+03 8.533308692652316716e-05
4.535582038278094842e+03 8.540949355977101032e-05
4.537849829297233555e+03 8.548691247766207479e-05
4.540118754211882333e+03 8.556563101256400340e-05
4.542388813588987432e+03 8.564581604989977099e-05
4.544660007995782507e+03 8.572753396164997522e-05
4.546932337999781339e+03 8.581077324131549343e-05
4.549205804168780560e+03 8.589546407573984911e-05
4.551480407070864203e+03 8.598149619336896085e-05
4.553756147274400064e+03 8.606873457597451432e-05
4.556033025348036972e+03 8.615703195386859633e-05
4.558311041860711157e+03 8.624623857268888083e-05
4.560590197381641701e+03 8.633621027462031524e-05
4.562870492480332359e+03 8.642681477722873398e-05
4.565151927726572467e+03 8.651793780419699529e-05
4.567434503690435122e+03 8.660948928475132951e-05
4.569718220942279913e+03 8.670132153286934894e-05
4.572003080052751102e+03 8.679338224064987901e-05
4.574289081592776711e+03 8.688563239315983051e-05
4.576576226133573073e+03 8.697802574994944753e-05
4.578864514246639374e+03 8.707052547681039853e-05
4.581153946503762199e+03 8.716310445869934569e-05
4.583444523477013718e+03 8.725574241115233404e-05
4.585736245738752586e+03 8.734842462507880993e-05
4.588029113861622136e+03 8.744113958540596966e-05
4.590323128418553097e+03 8.753387865501951472e-05
4.592618289982762690e+03 8.762663436762215712e-05
4.594914599127753718e+03 8.771940148334943276e-05
4.597212056427317293e+03 8.781217451224810949e-05
4.599510662455531019e+03 8.790495132120557174e-05
4.601810417786758990e+03 8.799773199634433488e-05
4.604111322995650880e+03 8.809052056819857896e-05
4.606413378657149224e+03 8.818332593342528825e-05
4.608716585346477586e+03 8.827616325760976235e-05
4.611020943639150573e+03 8.836905498091121559e-05
4.613326454110970190e+03 8.846203210547384560e-05
4.615633117338025841e+03 8.855513464805013729e-05
4.617940933896694332e+03 8.864841222583393489e-05
4.620249904363641690e+03 8.874192258827222715e-05
4.622560029315824067e+03 8.883572803917588756e-05
4.624871309330480472e+03 8.892991357187571668e-05
4.627183744985146404e+03 8.902456593015379367e-05
4.629497336857638402e+03 8.911977364082872537e-05
4.631812085526067676e+03 8.921563116681850898e-05
4.634127991568829202e+03 8.931223418419520347e-05
4.636445055564613540e+03 8.940967661396237876e-05
4.638763278092395012e+03 8.950804596022107296e-05
4.641082659731440799e+03 8.960741891946611716e-05
4.643403201061306390e+03 8.970785605171340286e-05
4.645724902661836495e+03 8.980939614905832048e-05
4.648047765113167770e+03 8.991204955387600611e-05
4.650371788995723364e+03 9.001579244768873847e-05
4.652696974890221099e+03 9.012055975080260502e-05
4.655023323377666202e+03 9.022623942891395076e-05
4.657350835039354934e+03 9.033266802059289129e-05
4.659679510456874596e+03 9.043962668968970450e-05
4.662009350212102618e+03 9.054683958593033025e-05
4.664340354887207468e+03 9.065397524697383627e-05
4.666672525064651381e+03 9.076065048535700383e-05
4.669005861327183084e+03 9.086643841364659354e-05
4.671340364257846886e+03 9.097087893440907803e-05
4.673676034439974501e+03 9.107349521393802634e-05
4.676012872457195044e+03 9.117381101915606465e-05
4.678350878893423214e+03 9.127137247376947984e-05
4.680690054332868385e+03 9.136577100259632466e-05
4.683030399360034608e+03 9.145666716633046845e-05
4.685371914559714241e+03 9.154381300651442011e-05
4.687714600516994324e+03 9.162707190759017493e-05
4.690058457817252929e+03 9.170643369758058072e-05
4.692403487046161899e+03 9.178202345841210267e-05
4.694749688789684114e+03 9.185410333532047602e-05
4.697097063634078950e+03 9.192306556832272426e-05
4.699445612165895909e+03 9.198941734842975778e-05
4.701795334971978264e+03 9.205375680552298884e-05
4.704146232639463960e+03 9.211674395182837454e-05
4.706498305755783804e+03 9.217906497833981987e-05
4.708851554908660546e+03 9.224139559108388399e-05
4.711205980686115254e+03 9.230436355122834959e-05
4.713561583676458213e+03 9.236851598188759510e-05
4.715918364468296204e+03 9.243429097462569049e-05
4.718276323650530685e+03 9.250200000337763164e-05
4.720635461812355970e+03 9.257181706200636937e-05
4.722995779543261051e+03 9.264378269720322011e-05
4.725357277433032323e+03 9.271781357981075328e-05
4.727719956071749039e+03 9.279372943569032077e-05
4.730083816049784218e+03 9.287127870299092831e-05
4.732448857957808286e+03 9.295018283794276651e-05
4.734815082386787253e+03 9.303017152857742916e-05
4.737182489927979987e+03 9.311103488656422879e-05
4.739551081172943668e+03 9.319265997821182259e-05
4.741920856713529247e+03 9.327508721825641122e-05
4.744291817141886895e+03 9.335854159233052238e-05
4.746663963050456914e+03 9.344348912676950279e-05
4.749037295031982467e+03 9.353066843665529088e-05
4.751411813679497754e+03 9.362115071644189397e-05
4.753787519586337112e+03 9.371637489812984217e-05
4.756164413346130459e+03 9.381821773076927493e-05
4.758542495552804212e+03 9.392903129453394158e-05
4.760921766800580372e+03 9.405173414584876591e-05
4.763302227683980163e+03 9.418989813379085175e-05
4.765683878797821308e+03 9.434796130085094294e-05
4.768066720737220749e+03 9.453094039778314099e-05
4.770450754097588288e+03 9.474507473360283926e-05
4.772835979474637497e+03 9.499761460440192984e-05
4.775222397464374808e+03 9.529704109960404558e-05
4.777610008663106782e+03 9.565307397927513963e-05
4.779998813667437389e+03 9.607685752062105982e-05
4.782388813074270729e+03 9.658094317721639568e-05
4.784780007480808308e+03 9.717933923316183760e-05
4.787172397484549037e+03 9.788746200675989577e-05
4.789565983683290142e+03 9.872200003751855301e-05
4.791960766675132618e+03 9.970073087022517805e-05
4.794356747058469409e+03 1.008422117686685133e-04
4.796753925431999050e+03 1.021653985561852830e-04
4.799152302394714752e+03 1.036891364073314645e-04
4.801551878545911677e+03 1.054315674552522758e-04
4.803952654485183302e+03 1.074094266902693678e-04
4.806354630812425967e+03 1.096372770754061918e-04
4.808757808127832504e+03 1.121266750340352915e-04
4.811162187031895883e+03 1.148853265347609092e-04
4.813567768125411021e+03 1.179162474627981513e-04
4.815974552009472973e+03 1.212169768411190473e-04
4.818382539285477833e+03 1.247789208187280745e-04
4.820791730555120012e+03 1.285868238616467421e-04
4.823202126420397690e+03 1.326184258940993484e-04
4.825613727483607363e+03 1.368443596343559389e-04
4.828026534347349298e+03 1.412282949920262189e-04
4.830440547614522984e+03 1.457273507658229993e-04
4.832855767888329865e+03 1.502927599808149097e-04
4.835272195772274245e+03 1.548707884140771199e-04
4.837689831870159651e+03 1.594038619752239099e-04
4.840108676786095202e+03 1.638318635482392609e-04
4.842528731124488331e+03 1.680935456779157676e-04
4.844949995490050242e+03 1.721279997256226259e-04
4.847372470487794089e+03 1.758761237487328809e-04
4.849796156723038621e+03 1.792820316510425273e-04
4.852221054801399077e+03 1.822943568572722207e-04
4.854647165328799019e+03 1.848674125993054335e-04
4.857074488911463050e+03 1.869621808995028053e-04
4.859503026155918633e+03 1.885471167628936611e-04
4.861932777668997005e+03 1.895987659280702316e-04
4.864363744057831354e+03 1.901021736541536554e-04
4.866795925929860459e+03 1.900511492426351233e-04
4.869229323892825050e+03 1.894483242563191621e-04
4.871663938554770539e+03 1.883050601794397671e-04
4.874099770524048836e+03 1.866411931098883815e-04
4.876536820409310167e+03 1.844846193382043426e-04
4.878975088819514895e+03 1.818707239982222327e-04
4.881414576363924425e+03 1.788416497723470974e-04
4.883855283652105754e+03 1.754454104688772426e-04
4.886297211293931468e+03 1.717348561770332615e-04
4.888740359899578834e+03 1.677665059864463922e-04
4.891184730079527981e+03 1.635992712271300872e-04
4.893630322444568264e+03 1.592931057466213333e-04
4.896077137605790085e+03 1.549076249121588301e-04
4.898525176174592161e+03 1.505007416674129220e-04
4.900974438762679711e+03 1.461273747301992281e-04
4.903424925982061723e+03 1.418382774288110503e-04
4.905876638445051867e+03 1.376790383634900455e-04
4.908329576764273952e+03 1.336892973110788191e-04
4.910783741552656466e+03 1.299021522922680068e-04
4.913239133423432577e+03 1.263438953757401373e-04
4.915695752990143774e+03 1.230339212079955863e-04
4.918153600866638953e+03 1.199848900916514346e-04
4.920612677667071694e+03 1.172031358793740324e-04
4.923072984005904800e+03 1.146892398740257524e-04
4.925534520497908488e+03 1.124386433082761526e-04
4.927997287758156745e+03 1.104424601978903312e-04
4.930461286402036421e+03 1.086883037124973582e-04
4.932926517045236324e+03 1.071610990077115474e-04
4.935392980303759032e+03 1.058438848852801586e-04
4.937860676793910898e+03 1.047185375854256745e-04
4.940329607132307501e+03 1.037664373569840119e-04
4.942799771935873650e+03 1.029690145496527792e-04
4.945271171821840653e+03 1.023082192881644874e-04
4.947743807407751774e+03 1.017668628912289164e-04
4.950217679311454958e+03 1.013288871595278908e-04
4.952692788151111017e+03 1.009795186290569468e-04
4.955169134545185443e+03 1.007053723456826397e-04
4.957646719112458413e+03 1.004944491535222131e-04
4.960125542472013876e+03 1.003361026682317547e-04
4.962605605243249556e+03 1.002208985614916787e-04
4.965086908045871496e+03 1.001408284775791020e-04
4.967569451499894058e+03 1.000886724629760044e-04
4.970053236225644469e+03 1.000582947961280704e-04
4.972538262843756456e+03 1.000443895212578657e-04
4.975024531975178434e+03 1.000424590784852031e-04
4.977512044241165313e+03 1.000486227450751812e-04
4.980000800263286692e+03 1.000596324924261081e-04
4.982490800663417758e+03 1.000727834159000231e-04
4.984982046063749294e+03 1.000859036870220385e-04
4.987474537086781311e+03 1.000973566251638352e-04
4.989968274355323956e+03 1.001060210151045939e-04
4.992463258492501154e+03 1.001113011721849465e-04
4.994959490121747876e+03 1.001131011432745369e-04
4.997456969866807412e+03 1.001118112673459896e-04
4.999955698351740466e+03 1.001082562066833351e-04
5.002455676200915150e+03 1.001036410742075269e-04
5.004956904039015171e+03 1.000994574772430231e-04
5.007459382491034376e+03 1.000973876110543921e-04
5.009963112182279474e+03 1.000991805395738828e-04
5.012468093738370953e+03 1.001065325613797140e-04
5.014974327785240348e+03 1.001209599112557987e-04
5.017481814949132058e+03 1.001436912358835208e-04
5.019990555856606079e+03 1.001755735148819972e-04
5.022500551134534362e+03 1.002170108693705954e-04
5.025011801410100816e+03 1.002679321159698797e-04
5.027524307310805852e+03 1.003277962720963587e-04
5.030038069464460932e+03 1.003956277534950094e-04
5.032553088499193109e+03 1.004700898669864300e-04
5.035069365043442303e+03 1.005495721594172999e-04
5.037586899725963121e+03 1.006322982262075041e-04
5.040105693175825763e+03 1.007164374173981494e-04
5.042625746022413296e+03 1.008002139586672139e-04
5.045147058895424379e+03 1.008820029208438925e-04
5.047669632424872361e+03 1.009604083303958179e-04
5.050193467241084363e+03 1.010343189025946615e-04
5.052718563974704011e+03 1.011029386397947099e-04
5.055244923256690527e+03 1.011657934762960728e-04
5.057772545718318725e+03 1.012227166175681028e-04
5.060301431991177196e+03 1.012738159399380691e-04
5.062831582707171947e+03 1.013194261157066408e-04
5.065362998498525485e+03 1.013600691024869486e-04
5.067895679997775005e+03 1.013963771541728044e-04
5.070429627837773296e+03 1.014290579439398150e-04
5.072964842651692379e+03 1.014588396275463260e-04
5.075501325073017142e+03 1.014864340160800846e-04
5.078039075735553524e+03 1.015125031275474637e-04
5.080578095273421241e+03 1.015376388382546627e-04
5.083118384321057420e+03 1.015623495142187427e-04
5.085659943513217513e+03 1.015870548361990055e-04
5.088202773484974387e+03 1.016120861995227552e-04
5.090746874871716500e+03 1.016376919293063074e-04
5.093292248309152455e+03 1.016640460427433292e-04
5.095838894433306450e+03 1.016912582361291755e-04
5.098386813880522823e+03 1.017193844726972023e-04
5.100936007287462417e+03 1.017484375262232073e-04
5.103486475291106217e+03 1.017783966215714150e-04
5.106038218528751713e+03 1.018092159406694804e-04
5.108591237638015627e+03 1.018408311637691318e-04
5.111145533256833914e+03 1.018731600680485835e-04
5.113701106023461762e+03 1.019061343001338629e-04
5.116257956576472679e+03 1.019396558066248943e-04
5.118816085554761230e+03 1.019736372120828437e-04
5.121375493597539389e+03 1.020079990125168909e-04
5.123936181344338365e+03 1.020426470831863600e-04
5.126498149435009509e+03 1.020774696274647701e-04
5.129061398509727042e+03 1.021124085416632823e-04
5.131625929208981688e+03 1.021473966866577073e-04
5.134191742173585226e+03 1.021823660801841703e-04
5.136758838044672302e+03 1.022172561323690448e-04
5.139327217463694069e+03 1.022520147119329755e-04
5.141896881072426368e+03 1.022865989541858663e-04
5.144467829512961544e+03 1.023209758314736601e-04
5.147040063427718451e+03 1.023551221950070884e-04
5.149613583459430629e+03 1.023890248062674172e-04
5.152188390251160854e+03 1.024226799300224033e-04
5.154764484446286588e+03 1.024560928303964422e-04
5.157341866688509981e+03 1.024892741286545506e-04
5.159920537621853327e+03 1.025222420694507121e-04
5.162500497890664519e+03 1.025550178075095459e-04
5.165081748139609772e+03 1.025876243049607135e-04
5.167664289013679991e+03 1.026200841591237516e-04
5.170248121158186223e+03 1.026524179834137828e-04
5.172833245218765114e+03 1.026846421270744756e-04
5.175419661841374364e+03 1.027167678904559171e-04
5.178007371672295449e+03 1.027488008532940263e-04
5.180596375358130899e+03 1.027807404597873726e-04
5.183186673545810663e+03 1.028125799828551764e-04
5.185778266882583011e+03 1.028443076117329405e-04
5.188371156016023633e+03 1.028759072456862986e-04
5.190965341594031997e+03 1.029073593506109769e-04
5.193560824264827716e+03 1.029386428717516376e-04
5.196157604676959636e+03 1.029697361259967027e-04
5.198755683479297659e+03 1.030006180924776819e-04
5.201355061321038193e+03 1.030312691937231224e-04
5.203955738851697788e+03 1.030616720004810262e-04
5.206557716721123143e+03 1.030918115401457323e-04
5.209160995579483824e+03 1.031216753536706151e-04
5.211765576077273181e+03 1.031512536384500346e-04
5.214371458865311070e+03 1.031805386036758988e-04
5.216978644594743855e+03 1.032095250973861394e-04
5.219587133917040774e+03 1.032382094076314701e-04
5.222196927483999389e+03 1.032665894352414982e-04
5.224808025947741044e+03 1.032946652407268345e-04
5.227420429960714500e+03 1.033224386690536755e-04
5.230034140175695029e+03 1.033499135034256569e-04
5.232649157245783499e+03 1.033770962781622104e-04
5.235265481824405470e+03 1.034039957845023537e-04
5.237883114565317555e+03 1.034306242782622132e-04
5.240502056122601061e+03 1.034569971357387856e-04
5.243122307150661072e+03 1.034831326015944302e-04
5.245743868304236457e+03 1.035090516798520765e-04
5.248366740238388047e+03 1.035347779801380633e-04
5.250990923608506819e+03 1.035603358790436853e-04
5.253616419070311167e+03 1.035857505029281740e-04
5.256243227279846906e+03 1.036110459521094352e-04
5.258871348893486356e+03 1.036362440064365111e-04
5.261500784567933806e+03 1.036613631516723711e-04
5.264131534960217323e+03 1.036864170203127415e-04
5.266763600727696030e+03 1.037114137782977415e-04
5.269396982528059198e+03 1.037363552771694840e-04
5.272031681019322605e+03 1.037612367150537117e-04
5.274667696859832176e+03 1.037860467149821824e-04
5.277305030708262166e+03 1.038107682290968705e-04
5.279943683223616063e+03 1.038353780163141715e-04
5.282583655065226594e+03 1.038598504725220473e-04
5.285224946892760272e+03 1.038841557914410509e-04
5.287867559366205569e+03 1.039082645405074555e-04
5.290511493145889290e+03 1.039321473022418088e-04
5.293156748892461110e+03 1.039557770283124511e-04
5.295803327266906308e+03 1.039791299067694389e-04
5.298451228930539401e+03 1.040021867564753811e-04
5.301100454545005050e+03 1.040249333583837779e-04
5.303751004772277156e+03 1.040473614696201205e-04
5.306402880274663403e+03 1.040694678518866358e-04
5.309056081714799802e+03 1.040912544671784384e-04
5.311710609755656151e+03 1.041127275358295635e-04
5.314366465060534210e+03 1.041338966693489604e-04
5.317023648293064070e+03 1.041547740149538210e-04
5.319682160117209605e+03 1.041753727988822977e-04
5.322342001197268473e+03 1.041957063135672457e-04
5.325003172197866661e+03 1.042157870472223209e-04
5.327665673783965758e+03 1.042356266944936702e-04
5.330329506620857501e+03 1.042552341679359206e-04
5.332994671374167410e+03 1.042746167250414629e-04
5.335661168709853882e+03 1.042937787609165109e-04
5.338328999294208188e+03 1.043127226382941475e-04
5.340998163793855383e+03 1.043314482674075153e-04
5.343668662875752489e+03 1.043499545393150081e-04
5.346340497207189401e+03 1.043682387678228563e-04
5.349013667455792529e+03 1.043862973197346279e-04
5.351688174289520248e+03 1.044041262586616596e-04
5.354364018376664717e+03 1.044217213577262058e-04
5.357041200385853699e+03 1.044390782020156443e-04
5.359719720986046013e+03 1.044561925297480078e-04
5.362399580846537901e+03 1.044730599824455521e-04
5.365080780636961208e+03 1.044896759446359118e-04
5.367763321027279744e+03 1.045060358038530653e-04
5.370447202687792924e+03 1.045221343927111793e-04
5.373132426289136674e+03 1.045379662869782130e-04
5.375818992502280707e+03 1.045535252523340587e-04
5.378506901998532157e+03 1.045688047314201650e-04
5.381196155449531034e+03 1.045837976123929742e-04
5.383886753527254768e+03 1.045984966967356385e-04
5.386578696904019125e+03 1.046128955713485195e-04
5.389271986252470924e+03 1.046269883148629430e-04
5.391966622245597136e+03 1.046407705444888525e-04
5.394662605556720337e+03 1.046542405258568318e-04
5.397359936859496884e+03 1.046673991249715365e-04
5.400058616827926926e+03 1.046802508500666783e-04
5.402758646136340758e+03 1.046928047323835608e-04
5.405460025459408826e+03 1.047050741982715177e-04
5.408162755472138087e+03 1.047170773314465514e-04
5.410866836849873835e+03 1.047288370581438182e-04
5.413572270268298780e+03 1.047403799084947897e-04
5.416279056403433060e+03 1.047517358582308492e-04
5.418987195931634233e+03 1.047629368019824204e-04
5.421696689529600008e+03 1.047740149799369111e-04
5.424407537874364607e+03 1.047850017860468223e-04
5.427119741643301495e+03 1.047959253843152254e-04
5.429833301514123377e+03 1.048068095983978424e-04
5.432548218164879472e+03 1.048176714839477326e-04
5.435264492273962787e+03 1.048285214162169725e-04
5.437982124520099205e+03 1.048393614088448308e-04
5.440701115582358398e+03 1.048501848981470461e-04
5.443421466140149278e+03 1.048609770032439683e-04
5.446143176873219090e+03 1.048717155665801845e-04
5.448866248461655232e+03 1.048823718117880668e-04
5.451590681585886159e+03 1.048929124249473759e-04
5.454316476926677751e+03 1.049033010826155263e-04
5.457043635165141495e+03 1.049135004641638612e-04
5.459772156982723573e+03 1.049234743263870173e-04
5.462502043061213953e+03 1.049331891425256229e-04
5.465233294082743669e+03 1.049426158128067936e-04
5.467965910729784810e+03 1.049517310539664188e-04
5.470699893685149618e+03 1.049605174762146409e-04
5.473435243631991398e+03 1.049689647761710372e-04
5.476171961253806330e+03 1.049770692199222962e-04
5.478910047234433478e+03 1.049848333603879637e-04
5.481649502258050234e+03 1.049922658269843671e-04
5.484390327009179600e+03 1.049993798866154666e-04
5.487132522172683821e+03 1.050061928343145738e-04
5.489876088433769837e+03 1.050127250650878481e-04
5.492621026477986561e+03 1.050189986930225570e-04
5.495367336991225784e+03 1.050250368627440227e-04
5.498115020659721267e+03 1.050308628541234265e-04
5.500864078170049652e+03 1.050364990873824941e-04
5.503614510209135005e+03 1.050419668022835209e-04
5.506366317464238819e+03 1.050472851646507894e-04
5.509119500622970008e+03 1.050524709293802186e-04
5.511874060373281281e+03 1.050575377512363970e-04
5.514629997403468224e+03 1.050624960861895477e-04
5.517387312402169300e+03 1.050673528509909002e-04
5.520146006058370403e+03 1.050721111154670739e-04
5.522906079061399396e+03 1.050767696335438072e-04
5.525667532100928838e+03 1.050813233293877513e-04
5.528430365866979628e+03 1.050857628843386419e-04
5.531194581049912813e+03 1.050900749525712747e-04
5.533960178340437778e+03 1.050942423168873608e-04
5.536727158429606789e+03 1.050982441763847076e-04
5.539495522008820444e+03 1.051020567661699144e-04
5.542265269769824954e+03 1.051056534478781818e-04
5.545036402404710316e+03 1.051090059392468422e-04
5.547808920605912135e+03 1.051120837985392129e-04
5.550582825066216174e+03 1.051148563975416511e-04
5.553358116478747434e+03 1.051172924869014827e-04
5.556134795536987440e+03 1.051193620004321744e-04
5.558912862934755140e+03 1.051210356250630382e-04
5.561692319366222364e+03 1.051222862338139683e-04
5.564473165525905642e+03 1.051230888476451593e-04
5.567255402108668022e+03 1.051234219097391229e-04
5.570039029809721796e+03 1.051232673727164180e-04
5.572824049324626685e+03 1.051226113666312305e-04
5.575610461349288016e+03 1.051214446728738117e-04
5.578398266579963092e+03 1.051197630262752820e-04
5.581187465713253005e+03 1.051175672701463602e-04
5.583978059446109000e+03 1.051148636012716003e-04
5.586770048475832482e+03 1.051116634374453789e-04
5.589563433500069550e+03 1.051079833295499698e-04
5.592358215216819190e+03 1.051038445506285009e-04
5.595154394324426903e+03 1.050992727378729808e-04
5.597951971521589257e+03 1.050942971682966370e-04
5.600750947507350247e+03 1.050889501564461785e-04
5.603551322981103112e+03 1.050832660660627060e-04
5.606353098642593977e+03 1.050772805252859132e-04
5.609156275191914574e+03 1.050710294524931219e-04
5.611960853329509519e+03 1.050645482773445957e-04
5.614766833756174492e+03 1.050578711205187851e-04
5.617574217173052602e+03 1.050510296398635693e-04
5.620383004281638932e+03 1.050440533790015287e-04
5.623193195783779629e+03 1.050369686657525651e-04
5.626004792381670995e+03 1.050297983014308195e-04
5.628817794777861309e+03 1.050225618636314520e-04
5.631632203675249912e+03 1.050152757494034916e-04
5.634448019777087211e+03 1.050079530120724485e-04
5.637265243786975589e+03 1.050006042104003446e-04
5.640083876408868491e+03 1.049932375619938422e-04
5.642903918347072249e+03 1.049858593450684376e-04
5.645725370306245168e+03 1.049784746748256875e-04
5.648548232991398436e+03 1.049710872570195301e-04
5.651372507107894307e+03 1.049637006116537798e-04
5.654198193361447011e+03 1.049563177241788514e-04
5.657025292458128206e+03 1.049489413238135599e-04
5.659853805104356979e+03 1.049415738923991623e-04
5.662683732006908940e+03 1.049342177136560448e-04
5.665515073872912581e+03 1.049268745288717280e-04
5.668347831409848368e+03 1.049195454559590353e-04
5.671182005325553291e+03 1.049122305758539705e-04
5.674017596328216314e+03 1.049049289268685426e-04
5.676854605126380193e+03 1.048976379811119452e-04
5.679693032428942388e+03 1.048903535777003014e-04
5.682532878945157790e+03 1.048830698521473870e-04
5.685374145384629628e+03 1.048757790752799166e-04
5.688216832457322198e+03 1.048684717196501166e-04
5.691060940873549953e+03 1.048611362290750561e-04
5.693906471343987505e+03 1.048537595078106956e-04
5.696753424579658713e+03 1.048463272841434633e-04
5.699601801291948505e+03 1.048388240167129109e-04
5.702451602192594692e+03 1.048312333578242341e-04
5.705302827993689789e+03 1.048235385174220571e-04
5.708155479407687380e+03 1.048157224382410574e-04
5.711009557147390296e+03 1.048077686478649900e-04
5.713865061925962436e+03 1.047996616052733173e-04
5.716721994456926041e+03 1.047913874949048496e-04
5.719580355454153505e+03 1.047829351186126308e-04
5.722440145631881023e+03 1.047742967750428511e-04
5.725301365704696764e+03 1.047654696356307356e-04
5.728164016387548145e+03 1.047564579039976897e-04
5.731028098395741836e+03 1.047472743182738578e-04
5.733893612444939208e+03 1.047379437466542404e-04
5.736760559251160885e+03 1.047285061295312887e-04
5.739628939530786738e+03 1.047190206834369897e-04
5.742498754000551344e+03 1.047095709315942411e-04
5.745370003377551257e+03 1.047002710341194613e-04
5.748242688379239553e+03 1.046912724131867257e-04
5.751116809723429469e+03 1.046827722416968976e-04
5.753992368128290764e+03 1.046750204071151896e-04
5.756869364312354264e+03 1.046683220872534286e-04
5.759747798994510049e+03 1.046630376951130872e-04
5.762627672894006537e+03 1.046595646468225188e-04
5.765508986730453216e+03 1.046585070992894258e-04
5.768391741223817007e+03 1.046605609022785937e-04
5.771275937094428627e+03 1.046664420987837736e-04
5.774161575062975317e+03 1.046769791083891312e-04
5.777048655850507203e+03 1.046931072761319426e-04
5.779937180178431845e+03 1.047158522420109470e-04
5.782827148768520601e+03 1.047463100199249366e-04
5.785718562342904988e+03 1.047856206946977544e-04
5.788611421624075774e+03 1.048349325396409458e-04
5.791505727334887524e+03 1.048953534916963410e-04
5.794401480198554964e+03 1.049678935177959663e-04
5.797298680938653888e+03 1.050533939095544823e-04
5.800197330279123889e+03 1.051524486549796353e-04
5.803097428944262901e+03 1.052653181239525306e-04
5.805998977658734475e+03 1.053918420171151657e-04
5.808901977147564139e+03 1.055313547220426766e-04
5.811806428136138493e+03 1.056826126480616448e-04
5.814712331350205204e+03 1.058437402174753641e-04
5.817619687515880287e+03 1.060122044218759525e-04
5.820528497359638095e+03 1.061848259227666326e-04
5.823438761608316781e+03 1.063578349118156395e-04
5.826350480989121024e+03 1.065269758133362656e-04
5.829263656229614753e+03 1.066876641192000260e-04
5.832178288057729333e+03 1.068351907894650807e-04
5.835094377201758107e+03 1.069649687586275450e-04
5.838011924390358217e+03 1.070728064525340730e-04
5.840930930352553332e+03 1.071551918278814466e-04
5.843851395817730008e+03 1.072095638219906110e-04
5.846773321515638600e+03 1.072345475968839313e-04
5.849696708176395987e+03 1.072301283678126106e-04
5.852621556530483758e+03 1.071977423182623708e-04
5.855547867308749119e+03 1.071402677229907298e-04
5.858475641242402162e+03 1.070619069844055998e-04
5.861404879063023145e+03 1.069679601087292355e-04
5.864335581502553396e+03 1.068645005904000228e-04
5.867267749293304405e+03 1.067579752402717257e-04
5.870201383167951462e+03 1.066547576553990171e-04
5.873136483859535474e+03 1.065606919258697051e-04
5.876073052101464782e+03 1.064806659885029225e-04
5.879011088627515164e+03 1.064182523394296487e-04
5.881950594171828016e+03 1.063754486284168024e-04
5.884891569468913985e+03 1.063525420728370985e-04
5.887834015253647522e+03 1.063481096527392461e-04
5.890777932261273236e+03 1.063591534143603468e-04
5.893723321227404085e+03 1.063813569410330560e-04
5.896670182888018644e+03 1.064094385797127122e-04
5.899618517979462013e+03 1.064375682341839200e-04
5.902568327238452184e+03 1.064598095178505581e-04
5.905519611402070041e+03 1.064705493045023312e-04
5.908472371207771175e+03 1.064648791897427531e-04
5.911426607393374070e+03 1.064389010846437765e-04
5.914382320697071009e+03 1.063899365071227873e-04
5.917339511857418984e+03 1.063166312682216591e-04
5.920298181613346969e+03 1.062189566580207776e-04
5.923258330704154105e+03 1.060981164649125969e-04
5.926219959869506056e+03 1.059563779727576389e-04
5.929183069849439562e+03 1.057968479483443948e-04
5.932147661384364255e+03 1.056232178399384451e-04
5.935113735215055385e+03 1.054395014582010584e-04
5.938081292082662912e+03 1.052497854842608134e-04
5.941050332728703324e+03 1.050580090482121538e-04
5.944020857895067820e+03 1.048677838998393792e-04
5.946992868324014125e+03 1.046822616002613624e-04
5.949966364758175587e+03 1.045040487582803190e-04
5.952941347940555715e+03 1.043351677267149866e-04
5.955917818614524549e+03 1.041770577068422366e-04
5.958895777523831384e+03 1.040306076942289546e-04
5.961875225412593863e+03 1.038962133071685281e-04
5.964856163025298883e+03 1.037738487500262588e-04
5.967838591106811691e+03 1.036631470116928312e-04
5.970822510402364969e+03 1.035634800071074237e-04
5.973807921657565203e+03 1.034740354567402785e-04
5.976794825618394498e+03 1.033938858817150621e-04
5.979783223031203306e+03 1.033220472596544531e-04
5.982773114642718610e+03 1.032575268863425162e-04
5.985764501200038467e+03 1.031993605514768572e-04
5.988757383450638372e+03 1.031466391809293947e-04
5.991751762142363077e+03 1.030985276742672990e-04
5.994747638023433865e+03 1.030542784749463966e-04
5.997745011842444910e+03 1.030132367545741681e-04
6.000743884348366009e+03 1.029748479716567394e-04
6.003744256290539852e+03 1.029385341372960889e-04
6.006746128418683838e+03 1.029038502953551903e-04
6.009749501482893720e+03 1.028704987197753931e-04
6.012754376233633593e+03 1.028382030762645924e-04
6.015760753421750451e+03 1.028067214293886585e-04
6.018768633798461451e+03 1.027758535634541070e-04
6.021778018115360283e+03 1.027454386403980175e-04
6.024788907124417165e+03 1.027153471076532840e-04
6.027801301577978847e+03 1.026854756083583577e-04
6.030815202228768612e+03 1.026557421272504664e-04
6.033830609829882633e+03 1.026260810673413737e-04
6.036847525134797252e+03 1.025964404635901667e-04
6.039865948897364433e+03 1.025667788532255595e-04
6.042885881871812671e+03 1.025370634504462971e-04
6.045907324812748811e+03 1.025072680656112121e-04
6.048930278475154410e+03 1.024773720889679015e-04
6.051954743614391191e+03 1.024473591324290804e-04
6.054980720986198321e+03 1.024172165895570995e-04
6.058008211346691496e+03 1.023869348390358722e-04
6.061037215452364762e+03 1.023565068895901912e-04
6.064067734060090515e+03 1.023259278117133160e-04
6.067099767927120411e+03 1.022951945331695571e-04
6.070133317811082634e+03 1.022643054090886799e-04
6.073168384469988268e+03 1.022332599478031732e-04
6.076204968662224019e+03 1.022020585239828282e-04
6.079243071146554030e+03 1.021707019248430304e-04
6.082282692682127163e+03 1.021391910002717568e-04
6.085323834028467900e+03 1.021075264731428081e-04
6.088366495945481802e+03 1.020757085527224231e-04
6.091410679193453689e+03 1.020437368900501172e-04
6.094456384533050368e+03 1.020116102061150847e-04
6.097503612725316998e+03 1.019793267110301175e-04
6.100552364531678904e+03 1.019468836134145500e-04
6.103602640713944311e+03 1.019142777714558072e-04
6.106654442034301610e+03 1.018815056969739021e-04
6.109707769255317544e+03 1.018485639202589368e-04
6.112762623139945390e+03 1.018154495269051881e-04
6.115819004451515866e+03 1.017821604671195816e-04
6.118876913953739859e+03 1.017486958672283168e-04
6.121936352410717518e+03 1.017150565312642188e-04
6.124997320586921887e+03 1.016812453230629210e-04
6.128059819247215273e+03 1.016472674745359800e-04
6.131123849156838332e+03 1.016131305383218014e-04
6.134189411081416438e+03 1.015788447397833407e-04
6.137256505786956950e+03 1.015444230853552044e-04
6.140325134039850127e+03 1.015098809977719747e-04
6.143395296606870943e+03 1.014752362781507449e-04
6.146466994255173631e+03 1.014405087270365755e-04
6.149540227752300780e+03 1.014057197159804662e-04
6.152614997866176964e+03 1.013708919503554669e-04
6.155691305365108747e+03 1.013360483618805607e-04
6.158769151017791955e+03 1.013012118229274282e-04
6.161848535593299857e+03 1.012664044622556552e-04
6.164929459861094983e+03 1.012316465940881475e-04
6.168011924591025490e+03 1.011969563885799017e-04
6.171095930553320613e+03 1.011623489117503268e-04
6.174181478518597032e+03 1.011278358083428337e-04
6.177268569257855233e+03 1.010934245666565603e-04
6.180357203542484058e+03 1.010591188047635082e-04
6.183447382144255243e+03 1.010249182364988003e-04
6.186539105835326154e+03 1.009908184350254200e-04
6.189632375388243418e+03 1.009568115428461488e-04
6.192727191575937468e+03 1.009228865053226080e-04
6.195823555171725275e+03 1.008890302046371067e-04
6.198921466949310343e+03 1.008552278232645761e-04
6.202020927682784531e+03 1.008214637109833105e-04
6.205121938146626235e+03 1.007877218648887963e-04
6.208224499115699473e+03 1.007539865629490807e-04
6.211328611365256620e+03 1.007202427047328554e-04
6.214434275670939314e+03 1.006864757574977063e-04
6.217541492808774819e+03 1.006526717218098055e-04
6.220650263555178753e+03 1.006188169074415990e-04
6.223760588686956908e+03 1.005848971090134299e-04
6.226872468981300699e+03 1.005508969386538200e-04
6.229985905215790808e+03 1.005167988814692216e-04
6.233100898168398089e+03 1.004825823435610594e-04
6.236217448617481750e+03 1.004482228888578673e-04
6.239335557341790263e+03 1.004136914855439840e-04
6.242455225120460454e+03 1.003789535268310274e-04
6.245576452733021142e+03 1.003439688824679736e-04
6.248699240959386771e+03 1.003086914792421268e-04
6.251823590579865595e+03 1.002730702945566681e-04
6.254949502375156044e+03 1.002370493797202794e-04
6.258076977126343081e+03 1.002005697466991157e-04
6.261206015614905482e+03 1.001635706481582533e-04
6.264336618622712194e+03 1.001259917849430523e-04
6.267468786932023249e+03 1.000877755411926052e-04
6.270602521325488851e+03 1.000488689236141610e-04
6.273737822586151196e+03 1.000092274781101578e-04
6.276874691497444473e+03 9.996881605617885156e-05
6.280013128843193044e+03 9.992761241529914411e-05
6.283153135407614172e+03 9.988560780348280628e-05
6.286294711975318023e+03 9.984280877178395729e-05
6.289437859331305845e+03 9.979923750402371562e-05
6.292582578260970877e+03 9.975493189547134706e-05
6.295728869550101081e+03 9.970994410829816244e-05
6.298876733984875500e+03 9.966433951799551845e-05
6.302026172351867899e+03 9.961819413814179496e-05
6.305177185438043125e+03 9.957159184781206435e-05
6.308329774030760746e+03 9.952462141264339284e-05
6.311483938917775959e+03 9.947737340411888735e-05
6.314639680887235045e+03 9.942993667891441710e-05
6.317797000727678096e+03 9.938239596843043979e-05
6.320955899228040835e+03 9.933482852611358294e-05
6.324116377177654613e+03 9.928730266725735931e-05
6.327278435366242775e+03 9.923987605175231650e-05
6.330442074583926114e+03 9.919259490411331160e-05
6.333607295621217418e+03 9.914549386696766661e-05
6.336774099269027829e+03 9.909859634408662568e-05
6.339942486318662304e+03 9.905191577818247769e-05
6.343112457561821429e+03 9.900545745694751731e-05
6.346284013790601421e+03 9.895922028992737115e-05
6.349457155797496853e+03 9.891319861703086903e-05
6.352631884375395202e+03 9.886738679665403281e-05
6.355808200317582305e+03 9.882178160362295038e-05
6.358986104417740535e+03 9.877638586559047426e-05
6.362165597469948807e+03 9.873121357958742023e-05
6.365346680268683485e+03 9.868629458929411744e-05
6.368529353608818383e+03 9.864168096892153028e-05
6.371713618285622033e+03 9.859745486533458487e-05
6.374899475094764057e+03 9.855373727207077659e-05
6.378086924832310615e+03 9.851069924985061206e-05
6.381275968294726226e+03 9.846857788159314327e-05
6.384466606278873769e+03 9.842769398135314883e-05
6.387658839582012661e+03 9.838847753108790836e-05
6.390852669001803406e+03 9.835149805423570564e-05
6.394048095336302140e+03 9.831750649130550793e-05
6.397245119383970632e+03 9.828748144920423696e-05
6.400443741943661735e+03 9.826269316219368830e-05
6.403643963814633935e+03 9.824478395720210981e-05
6.406845785796541350e+03 9.823586703259278648e-05
6.410049208689439183e+03 9.823864778833205308e-05
6.413254233293783727e+03 9.825657274355698381e-05
6.416460860410429632e+03 9.829398958821679321e-05
6.419669090840634453e+03 9.835637427718449952e-05
6.422878925386055016e+03 9.845053866730341075e-05
6.426090364848747413e+03 9.858494127524422101e-05
6.429303410031170642e+03 9.876999907822781109e-05
6.432518061736185700e+03 9.901841358243111267e-05
6.435734320767054669e+03 9.934607966942574054e-05
6.438952187927437080e+03 9.977083318198037398e-05
6.442171664021401739e+03 1.003150046708401892e-04
6.445392749853411260e+03 1.010045999900662943e-04
6.448615446228337532e+03 1.018699321832573800e-04
6.451839753951451712e+03 1.029459821475967827e-04
6.455065673828428771e+03 1.042726654135582456e-04
6.458293206665342950e+03 1.058949491603520263e-04
6.461522353268675033e+03 1.078628799400136270e-04
6.464753114445307801e+03 1.102313484696792144e-04
6.467985491002530580e+03 1.130596583147896198e-04
6.471219483748031053e+03 1.164107891124988606e-04
6.474455093489905266e+03 1.203503594959022966e-04
6.477692321036649446e+03 1.249452569507044242e-04
6.480931167197169088e+03 1.302619148330896317e-04
6.484171632780767141e+03 1.363642545193235426e-04
6.487413718597156731e+03 1.433112943007242230e-04
6.490657425456455712e+03 1.511544848571105121e-04
6.493902754169183027e+03 1.599348309348821030e-04
6.497149705546267796e+03 1.696798910437592571e-04
6.500398280399040232e+03 1.804007603010828278e-04
6.503648479539238906e+03 1.920891763590837191e-04
6.506900303779008937e+03 2.047148777791944014e-04
6.510153753930898347e+03 2.182233781594656295e-04
6.513408830807863524e+03 2.325343042031101641e-04
6.516665535223267398e+03 2.475404412971605214e-04
6.519923867990877625e+03 2.631076154117305819e-04
6.523183829924872953e+03 2.790755128083267748e-04
6.526445421839835035e+03 2.952595036973821164e-04
6.529708644550753888e+03 3.114534908073619303e-04
6.532973498873030621e+03 3.274337633629893231e-04
6.536239985622466520e+03 3.429637782685171802e-04
6.539508105615277600e+03 3.577997421462602527e-04
6.542777859668084602e+03 3.716968244258772570e-04
6.546049248597918449e+03 3.844157807505186372e-04
6.549322273222216609e+03 3.957297455979604255e-04
6.552596934358827639e+03 4.054309096862105549e-04
6.555873232826006642e+03 4.133368439983621263e-04
6.559151169442420723e+03 4.192961508753575550e-04
6.562430745027140802e+03 4.231932423065089895e-04
6.565711960399654345e+03 4.249520150578361966e-04
6.568994816379853546e+03 4.245382658567319403e-04
6.572279313788042600e+03 4.219607436773997505e-04
6.575565453444936793e+03 4.172707961079700958e-04
6.578853236171657954e+03 4.105606317570597240e-04
6.582142662789744463e+03 4.019602838717563223e-04
6.585433734121139423e+03 3.916334148355809348e-04
6.588726450988199758e+03 3.797721477584539186e-04
6.592020814213692574e+03 3.665911602061456458e-04
6.595316824620799707e+03 3.523212780251601894e-04
6.598614483033109536e+03 3.372028408183306929e-04
6.601913790274625171e+03 3.214790913159192389e-04
6.605214747169761722e+03 3.053898426933433145e-04
6.608517354543348119e+03 2.891656344898236100e-04
6.611821613220618019e+03 2.730225681562343967e-04
6.615127524027227992e+03 2.571579636104470148e-04
6.618435087789242971e+03 2.417469394601086505e-04
6.621744305333136253e+03 2.269399675673093445e-04
6.625055177485803142e+03 2.128614091086716159e-04
6.628367705074544574e+03 1.996089997871877621e-04
6.631681888927080763e+03 1.872542108380980991e-04
6.634997729871544834e+03 1.758433845690469260e-04
6.638315228736479185e+03 1.653995205007469343e-04
6.641634386350848217e+03 1.559245733020188612e-04
6.644955203544023789e+03 1.474021149501156518e-04
6.648277681145794304e+03 1.398002224202588972e-04
6.651601819986366536e+03 1.330744497268121669e-04
6.654927620896359258e+03 1.271707677534969440e-04
6.658255084706806883e+03 1.220283637170573992e-04
6.661584212249159464e+03 1.175822241398852139e-04
6.664915004355283600e+03 1.137654300259151243e-04
6.668247461857461531e+03 1.105111307985051237e-04
6.671581585588388407e+03 1.077541782325503670e-04
6.674917376381183203e+03 1.054324190390393241e-04
6.678254835069372348e+03 1.034876568859680176e-04
6.681593962486907913e+03 1.018663242209180610e-04
6.684934759468151242e+03 1.005198533501378173e-04
6.688277226847884776e+03 9.940486500980068470e-05
6.691621365461308415e+03 9.848310277839627971e-05
6.694967176144038604e+03 9.772126686043085633e-05
6.698314659732110158e+03 9.709074399460766865e-05
6.701663817061975351e+03 9.656690908618345765e-05
6.705014648970504823e+03 9.613004153915157013e-05
6.708367156294990309e+03 9.576274726151802659e-05
6.711721339873137367e+03 9.545111045161854566e-05
6.715077200543073559e+03 9.518385255061015957e-05
6.718434739143344814e+03 9.495191135802899356e-05
6.721793956512916338e+03 9.474808017559968815e-05
6.725154853491172616e+03 9.456670603677472839e-05
6.728517430917917409e+03 9.440336734178655714e-05
6.731881689633375572e+03 9.425465988671812663e-05
6.735247630478192150e+03 9.411797041531503346e-05
6.738615254293430553e+03 9.399131403299118190e-05
6.741984561920577107e+03 9.387318566945522069e-05
6.745355554201536506e+03 9.376243855740889533e-05
6.748728231978637268e+03 9.365819143371701284e-05
6.752102596094625369e+03 9.355974887316796185e-05
6.755478647392672428e+03 9.346655031083299771e-05
6.758856386716368434e+03 9.337812647223388946e-05
6.762235814909725377e+03 9.329406860110612393e-05
6.765616932817179986e+03 9.321400650932208556e-05
6.768999741283587355e+03 9.313759670342416572e-05
6.772384241154229130e+03 9.306450968383712973e-05
6.775770433274805328e+03 9.299442984859153318e-05
6.779158318491444334e+03 9.292705207518570261e-05
6.782547897650688355e+03 9.286208216487538730e-05
6.785939171599513429e+03 9.279923841049462423e-05
6.789332141185312139e+03 9.273825367445625656e-05
6.792726807255904532e+03 9.267887691294710538e-05
6.796123170659530842e+03 9.262087459131873699e-05
6.799521232244860585e+03 9.256403313661601320e-05
6.802920992860982551e+03 9.250815885241769985e-05
6.806322453357412996e+03 9.245307893377861189e-05
6.809725614584092000e+03 9.239864158522691369e-05
6.813130477391382556e+03 9.234471529470552860e-05
6.816537042630078759e+03 9.229118827140794573e-05
6.819945311151393071e+03 9.223796574119922753e-05
6.823355283806969055e+03 9.218497570225618273e-05
6.826766961448872280e+03 9.213215338877615932e-05
6.830180344929596686e+03 9.207945356423359942e-05
6.833595435102060037e+03 9.202684193497871464e-05
6.837012232819610290e+03 9.197429380085281141e-05
6.840430738936020134e+03 9.192179267765814813e-05
6.843850954305486994e+03 9.186932796411393948e-05
6.847272879782639393e+03 9.181689362331993062e-05
6.850696516222530590e+03 9.176448614699304776e-05
6.854121864480642216e+03 9.171210332163508023e-05
6.857548925412881545e+03 9.165974253053315137e-05
6.860977699875588769e+03 9.160740201720262788e-05
6.864408188725526088e+03 9.155507647794215687e-05
6.867840392819887711e+03 9.150276000203499808e-05
6.871274313016298038e+03 9.145044453535980324e-05
6.874709950172805293e+03 9.139812220977040140e-05
6.878147305147891529e+03 9.134578307973755624e-05
6.881586378800464445e+03 9.129341797865659085e-05
6.885027171989864655e+03 9.124101927543139213e-05
6.888469685575859330e+03 9.118858172105108516e-05
6.891913920418646740e+03 9.113610436752001389e-05
6.895359877378856254e+03 9.108359173519896214e-05
6.898807557317545616e+03 9.103105548475261906e-05
6.902256961096202758e+03 9.097851625283871833e-05
6.905708089576750353e+03 9.092600562465567881e-05
6.909160943621539445e+03 9.087356821640377473e-05
6.912615524093348540e+03 9.082126414563157285e-05
6.916071831855395430e+03 9.076917101365165603e-05
6.919529867771321733e+03 9.071738720474076972e-05
6.922989632705206532e+03 9.066603381148102890e-05
6.926451127521559101e+03 9.061525174399832699e-05
6.929914353085319817e+03 9.056518809091870597e-05
6.933379310261861974e+03 9.051608892691632578e-05
6.936845999916991786e+03 9.046820484177044662e-05
6.940314422916951116e+03 9.042180538645620976e-05
6.943784580128408379e+03 9.037720831222537153e-05
6.947256472418472185e+03 9.033477124457065519e-05
6.950730100654681337e+03 9.029488884078793148e-05
6.954205465705008464e+03 9.025798840200423149e-05
6.957682568437860937e+03 9.022452256312313962e-05
6.961161409722079043e+03 9.019495894060137488e-05
6.964641990426940538e+03 9.016976581550204700e-05
6.968124311422153369e+03 9.014939418969188144e-05
6.971608373577863858e+03 9.013425522006814387e-05
6.975094177764652159e+03 9.012469471873874667e-05
6.978581724853534070e+03 9.012096424710207038e-05
6.982071015715960129e+03 9.012319103958670149e-05
6.985562051223817434e+03 9.013134739785909084e-05
6.989054832249428728e+03 9.014522308136624416e-05
6.992549359665553311e+03 9.016440187643788877e-05
6.996045634345386134e+03 9.018824652365226555e-05
6.999543657162557793e+03 9.021589172455002478e-05
7.003043428991138171e+03 9.024625381543172856e-05
7.006544950705632800e+03 9.027805171677058765e-05
7.010048223180986497e+03 9.030984457005235451e-05
7.013553247292576089e+03 9.034008524115946012e-05
7.017060023916221326e+03 9.036718602078336901e-05
7.020568553928179426e+03 9.038959542486877091e-05
7.024078838205142347e+03 9.040587965202236489e-05
7.027590877624244058e+03 9.041480352878847467e-05
7.031104673063055998e+03 9.041540397689522409e-05
7.034620225399586161e+03 9.040704880725548202e-05
7.038137535512286377e+03 9.038947496249574341e-05
7.041656604280043211e+03 9.036280106517328753e-05
7.045177432582182519e+03 9.032751201730670413e-05
7.048700021298472166e+03 9.028441304320176486e-05
7.052224371309121125e+03 9.023456010235596507e-05
7.055750483494774926e+03 9.017916651301520047e-05
7.059278358736522023e+03 9.011949802980231679e-05
7.062807997915890155e+03 9.005676353925574017e-05
7.066339401914848168e+03 8.999201143479504774e-05
7.069872571615806010e+03 8.992604232468999633e-05
7.073407507901612917e+03 8.985934614428389840e-05
7.076944211655563777e+03 8.979206871199805649e-05
7.080482683761390035e+03 8.972401228804690600e-05
7.084022925103270609e+03 8.965466800202562150e-05
7.087564936565821881e+03 8.958327780360668315e-05
7.091108719034104070e+03 8.950891821760943408e-05
7.094654273393621224e+03 8.943059802789928502e-05
7.098201600530317592e+03 8.934736009966817987e-05
7.101750701330581251e+03 8.925837749057416405e-05
7.105301576681246843e+03 8.916303541195731556e-05
7.108854227469587386e+03 8.906099281750988971e-05
7.112408654583321550e+03 8.895221819133100844e-05
7.115964858910613657e+03 8.883699991747794728e-05
7.119522841340069135e+03 8.871593020457457497e-05
7.123082602760739064e+03 8.858986788172871108e-05
7.126644144062119267e+03 8.845988382583948838e-05
7.130207466134150309e+03 8.832719530993831693e-05
7.133772569867216589e+03 8.819309622807469011e-05
7.137339456152149978e+03 8.805888819187325609e-05
7.140908125880225271e+03 8.792581764873311277e-05
7.144478579943166551e+03 8.779502510648387679e-05
7.148050819233137190e+03 8.766750390199143524e-05
7.151624844642753487e+03 8.754407461697717567e-05
7.155200657065073756e+03 8.742537270070979618e-05
7.158778257393606509e+03 8.731184730094795508e-05
7.162357646522304094e+03 8.720377091697658928e-05
7.165938825345563600e+03 8.710125642338155687e-05
7.169521794758235956e+03 8.700427915009588387e-05
7.173106555655615011e+03 8.691270227643726370e-05
7.176693108933441181e+03 8.682630197179277076e-05
7.180281455487907806e+03 8.674479263967432299e-05
7.183871596215650243e+03 8.666784851394179626e-05
7.187463532013757685e+03 8.659512344568766600e-05
7.191057263779764071e+03 8.652626540398194522e-05
7.194652792411653536e+03 8.646092879247622000e-05
7.198250118807860417e+03 8.639878204762186026e-05
7.201849243867262885e+03 8.633951277294900806e-05
7.205450168489196585e+03 8.628282927644616263e-05
7.209052893573440087e+03 8.622846101488917513e-05
7.212657420020226709e+03 8.617615964729341462e-05
7.216263748730236330e+03 8.612570214465918009e-05
7.219871880604600847e+03 8.607681976697769593e-05
7.223481816544902358e+03 8.602930197238268584e-05
7.227093557453175890e+03 8.598295298356484152e-05
7.230707104231901212e+03 8.593755990114667351e-05
7.234322457784016478e+03 8.589290610639256467e-05
7.237939619012908224e+03 8.584877125953835342e-05
7.241558588822414094e+03 8.580493115083739160e-05
7.245179368116825572e+03 8.576115801060647868e-05
7.248801957800883429e+03 8.571722168531113262e-05
7.252426358779782277e+03 8.567289196655731209e-05
7.256052571959171473e+03 8.562794129516048151e-05
7.259680598245150577e+03 8.558214876800158814e-05
7.263310438544273893e+03 8.553530381024993402e-05
7.266942093763545017e+03 8.548721050610757078e-05
7.270575564810426840e+03 8.543769170592708953e-05
7.274210852592830634e+03 8.538659303209088084e-05
7.277847958019126054e+03 8.533378603656617632e-05
7.281486881998136596e+03 8.527917142070734881e-05
7.285127625439134135e+03 8.522268085210053367e-05
7.288770189251854390e+03 8.516427943350737936e-05
7.292414574346479640e+03 8.510396431361133161e-05
7.296060781633651459e+03 8.504176584584874821e-05
7.299708812024468898e+03 8.497774615387341168e-05
7.303358666430480298e+03 8.491199693683300039e-05
7.307010345763696023e+03 8.484463732569943377e-05
7.310663850936577546e+03 8.477581003259335656e-05
7.314319182862046546e+03 8.470567798211581169e-05
7.317976342453475809e+03 8.463441990305909041e-05
7.321635330624701965e+03 8.456222579495744631e-05
7.325296148290014571e+03 8.448929234320670060e-05
7.328958796364159753e+03 8.441581814035209388e-05
7.332623275762341109e+03 8.434199917574737354e-05
7.336289587400222445e+03 8.426802399389129246e-05
7.339957732193922311e+03 8.419407079301714672e-05
7.343627711060017646e+03 8.412030257721745991e-05
7.347299524915548318e+03 8.404686553306892408e-05
7.350973174678005307e+03 8.397388604111365195e-05
7.354648661265344344e+03 8.390146985544244432e-05
7.358325985595975908e+03 8.382970088765677756e-05
7.362005148588775228e+03 8.375864177565374522e-05
7.365686151163067734e+03 8.368833421738594677e-05
7.369368994238649975e+03 8.361880092681888343e-05
7.373053678735767789e+03 8.355004713173541566e-05
7.376740205575134496e+03 8.348206311513227266e-05
7.380428575677922709e+03 8.341482660507201340e-05
7.384118789965761607e+03 8.334830568627357814e-05
7.387810849360743305e+03 8.328246116731519827e-05
7.391504754785423756e+03 8.321724920049696167e-05
7.395200507162815484e+03 8.315262335381473917e-05
7.398898107416396670e+03 8.308853668710166230e-05
7.402597556470103882e+03 8.302494294701227124e-05
7.406298855248337532e+03 8.296179817260835058e-05
7.410002004675961871e+03 8.289906080685643757e-05
7.413707005678298628e+03 8.283669274464542471e-05
7.417413859181137923e+03 8.277465870703507467e-05
7.421122566110729167e+03 8.271292643679559544e-05
7.424833127393783798e+03 8.265146613350065957e-05
7.428545543957479822e+03 8.259024986356369800e-05
7.432259816729458180e+03 8.252925117124143431e-05
7.435975946637821835e+03 8.246844429668690846e-05
7.439693934611140321e+03 8.240780273086520369e-05
7.443413781578445196e+03 8.234730065865822400e-05
7.447135488469233678e+03 8.228691101706701926e-05
7.450859056213467738e+03 8.222660565674789362e-05
7.454584485741574099e+03 8.216635546168638384e-05
7.458311777984444234e+03 8.210613038849820565e-05
7.462040933873437098e+03 8.204589970156713136e-05
7.465771954340373668e+03 8.198563250155411109e-05
7.469504840317543312e+03 8.192529815486368527e-05
7.473239592737701969e+03 8.186486718320774370e-05
7.476976212534070328e+03 8.180431158389070575e-05
7.480714700640335650e+03 8.174360608883709763e-05
7.484455057990655405e+03 8.168272801763130898e-05
7.488197285519650904e+03 8.162165871608965972e-05
7.491941384162410031e+03 8.156038327679303291e-05
7.495687354854489968e+03 8.149889129578446285e-05
7.499435198531918104e+03 8.143717691864443419e-05
7.503184916131182035e+03 8.137523884573427332e-05
7.506936508589247751e+03 8.131308015692036606e-05
7.510689976843541444e+03 8.125070812346380671e-05
7.514445321831964065e+03 8.118813370143105300e-05
7.518202544492879497e+03 8.112537088839807107e-05
7.521961645765126377e+03 8.106243646052103589e-05
7.525722626588007188e+03 8.099934908187304209e-05
7.529485487901300985e+03 8.093612859192093748e-05
7.533250230645252486e+03 8.087279541439054296e-05
7.537016855760574799e+03 8.080936984252957229e-05
7.540785364188453968e+03 8.074587149765747370e-05
7.544555756870547157e+03 8.068231870585497174e-05
7.548328034748981736e+03 8.061872802610192104e-05
7.552102198766356196e+03 8.055511388220264917e-05
7.555878249865738326e+03 8.049148840040105349e-05
7.559656188990671581e+03 8.042786115427948514e-05
7.563436017085166895e+03 8.036423912078842849e-05
7.567217735093709052e+03 8.030062704095607801e-05
7.571001343961254861e+03 8.023702754561698946e-05
7.574786844633234978e+03 8.017344146535410683e-05
7.578574238055551177e+03 8.010986851291950286e-05
7.582363525174578172e+03 8.004630781769429295e-05
7.586154706937164519e+03 7.998275848018852191e-05
7.589947784290632626e+03 7.991922048327171411e-05
7.593742758182778744e+03 7.985569512822555667e-05
7.597539629561868423e+03 7.979218585016488593e-05
7.601338399376648340e+03 7.972869887168230639e-05
7.605139068576337195e+03 7.966524268599191176e-05
7.608941638110624808e+03 7.960182939140834815e-05
7.612746108929680304e+03 7.953847410677668847e-05
7.616552481984144833e+03 7.947519463166020188e-05
7.620360758225136124e+03 7.941201094668471196e-05
7.624170938604247567e+03 7.934894436519307362e-05
7.627983024073550041e+03 7.928601791606874742e-05
7.631797015585586450e+03 7.922325422743765530e-05
7.635612914093379004e+03 7.916067395272062470e-05
7.639430720550424667e+03 7.909829532692458452e-05
7.643250435910700617e+03 7.903613330200231016e-05
7.647072061128655150e+03 7.897419815579698047e-05
7.650895597159219506e+03 7.891249484819161787e-05
7.654721044957798767e+03 7.885102247811188189e-05
7.658548405480276415e+03 7.878977344368542099e-05
7.662377679683016140e+03 7.872873413582390516e-05
7.666208868522858211e+03 7.866788426469320408e-05
7.670041972957117650e+03 7.860719756601456136e-05
7.673876993943596062e+03 7.854664207110215396e-05
7.677713932440568897e+03 7.848618100773068894e-05
7.681552789406788179e+03 7.842577339113997073e-05
7.685393565801491604e+03 7.836537517536990992e-05
7.689236262584392534e+03 7.830493988248997991e-05
7.693080880715684543e+03 7.824441997569303489e-05
7.696927421156041419e+03 7.818376774734401831e-05
7.700775884866618981e+03 7.812293665319651362e-05
7.704626272809052352e+03 7.806188251813351946e-05
7.708478585945456871e+03 7.800056506328315032e-05
7.712332825238428995e+03 7.793894933728197458e-05
7.716188991651046308e+03 7.787700749914565931e-05
7.720047086146872971e+03 7.781472023015028358e-05
7.723907109689946083e+03 7.775207880629010377e-05
7.727769063244790232e+03 7.768908627721678335e-05
7.731632947776412038e+03 7.762575891020480996e-05
7.735498764250300155e+03 7.756212683470320880e-05
7.739366513632424358e+03 7.749823418461590876e-05
7.743236196889240091e+03 7.743413876883019852e-05
7.747107814987684833e+03 7.736991045417580695e-05
7.750981368895177184e+03 7.730562854267962046e-05
7.754856859579624142e+03 7.724137922089921785e-05
7.758734288009413831e+03 7.717725118196859947e-05
7.762613655153419131e+03 7.711333134406116185e-05
7.766494961980994958e+03 7.704970008737649877e-05
7.770378209461984625e+03 7.698642687755928604e-05
7.774263398566716205e+03 7.692356595888794491e-05
7.778150530265997986e+03 7.686115319309759280e-05
7.782039605531131201e+03 7.679920359530276121e-05
7.785930625333897297e+03 7.673771059363527840e-05
7.789823590646564298e+03 7.667664624907185710e-05
7.793718502441885903e+03 7.661596299053358530e-05
7.797615361693106934e+03 7.655559666042676943e-05
7.801514169373952427e+03 7.649547035880807362e-05
7.805414926458638547e+03 7.643549903411189469e-05
7.809317633921867127e+03 7.637559438524464987e-05
7.813222292738828401e+03 7.631566970187104320e-05
7.817128903885198270e+03 7.625564427424833902e-05
7.821037468337140126e+03 7.619544702362328900e-05
7.824947987071307580e+03 7.613501946432248981e-05
7.828860461064843548e+03 7.607431745537312281e-05
7.832774891295373891e+03 7.601331180301909216e-05
7.836691278741021961e+03 7.595198829137959245e-05
7.840609624380391324e+03 7.589034647236192954e-05
7.844529929192581221e+03 7.582839785230447956e-05
7.848452194157177473e+03 7.576616393213832365e-05
7.852376420254255208e+03 7.570367331950773719e-05
7.856302608464381592e+03 7.564095950728756202e-05
7.860230759768614007e+03 7.557805827903411910e-05
7.864160875148497325e+03 7.551500556512111566e-05
7.868092955586071184e+03 7.545183545679321727e-05
7.872027002063862710e+03 7.538857882266470213e-05
7.875963015564894704e+03 7.532526217327670129e-05
7.879900997072676546e+03 7.526190680390827214e-05
7.883840947571213292e+03 7.519852862924200458e-05
7.887782868044998395e+03 7.513513822230864433e-05
7.891726759479019165e+03 7.507174073798345666e-05
7.895672622858758587e+03 7.500833673566246335e-05
7.899620459170187132e+03 7.494492261518527921e-05
7.903570269399772769e+03 7.488149148549908527e-05
7.907522054534472773e+03 7.481803389041674613e-05
7.911475815561739182e+03 7.475453875612545591e-05
7.915431553469519713e+03 7.469099413992473751e-05
7.919389269246253207e+03 7.462738869137289981e-05
7.923348963880875999e+03 7.456371142908089979e-05
7.927310638362815553e+03 7.449995313326417438e-05
7.931274293681997733e+03 7.443610675184536346e-05
7.935239930828837714e+03 7.437216805354971262e-05
7.939207550794251802e+03 7.430813570185748694e-05
7.943177154569647428e+03 7.424401073611386424e-05
7.947148743146932247e+03 7.417979771349242563e-05
7.951122317518505952e+03 7.411550477305219151e-05
7.955097878677264816e+03 7.405114238256503415e-05
7.959075427616603520e+03 7.398672282946668446e-05
7.963054965330411505e+03 7.392226020770285237e-05
7.967036492813076620e+03 7.385776959815432304e-05
7.971020011059482385e+03 7.379326621817751061e-05
7.975005521065010726e+03 7.372876495126567020e-05
7.978993023825542878e+03 7.366427934763578056e-05
7.982982520337455753e+03 7.359982118288320592e-05
7.986974011597623758e+03 7.353539953223164601e-05
7.990967498603422428e+03 7.347102040214816660e-05
7.994962982352723884e+03 7.340668581616478512e-05
7.998960463843899561e+03 7.334239374004893725e-05
8.002959944075820204e+03 7.327813703362640182e-05
8.006961424047859509e+03 7.321390319293835940e-05
8.010964904759882302e+03 7.314967322208566379e-05
8.014970387212261812e+03 7.308542160262422702e-05
8.018977872405867856e+03 7.302111428713450229e-05
8.022987361342069562e+03 7.295670798493181328e-05
8.026998855022739917e+03 7.289214781941102820e-05
8.031012354450251223e+03 7.282736583184697902e-05
8.035027860627475093e+03 7.276227713083450815e-05
8.039045374557788818e+03 7.269677760556835227e-05
8.043064897245067186e+03 7.263073880214453073e-05
8.047086429693689752e+03 7.256403773058282347e-05
8.051109972908536292e+03 7.249648394160238657e-05
8.055135527894989536e+03 7.242785332387281501e-05
8.059163095658936072e+03 7.235788985633861091e-05
8.063192677206765438e+03 7.228629469071427350e-05
8.067224273545368305e+03 7.221272221973877201e-05
8.071257885682141023e+03 7.213677966329986560e-05
8.075293514624981071e+03 7.205802697858602532e-05
8.079331161382292521e+03 7.197598177590668067e-05
8.083370826962983301e+03 7.189012697830814884e-05
8.087412512376464292e+03 7.179992465429903227e-05
8.091456218632652053e+03 7.170483543556961767e-05
8.095501946741968823e+03 7.160434534946662189e-05
8.099549697715337970e+03 7.149800009926154021e-05
8.103599472564194912e+03 7.138544760882447140e-05
8.107651272300477103e+03 7.126648787015594101e-05
8.111705097936627681e+03 7.114112951169279480e-05
8.115760950485595458e+03 7.100965080161561189e-05
8.119818830960836749e+03 7.087266214797159332e-05
8.123878740376316273e+03 7.073116624356903857e-05
8.127940679746504429e+03 7.058661039160256943e-05
8.132004650086377296e+03 7.044092612758804045e-05
8.136070652411420269e+03 7.029654869641396690e-05
8.140138687737624423e+03 7.015641245746962417e-05
8.144208757081493786e+03 7.002391349440409288e-05
8.148280861460034430e+03 6.990283989973512476e-05
8.152355001890763560e+03 6.979726378361410190e-05
8.156431179391707701e+03 6.971139588727878029e-05
8.160509394981402693e+03 6.964939961909943206e-05
8.164589649678892783e+03 6.961519677664802579e-05
8.168671944503731538e+03 6.961231746461213116e-05
8.172756280475982749e+03 6.964356230323219912e-05
8.176842658616220433e+03 6.971090722718860497e-05
8.180931079945527927e+03 6.981530932715665722e-05
8.185021545485499701e+03 6.995650722347683526e-05
8.189114056258242272e+03 7.013309227287888665e-05
8.193208613286371474e+03 7.034242469268156030e-05
8.197305217593015186e+03 7.058065890987298512e-05
8.201403870201809696e+03 7.084300889988583236e-05
8.205504572136911520e+03 7.112391351765861636e-05
8.209607324422977399e+03 7.141719055381912692e-05
8.213712128085189761e+03 7.171637940220849169e-05
8.217818984149231255e+03 7.201511623022476612e-05
8.221927893641306582e+03 7.230730755412776540e-05
8.226038857588126120e+03 7.258733763569342589e-05
8.230151877016920480e+03 7.285029170450988063e-05
8.234266952955427769e+03 7.309215710458750190e-05
8.238384086431904507e+03 7.330983218753162566e-05
8.242503278475121988e+03 7.350102426787017036e-05
8.246624530114357185e+03 7.366423543275849853e-05
8.250747842379416397e+03 7.379861827162325705e-05
8.254873216300604327e+03 7.390389340277045123e-05
8.259000652908753182e+03 7.398014173719933578e-05
8.263130153235208127e+03 7.402757880898847833e-05
8.267261718311825462e+03 7.404648219949732041e-05
8.271395349170979898e+03 7.403709401536256193e-05
8.275531046845566379e+03 7.399958930984278050e-05
8.279668812368987346e+03 7.393417629218145578e-05
8.283808646775172747e+03 7.384109615718162302e-05
8.287950551098560027e+03 7.372071014007413779e-05
8.292094526374108682e+03 7.357368279117580754e-05
8.296240573637296620e+03 7.340111927469564060e-05
8.300388693924114705e+03 7.320468648217842039e-05
8.304538888271075848e+03 7.298670756944474923e-05
8.308691157715209556e+03 7.275032034594559112e-05
8.312845503294067385e+03 7.249937719789334716e-05
8.317001926045713844e+03 7.223833021611846894e-05
8.321160427008735496e+03 7.197217409444248365e-05
8.325321007222239132e+03 7.170624856201078469e-05
8.329483667725849955e+03 7.144600565065875358e-05
8.333648409559711581e+03 7.119674802612839840e-05
8.337815233764491495e+03 7.096335390816567695e-05
8.341984141381371956e+03 7.075013916185366998e-05
8.346155133452062728e+03 7.056061805456859929e-05
8.350328211018786533e+03 7.039725058795154983e-05
8.354503375124295417e+03 7.026142697398847037e-05
8.358680626811856200e+03 7.015344148990721796e-05
8.362859967125259573e+03 7.007252512326799204e-05
8.367041397108821911e+03 7.001694097090601331e-05
8.371224917807378006e+03 6.998412645890454535e-05
8.375410530266281057e+03 6.997086598676383442e-05
8.379598235531411774e+03 6.997344980503667150e-05
8.383788034649176552e+03 6.998804647709845031e-05
8.387979928666500200e+03 7.001082246128050664e-05
8.392173918630833214e+03 7.003802696728049601e-05
8.396370005590148139e+03 7.006622751614674039e-05
8.400568190592943211e+03 7.009244092359210427e-05
8.404768474688236893e+03 7.011421353890414255e-05
8.408970858925582434e+03 7.012966696529506470e-05
8.413175344355044217e+03 7.013750942101395396e-05
8.417381932027219591e+03 7.013701689341843651e-05
8.421590622993233410e+03 7.012798648237229891e-05
8.425801418304730760e+03 7.011066120642445621e-05
8.430014319013884233e+03 7.008562627126213509e-05
8.434229326173392110e+03 7.005378103904608914e-05
8.438446440836476540e+03 7.001627028141728490e-05
8.442665664056892638e+03 6.997431612689926654e-05
8.446886996888921203e+03 6.992913006084103126e-05
8.451110440387365088e+03 6.988188425618010937e-05
8.455335995607558289e+03 6.983365520449441306e-05
8.459563663605362308e+03 6.978537382472155444e-05
8.463793445437166156e+03 6.973779732900066148e-05
8.468025342159882712e+03 6.969149572131956452e-05
8.472259354830963275e+03 6.964685215066252378e-05
8.476495484508379377e+03 6.960407402919155612e-05
8.480733732250633693e+03 6.956321416138624113e-05
8.484974099116758225e+03 6.952419698580462838e-05
8.489216586166316119e+03 6.948684316261687956e-05
8.493461194459399849e+03 6.945089250420717088e-05
8.497707925056627573e+03 6.941603041016806400e-05
8.501956779019155874e+03 6.938199745330714339e-05
8.506207757408665202e+03 6.934851370552161669e-05
8.510460861287370790e+03 6.931532233747585321e-05
8.514716091718013558e+03 6.928214820890987160e-05
8.518973449763871031e+03 6.924874231353290608e-05
8.523232936488751875e+03 6.921492217303571956e-05
8.527494552956997723e+03 6.918042999263238676e-05
8.531758300233475893e+03 6.914503435301724637e-05
8.536024179383590308e+03 6.910853625743178740e-05
8.540292191473283310e+03 6.907065710834847520e-05
8.544562337569019292e+03 6.903112942652597133e-05
8.548834618737802884e+03 6.898978798608741800e-05
8.553109036047171685e+03 6.894650808642797902e-05
8.557385590565194434e+03 6.890119491069208839e-05
8.561664283360476475e+03 6.885393560034840186e-05
8.565945115502156114e+03 6.880501174519176313e-05
8.570228088059908259e+03 6.875484158775453571e-05
8.574513202103937147e+03 6.870389846548028746e-05
8.578800458704990888e+03 6.865272912477956104e-05
8.583089858934341464e+03 6.860197805192742729e-05
8.587381403863808373e+03 6.855222803393871348e-05
8.591675094565740437e+03 6.850388620786812099e-05
8.595970932113024901e+03 6.845699019607380021e-05
8.600268917579078334e+03 6.841129792708644975e-05
8.604569052037868460e+03 6.836630606200763585e-05
8.608871336563886871e+03 6.832121252248069139e-05
8.613175772232169038e+03 6.827502709672599219e-05
8.617482360118283395e+03 6.822671352464401240e-05
8.621791101298342255e+03 6.817532157130153244e-05
8.626101996848992712e+03 6.812027205002102492e-05
8.630415047847416645e+03 6.806153178793806428e-05
8.634730255371339808e+03 6.799968979902166501e-05
8.639047620499026380e+03 6.793603327051710042e-05
8.643367144309273499e+03 6.787252408636034536e-05
8.647688827881429461e+03 6.781166470442728811e-05
8.652012672295368247e+03 6.775620082896532134e-05
8.656338678631516814e+03 6.770893631920670735e-05
8.660666847970831441e+03 6.767238939383064139e-05
8.664997181394815925e+03 6.764834819711774538e-05
8.669329679985512485e+03 6.763758192153015807e-05
8.673664344825505395e+03 6.763961240280035318e-05
8.678001176997917355e+03 6.765260198554161059e-05
8.682340177586416758e+03 6.767337598612346166e-05
8.686681347675208599e+03 6.769750253270350544e-05
8.691024688349045391e+03 6.771970584883752907e-05
8.695370200693219886e+03 6.773441843795714777e-05
8.699717885793563255e+03 6.773616986705689313e-05
8.704067744736461464e+03 6.772010280655632705e-05
8.708419778608827983e+03 6.768250754712384291e-05
8.712773988498132894e+03 6.762130341920537821e-05
8.717130375492382882e+03 6.753634672116128816e-05
8.721488940680128508e+03 6.742957675087997275e-05
8.725849685150467849e+03 6.730498346080697751e-05
8.730212609993044680e+03 6.716830044996952801e-05
8.734577716298039377e+03 6.702667604133886786e-05
8.738945005156188927e+03 6.688820752739960314e-05
8.743314477658766918e+03 6.676121339295083162e-05
8.747686134897596276e+03 6.665356575433030646e-05
8.752059977965045618e+03 6.657205314889905841e-05
8.756436007954027446e+03 6.652180896429656033e-05
8.760814225958005409e+03 6.650585887643025037e-05
8.765194633070983400e+03 6.652482618330892924e-05
8.769577230387518284e+03 6.657681919497995197e-05
8.773962019002710804e+03 6.665751104269111119e-05
8.778349000012211036e+03 6.676040208993138281e-05
8.782738174512216574e+03 6.687717686989574039e-05
8.787129543599472527e+03 6.699825363356373437e-05
8.791523108371271519e+03 6.711348357101640640e-05
8.795918869925457329e+03 6.721278064429115923e-05
8.800316829360419433e+03 6.728672657965599805e-05
8.804716987775098460e+03 6.732718657038666370e-05
8.809119346268988011e+03 6.732784290594975125e-05
8.813523905942120109e+03 6.728459841429476227e-05
8.817930667895090664e+03 6.719584257606218058e-05
8.822339633229037645e+03 6.706256416791349275e-05
8.826750803045651992e+03 6.688830727370855325e-05
8.831164178447173981e+03 6.667896921211979616e-05
8.835579760536398680e+03 6.644244541750802418e-05
8.839997550416665035e+03 6.618820438555111040e-05
8.844417549191872240e+03 6.592676773199732489e-05
8.848839757966468824e+03 6.566909555168223248e-05
8.853264177845450831e+03 6.542586192179248835e-05
8.857690809934374556e+03 6.520692962910897472e-05
8.862119655339340170e+03 6.502090195890502253e-05
8.866550715167009912e+03 6.487458069025781710e-05
8.870983990524591718e+03 6.477265663205613807e-05
8.875419482519855592e+03 6.471754125791958473e-05
8.879857192261115415e+03 6.470934077334077256e-05
8.884297120857245318e+03 6.474596878949519067e-05
8.888739269417672404e+03 6.482338064844353715e-05
8.893183639052380386e+03 6.493591129647587642e-05
8.897630230871907770e+03 6.507667065520491233e-05
8.902079045987342397e+03 6.523797932297555036e-05
8.906530085510337813e+03 6.541178966166505122e-05
8.910983350553091441e+03 6.559007432438838697e-05
8.915438842228368230e+03 6.576515192534129002e-05
8.919896561649484283e+03 6.592993913107357854e-05
8.924356509930306856e+03 6.607812247111334233e-05
8.928818688185274368e+03 6.620426403862401856e-05
8.933283097529365477e+03 6.630383611458665657e-05
8.937749739078130006e+03 6.637318044713527113e-05
8.942218613947668928e+03 6.640949134180084410e-05
8.946689723254641649e+03 6.641084055468340214e-05
8.951163068116269642e+03 6.637619262642261439e-05
8.955638649650325533e+03 6.630532600642027397e-05
8.960116468975151292e+03 6.619889695998003700e-05
8.964596527209640044e+03 6.605849856903467301e-05
8.969078825473243342e+03 6.588672035845829405e-05
8.973563364885980263e+03 6.568718853585340243e-05
8.978050146568422861e+03 6.546456911320260442e-05
8.982539171641707071e+03 6.522451484701926293e-05
8.987030441227527263e+03 6.497354082134375254e-05
8.991523956448141689e+03 6.471882137905210779e-05
8.996019718426365216e+03 6.446791088232776718e-05
9.000517728285576595e+03 6.422839908320641857e-05
9.005017987149718465e+03 6.400752457035598336e-05
9.009520496143293713e+03 6.381177295007150465e-05
9.014025256391363655e+03 6.364649669170535011e-05
9.018532269019558953e+03 6.351558674283815781e-05
9.023041535154068697e+03 6.342123364955684346e-05
9.027553055921644045e+03 6.336379543696378340e-05
9.032066832449605499e+03 6.334179406530396426e-05
9.036582865865830172e+03 6.335203750937781872e-05
9.041101157298762701e+03 6.338985724720117519e-05
9.045621707877409790e+03 6.344945817668979347e-05
9.050144518731349308e+03 6.352430789806047876e-05
9.054669590990713914e+03 6.360761514460828200e-05
9.059196925786209249e+03 6.369279299950247517e-05
9.063726524249101203e+03 6.377387596300119132e-05
9.068258387511226829e+03 6.384583566821277947e-05
9.072792516704981608e+03 6.390482123023419640e-05
9.077328912963334005e+03 6.394834007535544085e-05
9.081867577419816371e+03 6.397530743818012134e-05
9.086408511208524942e+03 6.398598996953803173e-05
9.090951715464128938e+03 6.398186241780281711e-05
9.095497191321861465e+03 6.396538883992935933e-05
9.100044939917521333e+03 6.393975577163114920e-05
9.104594962387480336e+03 6.390857198004036999e-05
9.109147259868672336e+03 6.387556396067220975e-05
9.113701833498605993e+03 6.384427953829884732e-05
9.118258684415355674e+03 6.381782271961623158e-05
9.122817813757561453e+03 6.379862638716169126e-05
9.127379222664440022e+03 6.378827860058528952e-05
9.131942912275771960e+03 6.378740485393290759e-05
9.136508883731910828e+03 6.379561440383321128e-05
9.141077138173775893e+03 6.381150992071085639e-05
9.145647676742861222e+03 6.383276266122511571e-05
9.150220500581230226e+03 6.385624963324940822e-05
9.154795610831521117e+03 6.387824719477785843e-05
9.159373008636937811e+03 6.389467528838010024e-05
9.163952695141255390e+03 6.390137765083193575e-05
9.168534671488825552e+03 6.389442627936564242e-05
9.173118938824569341e+03 6.387042785549728457e-05
9.177705498293980781e+03 6.382681533038917659e-05
9.182294351043128700e+03 6.376209765254500317e-05
9.186885498218649445e+03 6.367604887530352179e-05
9.191478940967757808e+03 6.356981319574106536e-05
9.196074680438241558e+03 6.344591702414447256e-05
9.200672717778459628e+03 6.330817844573133357e-05
9.205273054137347572e+03 6.316147481383305434e-05
9.209875690664415743e+03 6.301143758068447956e-05
9.214480628509745657e+03 6.286410296999960575e-05
9.219087868824000907e+03 6.272551630017854742e-05
9.223697412758412611e+03 6.260128188899808451e-05
9.228309261464790325e+03 6.249609911716816021e-05
9.232923416095522043e+03 6.241341812074710504e-05
9.237539877803568743e+03 6.235518003487147318e-05
9.242158647742471658e+03 6.232166216693043367e-05
9.246779727066341366e+03 6.231145289741823795e-05
9.251403116929874159e+03 6.232155477754725394e-05
9.256028818488339311e+03 6.234761033095438676e-05
9.260656832897580898e+03 6.238422296454848061e-05
9.265287161314030527e+03 6.242535343718068558e-05
9.269919804894685512e+03 6.246474066889289370e-05
9.274554764797134339e+03 6.249632955383680832e-05
9.279192042179531200e+03 6.251465619562832999e-05
9.283831638200621455e+03 6.251516927615910989e-05
9.288473554019721632e+03 6.249446398726665969e-05
9.293117790796730333e+03 6.245041779592815708e-05
9.297764349692128235e+03 6.238222710999285353e-05
9.302413231866974456e+03 6.229034935202296564e-05
9.307064438482906553e+03 6.217636878919146845e-05
9.311717970702147795e+03 6.204280115082302309e-05
9.316373829687498073e+03 6.189286393235941808e-05
9.321032016602341173e+03 6.173022937490357223e-05
9.325692532610641138e+03 6.155878651486003156e-05
9.330355378876945906e+03 6.138242301625874313e-05
9.335020556566383675e+03 6.120484544910753818e-05
9.339688066844666537e+03 6.102943935738082095e-05
9.344357910878086841e+03 6.085918042807347052e-05
9.349030089833526290e+03 6.069657461332814754e-05
9.353704604878443206e+03 6.054364805315606639e-05
9.358381457180881625e+03 6.040198019657829577e-05
9.363060647909471299e+03 6.027277123912133531e-05
9.367742178233424056e+03 6.015691102156330066e-05
9.372426049322542895e+03 6.005507010254262001e-05
9.377112262347201977e+03 5.996770101800256167e-05
9.381800818478373913e+03 5.989516860023889465e-05
9.386491718887613388e+03 5.983780509631935406e-05
9.391184964747057165e+03 5.979596700435920879e-05
9.395880557229429542e+03 5.977006127037089628e-05
9.400578497508044165e+03 5.976055808442519364e-05
9.405278786756798581e+03 5.976798392218863687e-05
9.409981426150176048e+03 5.979289306947893688e-05
9.414686416863250997e+03 5.983582763832383369e-05
9.419393760071681754e+03 5.989724463393429106e-05
9.424103456951717817e+03 5.997743291411607316e-05
9.428815508680194398e+03 6.007638894011146675e-05
9.433529916434532424e+03 6.019377092537389715e-05
9.438246681392751270e+03 6.032881776279923130e-05
9.442965804733445111e+03 6.048024835697051805e-05
9.447687287635810208e+03 6.064616848125943603e-05
9.452411131279628535e+03 6.082403160826382979e-05
9.457137336845267782e+03 6.101064744224985088e-05
9.461865905513688631e+03 6.120222390447031021e-05
9.466596838466446570e+03 6.139445483565580800e-05
9.471330136885679167e+03 6.158265959440381587e-05
9.476065801954122435e+03 6.176196818413035483e-05
9.480803834855096284e+03 6.192754875817523127e-05
9.485544236772524528e+03 6.207486062350822491e-05
9.490287008890911238e+03 6.219991926707315341e-05
9.495032152395355297e+03 6.229954942799808713e-05
9.499779668471552213e+03 6.237160711494078879e-05
9.504529558305786850e+03 6.241514485970365059e-05
9.509281823084937059e+03 6.243050344889534888e-05
9.514036463996480961e+03 6.241931260822607532e-05
9.518793482228478751e+03 6.238439542430003829e-05
9.523552878969592712e+03 6.232957625869843922e-05
9.528314655409076295e+03 6.225940297420244315e-05
9.533078812736779582e+03 6.217880407651702552e-05
9.537845352143147466e+03 6.209270709611466670e-05
9.542614274819217826e+03 6.200565121307818612e-05
9.547385581956626993e+03 6.192142887452372312e-05
9.552159274747604286e+03 6.184278840946754862e-05
9.556935354384977472e+03 6.177122614953620638e-05
9.561713822062170948e+03 6.170688662960994932e-05
9.566494678973200280e+03 6.164857951628511493e-05
9.571277926312686759e+03 6.159391197625943451e-05
9.576063565275841029e+03 6.153952078947778079e-05
9.580851597058479456e+03 6.148138258362579364e-05
9.585642022857005941e+03 6.141517141325631790e-05
9.590434843868433745e+03 6.133663071595930167e-05
9.595230061290367303e+03 6.124192597927949214e-05
9.600027676321011313e+03 6.112794930324847657e-05
9.604827690159172562e+03 6.099255117264585561e-05
9.609630104004252644e+03 6.083468562676367031e-05
9.614434919056253420e+03 6.065446325299364945e-05
9.619242136515780658e+03 6.045311337376938279e-05
9.624051757584040388e+03 6.023286872885026504e-05
9.628863783462829815e+03 5.999678724897661959e-05
9.633678215354560962e+03 5.974853234495527889e-05
9.638495054462237022e+03 5.949213298627029669e-05
9.643314301989466912e+03 5.923174400975203714e-05
9.648135959140461637e+03 5.897142474172412075e-05
9.652960027120032464e+03 5.871494904654005919e-05
9.657786507133590931e+03 5.846565654025334615e-05
9.662615400387157933e+03 5.822634874956122020e-05
9.667446708087350999e+03 5.799923126445945796e-05
9.672280431441393375e+03 5.778589678887710254e-05
9.677116571657114036e+03 5.758734554909196066e-05
9.681955129942942222e+03 5.740403184299455107e-05
9.686796107507911074e+03 5.723593322463519989e-05
9.691639505561664919e+03 5.708262900793798004e-05
9.696485325314444708e+03 5.694338634943609288e-05
9.701333567977100756e+03 5.681724230471557315e-05
9.706184234761089101e+03 5.670308322279497051e-05
9.711037326878469685e+03 5.659971173623909598e-05
9.715892845541908173e+03 5.650590648945083311e-05
9.720750791964679593e+03 5.642046702798952885e-05
9.725611167360661057e+03 5.634225070636376742e-05
9.730473972944339039e+03 5.627019487912140029e-05
9.735339209930811194e+03 5.620334168918038515e-05
9.740206879535777261e+03 5.614084144394728277e-05
9.745076982975542705e+03 5.608194490587427582e-05
9.749949521467031445e+03 5.602599257338510978e-05
9.754824496227765849e+03 5.597241940728519286e-05
9.759701908475877644e+03 5.592074576821812177e-05
9.764581759430115198e+03 5.587062776388815305e-05
9.769464050309830782e+03 5.582177227645386606e-05
9.774348782334986026e+03 5.577394392639423122e-05
9.779235956726153745e+03 5.572695339973293536e-05
9.784125574704514293e+03 5.568065931043172543e-05
9.789017637491866481e+03 5.563496233677085490e-05
9.793912146310611206e+03 5.558980011857760691e-05
9.798809102383766003e+03 5.554514468734540175e-05
9.803708506934955949e+03 5.550100053378245296e-05
9.808610361188424577e+03 5.545740522361056115e-05
9.813514666369017505e+03 5.541443215197036550e-05
9.818421423702202446e+03 5.537219391311870754e-05
9.823330634414052838e+03 5.533084879005312239e-05
9.828242299731258754e+03 5.529060778972470514e-05
9.833156420881123267e+03 5.525174505513668949e-05
9.838072999091566089e+03 5.521460773247106082e-05
9.842992035591109016e+03 5.517962104137553352e-05
9.847913531608905032e+03 5.514730567560388710e-05
9.852837488374709210e+03 5.511828595507043039e-05
9.857763907118896896e+03 5.509333966166632911e-05
9.862692789072454616e+03 5.507339094818186734e-05
9.867624135466990992e+03 5.505953132058064741e-05
9.872557947534724008e+03 5.505299576798420316e-05
9.877494226508490101e+03 5.505518271565589260e-05
9.882432973621742349e+03 5.506766496053611045e-05
9.887374190108554103e+03 5.509218311011612729e-05
9.892317877203606258e+03 5.513062198481367217e-05
9.897264036142207260e+03 5.518498182329713492e-05
9.902212668160278554e+03 5.525733237232873223e-05
9.907163774494356403e+03 5.534975582950803219e-05
9.912117356381604623e+03 5.546427058216847020e-05
9.917073415059796389e+03 5.560274274194574738e-05
9.922031951767323335e+03 5.576678207761041043e-05
9.926992967743208283e+03 5.595762931282191908e-05
9.931956464227079778e+03 5.617603637542311923e-05
9.936922442459192098e+03 5.642214924602497210e-05
9.941890903680419797e+03 5.669539782505490658e-05
9.946861849132259522e+03 5.699440557842183668e-05
9.951835280056824558e+03 5.731692541825662444e-05
9.956811197696853924e+03 5.765981348967764996e-05
9.961789603295701454e+03 5.801904697102650948e-05
9.966770498097348536e+03 5.838979390235471081e-05
9.971753883346398652e+03 5.876653560834720400e-05
9.976739760288070102e+03 5.914324182920183170e-05
9.981728130168214193e+03 5.951359120411615065e-05
9.986718994233297053e+03 5.987122616115666618e-05
9.991712353730412360e+03 6.021002675057783506e-05
9.996708209907275887e+03 6.052438330439139936e-05
1.000170656401223096e+04 6.080944822221252637e-05
1.000670741729423571e+04 6.106134338242060540e-05
1.001171077100288130e+04 6.127730529186815043e-05
1.001671662638838097e+04 6.145575299246613672e-05
1.002172498470157552e+04 6.159627017307623743e-05
1.002673584719392602e+04 6.169950154930646058e-05
1.003174921511752291e+04 6.176697049218642869e-05
1.003676508972508054e+04 6.180083541956991877e-05
1.004178347226994447e+04 6.180360702550577966e-05
1.004680436400607687e+04 6.177785401059393360e-05
1.005182776618808020e+04 6.172592679960347542e-05
1.005685368007117359e+04 6.164972649744502621e-05
1.006188210691120730e+04 6.155054225061145636e-05
1.006691304796466284e+04 6.142897259062768606e-05
1.007194650448864377e+04 6.128493738460250733e-05
1.007698247774088668e+04 6.111777706963836309e-05
1.008202096897975571e+04 6.092642683906231751e-05
1.008706197946424618e+04 6.070964536571024465e-05
1.009210551045397733e+04 6.046627253719922271e-05
1.009715156320920505e+04 6.019548873255058677e-05
1.010220013899080732e+04 5.989704813245658361e-05
1.010725123906030240e+04 5.957146356563457792e-05
1.011230486467983246e+04 5.922012515826316031e-05
1.011736101711217088e+04 5.884534454831070262e-05
1.012241969762072767e+04 5.845032074261567197e-05
1.012748090746953676e+04 5.803903599407264261e-05
1.013254464792327235e+04 5.761609318330170385e-05
1.013761092024723439e+04 5.718651083282785179e-05
1.014267972570735765e+04 5.675549598528631742e-05
1.014775106557020990e+04 5.632821369015008153e-05
1.015282494110299558e+04 5.590957074988253938e-05
1.015790135357354484e+04 5.550402835205876751e-05
1.016298030425033176e+04 5.511545435615675305e-05
1.016806179440245614e+04 5.474701990933842228e-05
1.017314582529965810e+04 5.440114392071918352e-05
1.017823239821230709e+04 5.407948081673090071e-05
1.018332151441141286e+04 5.378294846471342634e-05
1.018841317516861636e+04 5.351178618724641779e-05
1.019350738175620063e+04 5.326563806371914208e-05
1.019860413544707808e+04 5.304364867348623639e-05
1.020370343751479959e+04 5.284456772251138102e-05
1.020880528923355814e+04 5.266685155970840906e-05
1.021390969187817427e+04 5.250876163321891517e-05
1.021901664672411243e+04 5.236844985530623547e-05
1.022412615504747555e+04 5.224403474591525471e-05
1.022923821812499773e+04 5.213366067257684460e-05
1.023435283723406064e+04 5.203554636517594023e-05
1.023947001365267715e+04 5.194801741171195601e-05
1.024458974865950222e+04 5.186953075752452684e-05
1.024971204353383291e+04 5.179869085552645349e-05
1.025483689955559748e+04 5.173424767746931656e-05
1.025996431800537539e+04 5.167509851032304992e-05
1.026509430016437727e+04 5.162025619645918605e-05
1.027022684731445952e+04 5.156887318862252086e-05
1.027536196073811698e+04 5.152022376454681011e-05
1.028049964171848660e+04 5.147371665012506683e-05
1.028563989153934381e+04 5.142885589457652889e-05
1.029078271148511521e+04 5.138521994058422199e-05
1.029592810284085681e+04 5.134245561075789272e-05
1.030107606689227578e+04 5.130027608156757378e-05
1.030622660492572140e+04 5.125845038060175313e-05
1.031137971822818326e+04 5.121679717897423224e-05
1.031653540808729667e+04 5.117517574212888828e-05
1.032169367579134087e+04 5.113348147474582143e-05
1.032685452262923536e+04 5.109163888956637584e-05
1.033201794989054906e+04 5.104959836166377083e-05
1.033718395886549479e+04 5.100733077272588158e-05
1.034235255084492746e+04 5.096482492011339410e-05
1.034752372712034776e+04 5.092208356660004215e-05
1.035269748898390935e+04 5.087912154837278541e-05
1.035787383772840076e+04 5.083596244241652497e-05
1.036305277464726532e+04 5.079263682290780635e-05
1.036823430103458850e+04 5.074917970273849381e-05
1.037341841818510329e+04 5.070562940952752512e-05
1.037860512739419573e+04 5.066202517909322318e-05
1.038379442995789213e+04 5.061840620350415093e-05
1.038898632717287001e+04 5.057480999325114271e-05
1.039418082033645442e+04 5.053127148893026249e-05
1.039937791074662346e+04 5.048782204966782483e-05
1.040457759970199550e+04 5.044448930861650634e-05
1.040977988850184556e+04 5.040129606340548859e-05
1.041498477844609624e+04 5.035826040332038844e-05
1.042019227083531769e+04 5.031539574576209710e-05
1.042540236697073669e+04 5.027271087732070889e-05
1.043061506815422217e+04 5.023021031268978798e-05
1.043583037568829786e+04 5.018789468200775223e-05
1.044104829087614235e+04 5.014576108460254205e-05
1.044626881502157994e+04 5.010380395550497699e-05
1.045149194942908798e+04 5.006201535829081381e-05
1.045671769540380228e+04 5.002038550427306780e-05
1.046194605425150439e+04 4.997890364798868688e-05
1.046717702727862888e+04 4.993755832590396262e-05
1.047241061579226698e+04 4.989633786615603050e-05
1.047764682110016111e+04 4.985523072307195772e-05
1.048288564451071034e+04 4.981422629652152790e-05
1.048812708733296495e+04 4.977331471459756204e-05
1.049337115087663187e+04 4.973248759473199653e-05
1.049861783645206924e+04 4.969173811695208322e-05
1.050386714537029548e+04 4.965106130308825959e-05
1.050911907894298020e+04 4.961045460433805476e-05
1.051437363848245150e+04 4.956991778921239223e-05
1.051963082530169231e+04 4.952945362862048615e-05
1.052489064071434041e+04 4.948906858949659731e-05
1.053015308603469930e+04 4.944877316426546479e-05
1.053541816257771643e+04 4.940858309145478434e-05
1.054068587165900317e+04 4.936852058531792162e-05
1.054595621459483300e+04 4.932861669119844574e-05
1.055122919270212878e+04 4.928891267157296688e-05
1.055650480729847914e+04 4.924946393053678451e-05
1.056178305970212750e+04 4.921034264658518916e-05
1.056706395123197944e+04 4.917164472410242779e-05
1.057234748320759536e+04 4.913349367722943880e-05
1.057763365694919594e+04 4.909605067534797028e-05
1.058292247377767126e+04 4.905952179936001284e-05
1.058821393501456078e+04 4.902417117812608686e-05
1.059350804198206606e+04 4.899033310129547868e-05
1.059880479600305625e+04 4.895842846617956345e-05
1.060410419840105715e+04 4.892897840326190849e-05
1.060940625050025847e+04 4.890261659647559254e-05
1.061471095362550841e+04 4.888011891448566624e-05
1.062001830910231911e+04 4.886246606760251486e-05
1.062532831825687026e+04 4.885076902037342441e-05
1.063064098241599822e+04 4.884641034377328977e-05
1.063595630290720692e+04 4.885100421537937174e-05
1.064127428105866056e+04 4.886639872113530096e-05
1.064659491819918730e+04 4.889470955797971079e-05
1.065191821565828650e+04 4.893832904901588372e-05
1.065724417476611598e+04 4.899992700192191649e-05
1.066257279685349749e+04 4.908243342235668881e-05
1.066790408325192402e+04 4.918901017036914433e-05
1.067323803529354882e+04 4.932300570550879413e-05
1.067857465431119454e+04 4.948789290875309639e-05
1.068391394163834957e+04 4.968718744555347775e-05
1.068925589860916625e+04 4.992434730714572828e-05
1.069460052655847176e+04 5.020265632457023784e-05
1.069994782682174991e+04 5.052509247295170158e-05
1.070529780073516122e+04 5.089418830394496450e-05
1.071065044963552828e+04 5.131188474067191658e-05
1.071600577486034672e+04 5.177938621562844826e-05
1.072136377774777429e+04 5.229704722370669308e-05
1.072672445963664723e+04 5.286430323639860438e-05
1.073208782186646567e+04 5.347955675496599026e-05
1.073745386577739737e+04 5.414021639076992668e-05
1.074282259271028488e+04 5.484269240435699566e-05
1.074819400400664017e+04 5.558246994514438091e-05
1.075356810100864277e+04 5.635425841373984513e-05
1.075894488505914705e+04 5.715218228881820660e-05
1.076432435750167679e+04 5.796999922339801404e-05
1.076970651968042876e+04 5.880133694189934384e-05
1.077509137294026732e+04 5.963993840109743118e-05
1.078047891862673714e+04 6.047988498988716088e-05
1.078586915808605045e+04 6.131578538026054639e-05
1.079126209266509250e+04 6.214290385184356497e-05
1.079665772371142521e+04 6.295722078033178838e-05
1.080205605257328170e+04 6.375541075969677954e-05
1.080745708059956632e+04 6.453474461346360967e-05
1.081286080913986552e+04 6.529291817839891026e-05
1.081826723954443514e+04 6.602782798598524515e-05
1.082367637316420769e+04 6.673731480967948595e-05
1.082908821135078870e+04 6.741890589531572217e-05
1.083450275545646400e+04 6.806958248089548197e-05
1.083992000683419246e+04 6.868560656226995874e-05
1.084533996683760961e+04 6.926242565566756177e-05
1.085076263682102763e+04 6.979467663746174826e-05
1.085618801813943719e+04 7.027629312930910432e-05
1.086161611214850745e+04 7.070071456709306154e-05
1.086704692020458060e+04 7.106117974727097115e-05
1.087248044366468275e+04 7.135108269240678395e-05
1.087791668388651487e+04 7.156435754204343834e-05
1.088335564222845824e+04 7.169585822065713536e-05
1.088879732004957077e+04 7.174169586497800184e-05
1.089424171870959435e+04 7.169950261907332052e-05
1.089968883956894751e+04 7.156859657115384899e-05
1.090513868398873274e+04 7.135003232538684656e-05
1.091059125333072552e+04 7.104653340779655362e-05
1.091604654895739259e+04 7.066231366534792230e-05
1.092150457223186822e+04 7.020280792161349753e-05
1.092696532451798339e+04 6.967433688996360923e-05
1.093242880718024207e+04 6.908374123249785489e-05
1.093789502158383220e+04 6.843801877211267326e-05
1.094336396909462201e+04 6.774399780487682797e-05
1.094883565107917093e+04 6.700807571337935218e-05
1.095431006890470962e+04 6.623604102411565777e-05
1.095978722393916178e+04 6.543299004743722755e-05
1.096526711755113138e+04 6.460333776013469861e-05
1.097074975110990636e+04 6.375091070518292859e-05
1.097623512598546040e+04 6.287910616867552769e-05
1.098172324354845114e+04 6.199108911010393582e-05
1.098721410517022559e+04 6.109000386209666362e-05
1.099270771222280928e+04 6.017917003623361581e-05
1.099820406607892073e+04 5.926224235608297937e-05
1.100370316811195880e+04 5.834331292483793154e-05
1.100920501969601537e+04 5.742695162472343467e-05
1.101470962220586262e+04 5.651817322109658858e-05
1.102021697701696394e+04 5.562234553787534134e-05
1.102572708550547395e+04 5.474504063674665846e-05
1.103123994904822393e+04 5.389185247708399613e-05
1.103675556902274730e+04 5.306819295514391549e-05
1.104227394680725774e+04 5.227909150298405542e-05
1.104779508378066203e+04 5.152901049475364006e-05
1.105331898132255083e+04 5.082167823341226967e-05
1.105884564081321150e+04 5.015995125893326262e-05
1.106437506363361717e+04 4.954583101856101332e-05
1.106990725116543399e+04 4.898032477738732497e-05
1.107544220479101568e+04 4.846355369958115980e-05
1.108097992589341266e+04 4.799481457853822265e-05
1.108652041585635743e+04 4.757264495181258256e-05
1.109206367606428466e+04 4.719494026794926461e-05
1.109760970790231841e+04 4.685908400994295679e-05
1.110315851275626846e+04 4.656208649677899699e-05
1.110871009201264678e+04 4.630071480419363289e-05
1.111426444705865288e+04 4.607161342555474327e-05
1.111982157928218112e+04 4.587140986689205541e-05
1.112538149007182074e+04 4.569680387866844283e-05
1.113094418081685762e+04 4.554463908686393108e-05
1.113650965290726526e+04 4.541195551317113178e-05
1.114207790773371926e+04 4.529602668522798295e-05
1.114764894668758461e+04 4.519438030755044044e-05
1.115322277116092846e+04 4.510480923481513787e-05
1.115879938254650915e+04 4.502537221100349758e-05
1.116437878223778171e+04 4.495437252095082380e-05
1.116996097162890146e+04 4.489032703953618438e-05
1.117554595211471315e+04 4.483199671638935977e-05
1.118113372509077271e+04 4.477830818458039162e-05
1.118672429195331642e+04 4.472837631144331285e-05
1.119231765409929358e+04 4.468148010422621933e-05
1.119791381292634287e+04 4.463702148786665471e-05
1.120351276983280513e+04 4.459450188260836230e-05
1.120911452621772150e+04 4.455351079982251589e-05
1.121471908348082798e+04 4.451371477755100943e-05
1.122032644302256813e+04 4.447484208492555416e-05
1.122593660624407676e+04 4.443667344045471387e-05
1.123154957454719988e+04 4.439903021627855521e-05
1.123716534933447110e+04 4.436176824623101257e-05
1.124278393200913888e+04 4.432476971156091146e-05
1.124840532397514107e+04 4.428793943209680215e-05
1.125402952663712858e+04 4.425119916427867710e-05
1.125965654140044717e+04 4.421448531107229481e-05
1.126528636967114653e+04 4.417774575468878378e-05
1.127091901285598396e+04 4.414093838093418270e-05
1.127655447236240980e+04 4.410402881219078889e-05
1.128219274959858922e+04 4.406699005652396823e-05
1.128783384597338772e+04 4.402980090334398540e-05
1.129347776289637477e+04 4.399244584792239173e-05
1.129912450177782193e+04 4.395491429764842109e-05
1.130477406402871020e+04 4.391720057153348242e-05
1.131042645106072450e+04 4.387930306306120993e-05
1.131608166428625373e+04 4.384122456467274767e-05
1.132173970511839616e+04 4.380297167908892068e-05
1.132740057497095586e+04 4.376455489088849676e-05
1.133306427525844083e+04 4.372598796308247723e-05
1.133873080739606849e+04 4.368728795219641302e-05
1.134440017279976746e+04 4.364847457125088095e-05
1.135007237288616670e+04 4.360956995987629454e-05
1.135574740907261003e+04 4.357059804438170793e-05
1.136142528277714337e+04 4.353158402683074234e-05
1.136710599541853117e+04 4.349255371236189391e-05
1.137278954841624000e+04 4.345353300197655160e-05
1.137847594319044765e+04 4.341454719818335921e-05
1.138416518116204134e+04 4.337562025685927174e-05
1.138985726375261947e+04 4.333677442126296321e-05
1.139555219238449718e+04 4.329802961021216138e-05
1.140124996848068804e+04 4.325940285073121510e-05
1.140695059346492963e+04 4.322090819059855424e-05
1.141265406876166162e+04 4.318255629321975537e-05
1.141836039579604039e+04 4.314435460869605048e-05
1.142406957599393718e+04 4.310630720830608637e-05
1.142978161078193443e+04 4.306841490714194323e-05
1.143549650158732402e+04 4.303067573464805962e-05
1.144121424983811994e+04 4.299308514028126572e-05
1.144693485696303651e+04 4.295563651719874212e-05
1.145265832439151745e+04 4.291832164982438121e-05
1.145838465355371227e+04 4.288113108387400535e-05
1.146411384588048895e+04 4.284405472571859764e-05
1.146984590280342854e+04 4.280708245275395329e-05
1.147558082575482877e+04 4.277020421496005202e-05
1.148131861616770402e+04 4.273341051270892154e-05
1.148705927547578722e+04 4.269669265507056714e-05
1.149280280511352612e+04 4.266004298980695370e-05
1.149854920651608154e+04 4.262345493393395054e-05
1.150429848111933825e+04 4.258692314411277624e-05
1.151005063035989770e+04 4.255044342661434012e-05
1.151580565567507620e+04 4.251401275996049395e-05
1.152156355850291402e+04 4.247762914173501986e-05
1.152732434028216448e+04 4.244129159344341075e-05
1.153308800245230486e+04 4.240500007823589805e-05
1.153885454645352911e+04 4.236875530966017871e-05
1.154462397372675696e+04 4.233255877012449050e-05
1.155039628571362118e+04 4.229641263429988727e-05
1.155617148385647488e+04 4.226031942886741578e-05
1.156194956959840238e+04 4.222428232825482412e-05
1.156773054438320287e+04 4.218830458624661542e-05
1.157351440965539405e+04 4.215238956850343835e-05
1.157930116686021938e+04 4.211654051017845932e-05
1.158509081744365176e+04 4.208076034528636996e-05
1.159088336285237165e+04 4.204505151523632600e-05
1.159667880453379803e+04 4.200941556940198036e-05
1.160247714393606293e+04 4.197385312887590657e-05
1.160827838250803143e+04 4.193836390991734778e-05
1.161408252169928528e+04 4.190294617707067984e-05
1.161988956296013384e+04 4.186759697374326330e-05
1.162569950774161225e+04 4.183231210863534543e-05
1.163151235749548323e+04 4.179708620661279123e-05
1.163732811367422801e+04 4.176191289508629549e-05
1.164314677773106450e+04 4.172678492823976240e-05
1.164896835111992914e+04 4.169169448415429132e-05
1.165479283529548957e+04 4.165663319871963557e-05
1.166062023171313558e+04 4.162159305824154052e-05
1.166645054182899185e+04 4.158656582718818858e-05
1.167228376709990698e+04 4.155154370457686704e-05
1.167811990898345539e+04 4.151651947140455872e-05
1.168395896893794634e+04 4.148148664576973416e-05
1.168980094842241488e+04 4.144643951602362196e-05
1.169564584889662547e+04 4.141137348394528886e-05
1.170149367182107198e+04 4.137628505042725732e-05
1.170734441865698318e+04 4.134117186519747108e-05
1.171319809086630994e+04 4.130603300470513675e-05
1.171905468991174348e+04 4.127086894511161456e-05
1.172491421725669716e+04 4.123568176745795959e-05
1.173077667436532647e+04 4.120047518289313404e-05
1.173664206270250907e+04 4.116525442415793970e-05
1.174251038373386109e+04 4.113002682180871134e-05
1.174838163892572629e+04 4.109480211824729405e-05
1.175425582974518693e+04 4.105959131685557541e-05
1.176013295766005831e+04 4.102440761734916114e-05
1.176601302413888880e+04 4.098926622907709025e-05
1.177189603065095798e+04 4.095418417952079767e-05
1.177778197866628398e+04 4.091918038577285299e-05
1.178367086965561612e+04 4.088427558382534899e-05
1.178956270509044225e+04 4.084949213959708150e-05
1.179545748644298874e+04 4.081485392896926241e-05
1.180135521518620953e+04 4.078038615901365284e-05
1.180725589279380256e+04 4.074611515722019814e-05
1.181315952074019879e+04 4.071206790056182027e-05
1.181906610050056770e+04 4.067827159523754383e-05
1.182497563355081729e+04 4.064475308963398767e-05
1.183088812136759225e+04 4.061153806654240654e-05
1.183680356542827576e+04 4.057865024676457862e-05
1.184272196721098953e+04 4.054611012650134370e-05
1.184864332819459196e+04 4.051393390955655764e-05
1.185456764985869086e+04 4.048213242583305192e-05
1.186049493368361982e+04 4.045070944222969482e-05
1.186642518115046005e+04 4.041966078321993042e-05
1.187235839374103489e+04 4.038897319034243365e-05
1.187829457293790438e+04 4.035862346102388507e-05
1.188423372022437252e+04 4.032857788750508527e-05
1.189017583708448365e+04 4.029879205684301830e-05
1.189612092500302606e+04 4.026921136166587104e-05
1.190206898546552657e+04 4.023977168253289562e-05
1.190802001995825776e+04 4.021040056754251747e-05
1.191397402996823621e+04 4.018101890217488318e-05
1.191993101698322243e+04 4.015154291828696299e-05
1.192589098249171184e+04 4.012188645472372330e-05
1.193185392798295834e+04 4.009196341678185745e-05
1.193781985494694891e+04 4.006169020148943511e-05
1.194378876487441994e+04 4.003098788797162291e-05
1.194976065925685725e+04 3.999978482334600870e-05
1.195573553958648517e+04 3.996801836493464171e-05
1.196171340735627746e+04 3.993563650062278010e-05
1.196769426405995546e+04 3.990259915125055718e-05
1.197367811119198632e+04 3.986887909044551027e-05
1.197966495024758115e+04 3.983446245582469099e-05
1.198565478272270229e+04 3.979934898052976623e-05
1.199164761011406335e+04 3.976355173225483891e-05
1.199764343391912007e+04 3.972709671759633510e-05
1.200364225563607761e+04 3.969002205750436340e-05
1.200964407676389419e+04 3.965237687308892860e-05
1.201564889880227565e+04 3.961422022718440661e-05
1.202165672325167543e+04 3.957561938839805361e-05
1.202766755161330184e+04 3.953664820566838995e-05
1.203368138538910716e+04 3.949738531014742026e-05
1.203969822608180220e+04 3.945791192960008980e-05
1.204571807519483991e+04 3.941831024769532640e-05
1.205174093423243721e+04 3.937866106919330449e-05
1.205776680469955318e+04 3.933904197024620472e-05
1.206379568810190176e+04 3.929952557025483557e-05
1.206982758594594998e+04 3.926017787606749963e-05
1.207586249973892336e+04 3.922105709821779211e-05
1.208190043098879141e+04 3.918221254801128762e-05
1.208794138120428397e+04 3.914368398921237019e-05
1.209398535189488575e+04 3.910550167695386409e-05
1.210003234457083272e+04 3.906768611766638186e-05
1.210608236074311753e+04 3.903024864178542149e-05
1.211213540192348955e+04 3.899319205411243158e-05
1.211819146962444938e+04 3.895651156391422655e-05
1.212425056535926160e+04 3.892019592371792332e-05
1.213031269064194021e+04 3.888422861225583057e-05
1.213637784698726136e+04 3.884858915475191923e-05
1.214244603591075429e+04 3.881325394496149727e-05
1.214851725892871036e+04 3.877819814441868588e-05
1.215459151755817402e+04 3.874339614269417368e-05
1.216066881331695186e+04 3.870882268471630610e-05
1.216674914772361080e+04 3.867445351241895982e-05
1.217283252229747268e+04 3.864026600074426109e-05
1.217891893855861781e+04 3.860623949626640193e-05
1.218500839802789778e+04 3.857235554705188584e-05
1.219110090222691178e+04 3.853859804046065493e-05
1.219719645267802480e+04 3.850495308701823872e-05
1.220329505090436396e+04 3.847140897214760879e-05
1.220939669842981493e+04 3.843795589285470277e-05
1.221550139677902916e+04 3.840458580209781604e-05
1.222160914747741663e+04 3.837129225843100022e-05
1.222771995205115491e+04 3.833806977214418936e-05
1.223383381202718010e+04 3.830491361640606427e-05
1.223995072893319229e+04 3.827182065006912658e-05
1.224607070429765918e+04 3.823878808849379872e-05
1.225219373964980696e+04 3.820581369919111352e-05
1.225831983651962946e+04 3.817289588674675245e-05
1.226444899643788995e+04 3.814003347476350618e-05
1.227058122093610837e+04 3.810722584157466190e-05
1.227671651154657593e+04 3.807447291219988057e-05
1.228285486980234782e+04 3.804177523026896671e-05
1.228899629723724865e+04 3.800913404414133450e-05
1.229514079538586702e+04 3.797655135192199382e-05
1.230128836578355913e+04 3.794403009710215960e-05
1.230743900996645061e+04 3.791157413293928021e-05
1.231359272947143472e+04 3.787918831661265064e-05
1.231974952583616869e+04 3.784687867180587089e-05
1.232590940059908644e+04 3.781465228566601296e-05
1.233207235529938407e+04 3.778251740617376476e-05
1.233823839147703256e+04 3.775048337373022563e-05
1.234440751067277233e+04 3.771856044158095446e-05
1.235057971442810776e+04 3.768675975365876692e-05
1.235675500428532177e+04 3.765509308497362584e-05
1.236293338178746308e+04 3.762357245698433794e-05
1.236911484847835527e+04 3.759220981044824608e-05
1.237529940590259503e+04 3.756101666945315271e-05
1.238148705560554481e+04 3.753000361759686486e-05
1.238767779913334743e+04 3.749917977408679943e-05
1.239387163803291332e+04 3.746855225470739246e-05
1.240006857385192961e+04 3.743812582031407724e-05
1.240626860813885469e+04 3.740790224327782717e-05
1.241247174244292364e+04 3.737787985275696137e-05
1.241867797831414282e+04 3.734805357725957449e-05
1.242488731730329710e+04 3.731841497221826737e-05
1.243109976096194805e+04 3.728895205394383903e-05
1.243731531084243034e+04 3.725965024818738401e-05
1.244353396849785167e+04 3.723049258029332090e-05
1.244975573548209832e+04 3.720146143232901743e-05
1.245598061334984050e+04 3.717254024170138651e-05
1.246220860365651424e+04 3.714371584249355116e-05
1.246843970795834139e+04 3.711498136121016075e-05
1.247467392781232047e+04 3.708634034537200614e-05
1.248091126477622674e+04 3.705781091729429315e-05
1.248715172040861216e+04 3.702943219644357867e-05
1.249339529626881631e+04 3.700127046746737227e-05
1.249964199391694819e+04 3.697342834190716395e-05
1.250589181491390809e+04 3.694605406356908683e-05
1.251214476082136389e+04 3.691935491693131065e-05
1.251840083320177291e+04 3.689360997883721653e-05
1.252466003361837284e+04 3.686918815043909229e-05
1.253092236363517986e+04 3.684656692623236509e-05
1.253718782481699964e+04 3.682635564578655928e-05
1.254345641872940541e+04 3.680932181540574416e-05
1.254972814693876899e+04 3.679641737099652651e-05
1.255600301101223704e+04 3.678880726007876444e-05
1.256228101251774206e+04 3.678790956230495508e-05
1.256856215302400051e+04 3.679546021571962786e-05
1.257484643410051103e+04 3.681348146022110532e-05
1.258113385731755989e+04 3.684440753344697260e-05
1.258742442424621731e+04 3.689108143648005327e-05
1.259371813645833936e+04 3.695676795030444561e-05
1.260001499552656787e+04 3.704520339908799314e-05
1.260631500302433051e+04 3.716060291136433734e-05
1.261261816052584072e+04 3.730766983800528074e-05
1.261892446960610323e+04 3.749157603943324582e-05
1.262523393184090673e+04 3.771792182701849141e-05
1.263154654880682574e+04 3.799267001292885095e-05
1.263786232208122783e+04 3.832204861550044981e-05
1.264418125324226639e+04 3.871242258866538664e-05
1.265050334386888608e+04 3.917012764021127956e-05
1.265682859554082097e+04 3.970127259159725552e-05
1.266315700983858915e+04 4.031150777981727895e-05
1.266948858834350722e+04 4.100576708148136710e-05
1.267582333263767759e+04 4.178798912430464334e-05
1.268216124430399577e+04 4.266082871119393450e-05
1.268850232492614850e+04 4.362537071911855340e-05
1.269484657608861016e+04 4.468086049016336880e-05
1.270119399937665366e+04 4.582446677619046081e-05
1.270754459637633954e+04 4.705109289550637173e-05
1.271389836867452686e+04 4.835325191397783301e-05
1.272025531785886415e+04 4.972101845859557375e-05
1.272661544551779116e+04 5.114206685390532516e-05
1.273297875324054985e+04 5.260180223134270977e-05
1.273934524261716979e+04 5.408358426227854245e-05
1.274571491523847726e+04 5.556903973898315725e-05
1.275208777269609709e+04 5.703845353823719730e-05
1.275846381658244354e+04 5.847122296410113746e-05
1.276484304849073305e+04 5.984635658079130472e-05
1.277122547001497696e+04 6.114299680463830750e-05
1.277761108274998514e+04 6.234094386222458720e-05
1.278399988829136055e+04 6.342116014935886368e-05
1.279039188823550285e+04 6.436623576671608672e-05
1.279678708417962116e+04 6.516079991354606566e-05
1.280318547772171223e+04 6.579186716545869674e-05
1.280958707046057134e+04 6.624911167736037500e-05
1.281599186399580140e+04 6.652506685789255820e-05
1.282239985992779839e+04 6.661525160258589123e-05
1.282881105985776048e+04 6.651822635466441184e-05
1.283522546538768984e+04 6.623558407019802775e-05
1.284164307812038533e+04 6.577188075190327143e-05
1.284806389965944254e+04 6.513451039986198614e-05
1.285448793160927380e+04 6.433352802701114870e-05
1.286091517557507359e+04 6.338142333384812817e-05
1.286734563316286039e+04 6.229284746707727360e-05
1.287377930597944396e+04 6.108429526318808541e-05
1.288021619563243075e+04 5.977374636956920184e-05
1.288665630373024942e+04 5.838027041019513090e-05
1.289309963188211259e+04 5.692360417514577558e-05
1.289954618169805144e+04 5.542371093656877837e-05
1.290599595478890114e+04 5.390033491657391442e-05
1.291244895276629541e+04 5.237256522076366570e-05
1.291890517724267556e+04 5.085842611561753609e-05
1.292536462983129786e+04 4.937450832019408848e-05
1.293182731214621344e+04 4.793565590280949700e-05
1.293829322580228472e+04 4.655472084647077966e-05
1.294476237241518538e+04 4.524239363238039197e-05
1.295123475360139128e+04 4.400711274677686759e-05
1.295771037097819317e+04 4.285505445336488118e-05
1.296418922616368036e+04 4.179019611051999246e-05
1.297067132077676069e+04 4.081444648652276792e-05
1.297715665643715147e+04 3.992783102706397552e-05
1.298364523476536851e+04 3.912871884641691664e-05
1.299013705738274984e+04 3.841407703487269114e-05
1.299663212591144111e+04 3.777973944558082149e-05
1.300313044197439558e+04 3.722067499873159106e-05
1.300963200719538327e+04 3.673124677009551226e-05
1.301613682319897998e+04 3.630544984406384649e-05
1.302264489161057827e+04 3.593712420163326323e-05
1.302915621405638194e+04 3.562013497464865331e-05
1.303567079216340790e+04 3.534852276890598479e-05
1.304218862755948976e+04 3.511661811511569193e-05
1.304870972187326879e+04 3.491912689710544249e-05
1.305523407673420479e+04 3.475118573419337886e-05
1.306176169377256883e+04 3.460839307931094040e-05
1.306829257461945599e+04 3.448682149958317037e-05
1.307482672090676533e+04 3.438301151322666418e-05
1.308136413426721447e+04 3.429394569759854446e-05
1.308790481633435047e+04 3.421700453133585869e-05
1.309444876874251349e+04 3.414999198119258355e-05
1.310099599312688406e+04 3.409101099779108661e-05
1.310754649112344850e+04 3.403848314622164728e-05
1.311410026436900807e+04 3.399111727000163211e-05
1.312065731450119165e+04 3.394784263442045605e-05
1.312721764315844121e+04 3.390778558788802799e-05
1.313378125198002090e+04 3.387023201477446427e-05
1.314034814260600979e+04 3.383460568013310431e-05
1.314691831667730912e+04 3.380044526831955872e-05
1.315349177583564779e+04 3.376738377972776834e-05
1.316006852172356412e+04 3.373513180832650931e-05
1.316664855598442409e+04 3.370346180233173224e-05
1.317323188026241769e+04 3.367219788014474356e-05
1.317981849620254798e+04 3.364120462132252941e-05
1.318640840545064748e+04 3.361037974832539440e-05
1.319300160965337273e+04 3.357964732194562371e-05
1.319959811045819879e+04 3.354895290991674324e-05
1.320619790951342657e+04 3.351825938964831026e-05
1.321280100846818459e+04 3.348754347652554893e-05
1.321940740897241812e+04 3.345679314465593651e-05
1.322601711267690553e+04 3.342600529957269218e-05
1.323263012123324188e+04 3.339518398208508166e-05
1.323924643629386082e+04 3.336433842050289878e-05
1.324586605951200727e+04 3.333348166523361183e-05
1.325248899254176104e+04 3.330262958054375916e-05
1.325911523703803141e+04 3.327179946828637914e-05
1.326574479465654986e+04 3.324100933965659367e-05
1.327237766705387548e+04 3.321027676209959551e-05
1.327901385588740413e+04 3.317961796818252109e-05
1.328565336281534655e+04 3.314904714473673367e-05
1.329229618949675387e+04 3.311857607977140746e-05
1.329894233759150120e+04 3.308821364877336798e-05
1.330559180876029495e+04 3.305796556633332179e-05
1.331224460466467644e+04 3.302783429111306275e-05
1.331890072696700554e+04 3.299781906298258124e-05
1.332556017733048793e+04 3.296791620626214869e-05
1.333222295741915514e+04 3.293811940125071600e-05
1.333888906889786449e+04 3.290842013626664859e-05
1.334555851343231188e+04 3.287880829023849863e-05
1.335223129268902630e+04 3.284927258744173073e-05
1.335890740833536984e+04 3.281980117365474072e-05
1.336558686203953766e+04 3.279038214055149164e-05
1.337226965547055806e+04 3.276100401457008937e-05
1.337895579029829241e+04 3.273165606550587913e-05
1.338564526819344246e+04 3.270232863448443230e-05
1.339233809082753760e+04 3.267301331464077556e-05
1.339903425987295122e+04 3.264370304394304141e-05
1.340573377700288620e+04 3.261439210766883340e-05
1.341243664389138758e+04 3.258507610973829043e-05
1.341914286221333350e+04 3.255575191599966768e-05
1.342585243364443886e+04 3.252641744234945905e-05
1.343256535986126073e+04 3.249707153599977743e-05
1.343928164254119292e+04 3.246771375603756967e-05
1.344600128336246235e+04 3.243834437988938214e-05
1.345272428400414356e+04 3.240896414903049607e-05
1.345945064614614239e+04 3.237957417617379961e-05
1.346618037146921597e+04 3.235017582012494566e-05
1.347291346165494724e+04 3.232077066632475825e-05
1.347964991838577589e+04 3.229136043244087149e-05
1.348638974334496925e+04 3.226194690229703191e-05
1.349313293821663865e+04 3.223253192613132834e-05
1.349987950468574672e+04 3.220311736361322944e-05
1.350662944443808738e+04 3.217370507081692847e-05
1.351338275916030580e+04 3.214429689576682415e-05
1.352013945053988573e+04 3.211489467558598760e-05
1.352689952026515493e+04 3.208550025296475291e-05
1.353366297002528881e+04 3.205611547216460542e-05
1.354042980151029951e+04 3.202674223373067573e-05
1.354720001641105409e+04 3.199738247897015916e-05
1.355397361641925818e+04 3.196803827370425685e-05
1.356075060322746867e+04 3.193871179187391415e-05
1.356753097852908104e+04 3.190940537921760269e-05
1.357431474401834566e+04 3.188012145304195918e-05
1.358110190139035331e+04 3.185086254939808499e-05
1.358789245234104601e+04 3.182163146174041952e-05
1.359468639856721529e+04 3.179243092548819438e-05
1.360148374176649850e+04 3.176326374403779993e-05
1.360828448363738062e+04 3.173413248818974223e-05
1.361508862587919612e+04 3.170503960314499794e-05
1.362189617019213438e+04 3.167598723012106821e-05
1.362870711827723062e+04 3.164697704614066374e-05
1.363552147183636953e+04 3.161801018547319360e-05
1.364233923257228525e+04 3.158908711596032491e-05
1.364916040218857052e+04 3.156020765764041446e-05
1.365598498238966567e+04 3.153137083613288577e-05
1.366281297488086057e+04 3.150257489941071467e-05
1.366964438136829813e+04 3.147381737684062475e-05
1.367647920355898168e+04 3.144509509460357286e-05
1.368331744316076220e+04 3.141640426678043036e-05
1.369015910188234193e+04 3.138774069011302659e-05
1.369700418143328170e+04 3.135909978004734554e-05
1.370385268352399908e+04 3.133047677456890116e-05
1.371070460986575745e+04 3.130186687575705381e-05
1.371755996217069151e+04 3.127326541516698712e-05
1.372441874215177450e+04 3.124466793132561288e-05
1.373128095152284914e+04 3.121607039155238985e-05
1.373814659199860944e+04 3.118746921154293562e-05
1.374501566529460797e+04 3.115886137502736522e-05
1.375188817312725587e+04 3.113024445238457880e-05
1.375876411721381919e+04 3.110161666050292704e-05
1.376564349927242256e+04 3.107297689256470849e-05
1.377252632102205826e+04 3.104432469947586665e-05
1.377941258418256803e+04 3.101566029949014098e-05
1.378630229047466128e+04 3.098698453551345641e-05
1.379319544161989688e+04 3.095829883736624734e-05
1.380009203934070501e+04 3.092960526970277459e-05
1.380699208536037622e+04 3.090090641237024235e-05
1.381389558140305598e+04 3.087220532179499202e-05
1.382080252919375562e+04 3.084350550544607162e-05
1.382771293045835228e+04 3.081481079066115887e-05
1.383462678692357986e+04 3.078612531069532555e-05
1.384154410031704174e+04 3.075745335913741900e-05
1.384846487236719986e+04 3.072879930538747686e-05
1.385538910480338018e+04 3.070016747827196743e-05
1.386231679935578359e+04 3.067156207432845125e-05
1.386924795775546227e+04 3.064298702208903595e-05
1.387618258173433969e+04 3.061444585466968713e-05
1.388312067302520336e+04 3.058594158670955481e-05
1.389006223336171752e+04 3.055747670406627552e-05
1.389700726447839770e+04 3.052905299061307610e-05
1.390395576811063620e+04 3.050067155667534678e-05
1.391090774599468932e+04 3.047233276793480546e-05
1.391786319986768649e+04 3.044403629527574339e-05
1.392482213146761933e+04 3.041578103318483565e-05
1.393178454253335258e+04 3.038756527349235393e-05
1.393875043480461682e+04 3.035938668674122626e-05
1.394571981002202119e+04 3.033124241810048748e-05
1.395269266992702978e+04 3.030312921538538497e-05
1.395966901626199251e+04 3.027504349778512030e-05
1.396664885077012332e+04 3.024698145028993990e-05
1.397363217519550562e+04 3.021893911381968263e-05
1.398061899128310324e+04 3.019091250777576255e-05
1.398760930077874218e+04 3.016289772102831649e-05
1.399460310542913430e+04 3.013489094745789963e-05
1.400160040698184639e+04 3.010688861314505502e-05
1.400860120718533653e+04 3.007888738643807941e-05
1.401560550778892684e+04 3.005088434112441006e-05
1.402261331054282346e+04 3.002287696947377680e-05
1.402962461719809289e+04 2.999486322540699220e-05
1.403663942950669298e+04 2.996684162495094205e-05
1.404365774922144556e+04 2.993881129186567525e-05
1.405067957809605650e+04 2.991077199132483261e-05
1.405770491788510117e+04 2.988272415360857120e-05
1.406473377034404439e+04 2.985466890934023322e-05
1.407176613722921502e+04 2.982660807595837604e-05
1.407880202029782959e+04 2.979854411632894669e-05
1.408584142130797591e+04 2.977048011060659999e-05
1.409288434201862947e+04 2.974241966216712596e-05
1.409993078418963887e+04 2.971436681791840380e-05
1.410698074958173493e+04 2.968632600097454035e-05
1.411403423995652338e+04 2.965830178570575239e-05
1.412109125707649946e+04 2.963029888546529972e-05
1.412815180270503697e+04 2.960232204666518263e-05
1.413521587860639011e+04 2.957437586578671502e-05
1.414228348654568981e+04 2.954646473142256950e-05
1.414935462828896198e+04 2.951859269555840820e-05
1.415642930560310560e+04 2.949076348428507474e-05
1.416350752025590737e+04 2.946298036116157157e-05
1.417058927401603250e+04 2.943524612950621631e-05
1.417767456865303939e+04 2.940756305649173578e-05
1.418476340593736495e+04 2.937993282831679942e-05
1.419185578764033198e+04 2.935235652599350116e-05
1.419895171553415275e+04 2.932483453966205878e-05
1.420605119139191811e+04 2.929736655301843162e-05
1.421315421698761202e+04 2.926995136178975253e-05
1.422026079409610611e+04 2.924258690114823415e-05
1.422737092449315242e+04 2.921527004631797322e-05
1.423448460995539972e+04 2.918799647475352180e-05
1.424160185226037720e+04 2.916076046643131418e-05
1.424872265318650534e+04 2.913355470105825632e-05
1.425584701451309775e+04 2.910637000986839222e-05
1.426297493802035569e+04 2.907919517912483970e-05
1.427010642548936266e+04 2.905201645802683489e-05
1.427724147870210618e+04 2.902481732649476876e-05
1.428438009944145779e+04 2.899757787608888657e-05
1.429152228949117671e+04 2.897027440320192827e-05
1.429866805063592074e+04 2.894287868748265355e-05
1.430581738466123716e+04 2.891536312844836867e-05
1.431297029335356638e+04 2.888768755161525746e-05
1.432012677850024374e+04 2.885980669783760828e-05
1.432728684188949228e+04 2.883166923796182341e-05
1.433445048531043358e+04 2.880321607766727601e-05
1.434161771055308964e+04 2.877437968058947155e-05
1.434878851940836648e+04 2.874508353546729745e-05
1.435596291366806872e+04 2.871524189378067997e-05
1.436314089512490136e+04 2.868475998479454983e-05
1.437032246557246435e+04 2.865353466343648141e-05
1.437750762680524895e+04 2.862145612795564977e-05
1.438469638061865044e+04 2.858841023599072417e-05
1.439188872880895906e+04 2.855428227585214872e-05
1.439908467317336181e+04 2.851896188476962964e-05
1.440628421550994790e+04 2.848234944085011934e-05
1.441348735761770331e+04 2.844436389463195057e-05
1.442069410129651078e+04 2.840495192768884334e-05
1.442790444834716072e+04 2.836409813358856417e-05
1.443511840057133486e+04 2.832183578610602612e-05
1.444233595977161895e+04 2.827825766316577981e-05
1.444955712775150278e+04 2.823352590199399635e-05
1.445678190631537836e+04 2.818788007336402423e-05
1.446401029726853631e+04 2.814164240040389550e-05
1.447124230241716759e+04 2.809521897278978851e-05
1.447847792356837635e+04 2.804909608048828385e-05
1.448571716253015984e+04 2.800383074337025303e-05
1.449296002111142661e+04 2.796003514853831568e-05
1.450020650112197836e+04 2.791835494400607095e-05
1.450745660437253719e+04 2.787944182942193110e-05
1.451471033267472558e+04 2.784392166456465943e-05
1.452196768784106098e+04 2.781235975288442140e-05
1.452922867168498124e+04 2.778522525832380322e-05
1.453649328602082096e+04 2.776285756716661784e-05
1.454376153266383153e+04 2.774543699077241111e-05
1.455103341343016291e+04 2.773296253267336524e-05
1.455830893013687637e+04 2.772523884985570562e-05
1.456558808460194632e+04 2.772187410971015207e-05
1.457287087864424575e+04 2.772228976789913176e-05
1.458015731408356623e+04 2.772574197919216749e-05
1.458744739274060885e+04 2.773135388148010848e-05
1.459474111643697870e+04 2.773815663704474956e-05
1.460203848699519585e+04 2.774513687375367038e-05
1.460933950623869350e+04 2.775128681362783615e-05
1.461664417599181070e+04 2.775565410225837111e-05
1.462395249807980508e+04 2.775738758667905198e-05
1.463126447432884561e+04 2.775577630604090883e-05
1.463858010656600891e+04 2.775027895724714716e-05
1.464589939661928838e+04 2.774054256800275882e-05
1.465322234631759966e+04 2.772640942629021242e-05
1.466054895749075877e+04 2.770791295121170694e-05
1.466787923196950214e+04 2.768526268279821571e-05
1.467521317158548663e+04 2.765881757106413786e-05
1.468255077817127676e+04 2.762906432368029594e-05
1.468989205356036291e+04 2.759659729900475591e-05
1.469723699958714315e+04 2.756205798801587636e-05
1.470458561808693412e+04 2.752611427263632659e-05
1.471193791089597471e+04 2.748942985837081945e-05
1.471929387985142239e+04 2.745265955166356655e-05
1.472665352679134776e+04 2.741641306406849421e-05
1.473401685355474183e+04 2.738123270266489115e-05
1.474138386198151784e+04 2.734759453151565701e-05
1.474875455391250944e+04 2.731589711142414737e-05
1.475612893118946158e+04 2.728648118630981809e-05
1.476350699565505602e+04 2.725961709213050197e-05
1.477088874915288579e+04 2.723549131302680827e-05
1.477827419352745892e+04 2.721422484135728448e-05
1.478566333062422382e+04 2.719586889948671688e-05
1.479305616228953295e+04 2.718040166139436143e-05
1.480045269037067737e+04 2.716775365881099718e-05
1.480785291671586310e+04 2.715777934693835462e-05
1.481525684317421837e+04 2.715025058101941749e-05
1.482266447159580275e+04 2.714486854694956794e-05
1.483007580383159984e+04 2.714125862673174850e-05
1.483749084173351548e+04 2.713896553781444879e-05
1.484490958715438319e+04 2.713746751104541133e-05
1.485233204194796053e+04 2.713620244512868695e-05
1.485975820796893277e+04 2.713454582877288093e-05
1.486718808707291646e+04 2.713184471851885575e-05
1.487462168111645224e+04 2.712744645491446338e-05
1.488205899195701022e+04 2.712072446222313666e-05
1.488950002145298822e+04 2.711110699979521233e-05
1.489694477146371355e+04 2.709809776907957585e-05
1.490439324384944484e+04 2.708133816165994969e-05
1.491184544047136842e+04 2.706062348301647172e-05
1.491930136319160374e+04 2.703589164076382800e-05
1.492676101387319977e+04 2.700725915332174474e-05
1.493422439438013316e+04 2.697502194915078115e-05
1.494169150657732098e+04 2.693964540608905718e-05
1.494916235233061161e+04 2.690174396872457624e-05
1.495663693350677386e+04 2.686205007510331273e-05
1.496411525197352421e+04 2.682136988661160755e-05
1.497159730959951048e+04 2.678055972984454670e-05
1.497908310825431181e+04 2.674048528735060613e-05
1.498657264980843684e+04 2.670194206962342909e-05
1.499406593613334189e+04 2.666563348147087570e-05
1.500156296910140736e+04 2.663213974216007218e-05
1.500906375058595586e+04 2.660188998387287505e-05
1.501656828246124860e+04 2.657514674544444194e-05
1.502407656660247812e+04 2.655200175648819006e-05
1.503158860488577739e+04 2.653238151138111382e-05
1.503910439918822158e+04 2.651605913945479594e-05
1.504662395138781540e+04 2.650267420957754211e-05
1.505414726336350759e+04 2.649179491757136043e-05
1.506167433699518915e+04 2.648292106984437267e-05
1.506920517416368784e+04 2.647550183429536093e-05
1.507673977675076821e+04 2.646898912860630335e-05
1.508427814663914251e+04 2.646285959475660636e-05
1.509182028571246155e+04 2.645663578387892880e-05
1.509936619585531844e+04 2.644990205123371051e-05
1.510691587895324301e+04 2.644231486517051546e-05
1.511446933689272191e+04 2.643360749306584371e-05
1.512202657156116584e+04 2.642358925199904298e-05
1.512958758484694408e+04 2.641213968137552293e-05
1.513715237863936818e+04 2.639919260196151894e-05
1.514472095482868826e+04 2.638474145908980469e-05
1.515229331530610034e+04 2.636884577427569068e-05
1.515986946196375357e+04 2.635157914921213421e-05
1.516744939669473570e+04 2.633303163263002447e-05
1.517503312139308036e+04 2.631330953260636079e-05
1.518262063795377435e+04 2.629252520387329636e-05
1.519021194827275031e+04 2.627079012973572200e-05
1.519780705424688495e+04 2.624821040094914206e-05
1.520540595777400813e+04 2.622488392816121788e-05
1.521300866075289559e+04 2.620089918733656500e-05
1.522061516508327077e+04 2.617633507728842369e-05
1.522822547266581205e+04 2.615126190232167251e-05
1.523583958540214189e+04 2.612574277524037721e-05
1.524345750519484318e+04 2.609983438289507069e-05
1.525107923394744103e+04 2.607358314356081634e-05
1.525870477356441188e+04 2.604703267864648432e-05
1.526633412595119444e+04 2.602025577040294966e-05
1.527396729301416963e+04 2.599331573279588879e-05
1.528160427666067517e+04 2.596626620439309159e-05
1.528924507879900557e+04 2.593916238903096373e-05
1.529688970133840485e+04 2.591204921041312406e-05
1.530453814618907199e+04 2.588498284806230008e-05
1.531219041526216279e+04 2.585800821534577098e-05
1.531984651046979707e+04 2.583115656387336063e-05
1.532750643372502964e+04 2.580443049938300755e-05
1.533517018694189210e+04 2.577782588383460517e-05
1.534283777203536192e+04 2.575133582161319136e-05
1.535050919092137883e+04 2.572494234451438812e-05
1.535818444551683933e+04 2.569862970530251313e-05
1.536586353773959672e+04 2.567237763313130928e-05
1.537354646950846654e+04 2.564618920383762674e-05
1.538123324274321931e+04 2.562010394421778450e-05
1.538892385936459141e+04 2.559417537111041775e-05
1.539661832129427239e+04 2.556846877799237258e-05
1.540431663045491769e+04 2.554308510852922539e-05
1.541201878877014497e+04 2.551811541590654655e-05
1.541972479816452869e+04 2.549361942516229046e-05
1.542743466056360921e+04 2.546962673189970456e-05
1.543514837789389094e+04 2.544610396809409285e-05
1.544286595208283870e+04 2.542295005891202265e-05
1.545058738505887777e+04 2.539999859296265876e-05
1.545831267875140657e+04 2.537701914003317728e-05
1.546604183509078212e+04 2.535373410829331871e-05
1.547377485600832915e+04 2.532988725871740862e-05
1.548151174343632920e+04 2.530526008180307123e-05
1.548925249930804966e+04 2.527971128841888728e-05
1.549699712555770384e+04 2.525321794612160300e-05
1.550474562412048181e+04 2.522590228384414635e-05
1.551249799693253772e+04 2.519804272885491371e-05
1.552025424593100433e+04 2.517004279624967251e-05
1.552801437305396757e+04 2.514240524484835686e-05
1.553577838024049379e+04 2.511570393819586666e-05
1.554354626943061521e+04 2.509048355362223856e-05
1.555131804256532996e+04 2.506718868469945221e-05
1.555909370158661295e+04 2.504609268807633075e-05
1.556687324843740316e+04 2.502723373162574509e-05
1.557465668506162183e+04 2.501038404852804544e-05
1.558244401340415243e+04 2.499507238754898204e-05
1.559023523541085342e+04 2.498057283958882808e-05
1.559803035302856006e+04 2.496595351124542350e-05
1.560582936820507166e+04 2.495021312234295131e-05
1.561363228288917344e+04 2.493236362081882685e-05
1.562143909903061831e+04 2.491154404352885100e-05
1.562924981858013052e+04 2.488713688270823292e-05
1.563706444348942205e+04 2.485886240288926930e-05
1.564488297571116345e+04 2.482684223711637624e-05
1.565270541719902030e+04 2.479162447565689173e-05
1.566053176990762040e+04 2.475416603912416851e-05
1.566836203579257199e+04 2.471576838409900655e-05
1.567619621681046738e+04 2.467794979404820769e-05
1.568403431491887386e+04 2.464234739007512643e-05
1.569187633207633189e+04 2.461056614912733809e-05
1.569972227024236963e+04 2.458399525685814026e-05
1.570757213137749022e+04 2.456367272454624702e-05
1.571542591744317906e+04 2.455016766465965277e-05
1.572328363040189834e+04 2.454349952176204335e-05
1.573114527221709795e+04 2.454310332432019486e-05
1.573901084485320825e+04 2.454784573134657520e-05
1.574688035027563274e+04 2.455609161709412634e-05
1.575475379045076807e+04 2.456581670951307736e-05
1.576263116734599498e+04 2.457475996388821515e-05
1.577051248292966739e+04 2.458058182305597320e-05
1.577839773917113234e+04 2.458104244836178517e-05
1.578628693804071736e+04 2.457421665968329268e-05
1.579418008150973583e+04 2.455862266245313727e-05
1.580207717155049068e+04 2.453335889339545119e-05
1.580997821013626526e+04 2.449820701107960209e-05
1.581788319924133066e+04 2.445363976234606716e-05
1.582579214084095111e+04 2.440080294910144810e-05
1.583370503691136946e+04 2.434146785097049547e-05
1.584162188942982357e+04 2.427791572146155064e-05
1.584954270037453898e+04 2.421278757011218537e-05
1.585746747172472351e+04 2.414890859746894020e-05
1.586539620546058541e+04 2.408909984385697696e-05
1.587332890356331518e+04 2.403599132978842263e-05
1.588126556801509469e+04 2.399185115601771830e-05
1.588920620079910077e+04 2.395843082923306783e-05
1.589715080389949981e+04 2.393683595105438350e-05
1.590509937930144952e+04 2.392750124017207250e-05
1.591305192899109898e+04 2.393015494211097683e-05
1.592100845495559588e+04 2.394381955575851132e-05
1.592896895918307200e+04 2.396688525202771269e-05
1.593693344366266138e+04 2.399721052922446622e-05
1.594490191038449484e+04 2.403224838940333098e-05
1.595287436133968367e+04 2.406919001444738276e-05
1.596085079852035233e+04 2.410511652065870579e-05
1.596883122391961297e+04 2.413715009371862193e-05
1.597681563953157274e+04 2.416259679912196898e-05
1.598480404735133561e+04 2.417907511867845225e-05
1.599279644937500962e+04 2.418462558087413177e-05
1.600079284759969596e+04 2.417779810903946137e-05
1.600879324402349448e+04 2.415771599921522523e-05
1.601679764064550545e+04 2.412411456565627624e-05
1.602480603946582778e+04 2.407735611035114121e-05
1.603281844248555899e+04 2.401841749452716579e-05
1.604083485170680069e+04 2.394882595152137837e-05
1.604885526913265312e+04 2.387061839108674390e-05
1.605687969676721696e+04 2.378627573033220829e-05
1.606490813661560242e+04 2.369857623730973927e-05
1.607294059068390743e+04 2.361047038092010993e-05
1.608097706097924856e+04 2.352493962781719762e-05
1.608901754950973555e+04 2.344484631342106108e-05
1.609706205828449129e+04 2.337282139792502825e-05
1.610511058931363004e+04 2.331111935414001963e-05
1.611316314460828471e+04 2.326148180607656525e-05
1.612121972618058862e+04 2.322507057931576360e-05
1.612928033604367920e+04 2.320242572440847371e-05
1.613734497621170158e+04 2.319345598600431579e-05
1.614541364869980316e+04 2.319746699149765858e-05
1.615348635552415544e+04 2.321322594616369487e-05
1.616156309870191399e+04 2.323905618423122334e-05
1.616964388025126209e+04 2.327295241767377687e-05
1.617772870219138895e+04 2.331270663454912271e-05
1.618581756654248238e+04 2.335603406110194240e-05
1.619391047532575249e+04 2.340068957233801202e-05
1.620200743056341344e+04 2.344456614365021094e-05
1.621010843427869440e+04 2.348577140213423006e-05
1.621821348849583410e+04 2.352266652413879166e-05
1.622632259524008077e+04 2.355387001629576823e-05
1.623443575653769949e+04 2.357828184555950184e-05
1.624255297441596849e+04 2.359506650786172833e-05
1.625067425090317556e+04 2.360359237078586754e-05
1.625879958802862711e+04 2.360339440635085149e-05
1.626692898782263910e+04 2.359414423933726569e-05
1.627506245231654975e+04 2.357562589972429204e-05
1.628319998354270683e+04 2.354772570661066645e-05
1.629134158353448038e+04 2.351043911249034381e-05
1.629948725432624451e+04 2.346389365404285816e-05
1.630763699795341017e+04 2.340838484161849982e-05
1.631579081645238512e+04 2.334441926651314851e-05
1.632394871186061027e+04 2.327275783445185937e-05
1.633211068621653794e+04 2.319445074636040434e-05
1.634027674155964633e+04 2.311085689701115618e-05
1.634844687993042498e+04 2.302364059279173606e-05
1.635662110337038939e+04 2.293474129508120459e-05
1.636479941392207184e+04 2.284631466854358293e-05
1.637298181362903233e+04 2.276064620183743397e-05
1.638116830453584589e+04 2.268004248232177792e-05
1.638935888868811526e+04 2.260670730836637706e-05
1.639755356813245453e+04 2.254261311811433876e-05
1.640575234491652009e+04 2.248937822893130298e-05
1.641395522108897785e+04 2.244816169448597565e-05
1.642216219869952329e+04 2.241958487689167605e-05
1.643037327979887414e+04 2.240368900291996675e-05
1.643858846643877041e+04 2.239993322371631158e-05
1.644680776067198894e+04 2.240723277443639142e-05
1.645503116455232521e+04 2.242401827558463258e-05
1.646325868013460058e+04 2.244834086486738109e-05
1.647149030947466599e+04 2.247802772949035233e-05
1.647972605462940192e+04 2.251080601723885294e-05
1.648796591765671837e+04 2.254445156725793769e-05
1.649620990061554403e+04 2.257691265307839782e-05
1.650445800556584800e+04 2.260640473865922046e-05
1.651271023456863622e+04 2.263149680680337573e-05
1.652096658968591873e+04 2.265117166114192934e-05
1.652922707298076057e+04 2.266484533500474937e-05
1.653749168651724904e+04 2.267235370705649526e-05
1.654576043236050828e+04 2.267391332849195921e-05
1.655403331257668833e+04 2.267006159606080006e-05
1.656231032923297607e+04 2.266158016725027595e-05
1.657059148439759156e+04 2.264941061605871199e-05
1.657887678013978802e+04 2.263456614693117540e-05
1.658716621852985918e+04 2.261804673049852210e-05
1.659545980163912100e+04 2.260076128139470140e-05
1.660375753153994083e+04 2.258346087135702852e-05
1.661205941030571194e+04 2.256668533011791568e-05
1.662036544001086440e+04 2.255072535671693378e-05
1.662867562273086878e+04 2.253560086279367391e-05
1.663698996054223608e+04 2.252105669434424358e-05
1.664530845552250321e+04 2.250657549669931787e-05
1.665363110975026939e+04 2.249140785517348478e-05
1.666195792530514154e+04 2.247461883762523946e-05
1.667028890426779253e+04 2.245514943906660457e-05
1.667862404871992840e+04 2.243189161582132473e-05
1.668696336074428837e+04 2.240377428462757604e-05
1.669530684242465577e+04 2.236985105563700003e-05
1.670365449584586895e+04 2.232939127780738127e-05
1.671200632309378852e+04 2.228196480556461225e-05
1.672036232625533739e+04 2.222751292471813325e-05
1.672872250741846437e+04 2.216640027818822726e-05
1.673708686867217330e+04 2.209944129073263032e-05
1.674545541210650845e+04 2.202789687054605198e-05
1.675382813981256186e+04 2.195343664054989007e-05
1.676220505388246602e+04 2.187804405541018485e-05
1.677058615640940479e+04 2.180393964210816882e-05
1.677897144948760979e+04 2.173347218370452722e-05
1.678736093521234943e+04 2.166895231194086968e-05
1.679575461567995808e+04 2.161250223967774953e-05
1.680415249298779236e+04 2.156591884579752146e-05
1.681255456923428574e+04 2.153055356489977246e-05
1.682096084651890487e+04 2.150721881657511521e-05
1.682937132694216052e+04 2.149613039031751647e-05
1.683778601260563300e+04 2.149689215424935388e-05
1.684620490561193583e+04 2.150852320498027449e-05
1.685462800806474115e+04 2.152952559339940002e-05
1.686305532206877251e+04 2.155798552706611411e-05
1.687148684972980482e+04 2.159170001618258340e-05
1.687992259315466799e+04 2.162831715165092973e-05
1.688836255445124698e+04 2.166547901288571611e-05
1.689680673572847081e+04 2.170095570312316556e-05
1.690525513909633082e+04 2.173276094148190180e-05
1.691370776666587699e+04 2.175924221159605866e-05
1.692216462054921067e+04 2.177914048154739438e-05
1.693062570285948095e+04 2.179161869830102167e-05
1.693909101571090650e+04 2.179625990747764987e-05
1.694756056121876099e+04 2.179303921363274740e-05
1.695603434149936948e+04 2.178227462144540546e-05
1.696451235867011565e+04 2.176456380441542344e-05
1.697299461484945277e+04 2.174071286307028916e-05
1.698148111215687459e+04 2.171166441340905887e-05
1.698997185271295166e+04 2.167842941662785451e-05
1.699846683863930957e+04 2.164202793925178338e-05
1.700696607205862892e+04 2.160343950206528851e-05
1.701546955509465624e+04 2.156356286837171710e-05
1.702397728987220398e+04 2.152319654382139314e-05
1.703248927851713961e+04 2.148304061174145200e-05
1.704100552315640016e+04 2.144369286058799262e-05
1.704952602591797768e+04 2.140564557454160136e-05
1.705805078893093378e+04 2.136928804974186688e-05
1.706657981432539964e+04 2.133493775977615570e-05
1.707511310423256145e+04 2.130285446657901181e-05
1.708365066078467862e+04 2.127325290560188451e-05
1.709219248611506919e+04 2.124631363875958262e-05
1.710073858235812804e+04 2.122218954370502252e-05
1.710928895164930509e+04 2.120100751684530978e-05
1.711784359612513072e+04 2.118286422792860224e-05
1.712640251792319395e+04 2.116781741944842918e-05
1.713496571918215341e+04 2.115587187543491659e-05
1.714353320204174452e+04 2.114696322361878661e-05
1.715210496864276502e+04 2.114093909447937580e-05
1.716068102112708948e+04 2.113754058472007912e-05
1.716926136163765113e+04 2.113636193471761136e-05
1.717784599231846732e+04 2.113686146844574813e-05
1.718643491531462496e+04 2.113836573819496829e-05
1.719502813277228051e+04 2.114006038552283958e-05
1.720362564683866731e+04 2.114099537704507419e-05
1.721222745966208458e+04 2.114011569223150512e-05
1.722083357339191571e+04 2.113630581368892598e-05
1.722944399017860997e+04 2.112844426508102375e-05
1.723805871217369349e+04 2.111546842137224409e-05
1.724667774152978018e+04 2.109644803004352828e-05
1.725530108040054256e+04 2.107066082855836784e-05
1.726392873094074457e+04 2.103766626884018406e-05
1.727256069530621244e+04 2.099736901438034782e-05
1.728119697565386741e+04 2.095006642319276969e-05
1.728983757414169304e+04 2.089647320211445336e-05
1.729848249292876062e+04 2.083771844848150392e-05
1.730713173417522194e+04 2.077531170182368104e-05
1.731578530004231288e+04 2.071107788626926440e-05
1.732444319269233165e+04 2.064706307810240392e-05
1.733310541428867873e+04 2.058541691141607902e-05
1.734177196699582055e+04 2.052825934562826958e-05
1.735044285297931856e+04 2.047754226041126373e-05
1.735911807440580742e+04 2.043491669280402632e-05
1.736779763344300954e+04 2.040161715132932864e-05
1.737648153225972783e+04 2.037837216441951830e-05
1.738516977302586020e+04 2.036535371759979208e-05
1.739386235791237414e+04 2.036216251854824655e-05
1.740255928909132854e+04 2.036785572840211594e-05
1.741126056873587368e+04 2.038101389824109225e-05
1.741996619902024395e+04 2.039984017502774759e-05
1.742867618211975059e+04 2.042228310136716984e-05
1.743739052021080715e+04 2.044617259955245546e-05
1.744610921547091493e+04 2.046935731367685270e-05
1.745483227007864843e+04 2.048983298095210452e-05
1.746355968621368811e+04 2.050585192725866209e-05
1.747229146605679125e+04 2.051600688819702511e-05
1.748102761178982109e+04 2.051928476931897684e-05
1.748976812559571408e+04 2.051508928228871137e-05
1.749851300965850896e+04 2.050323354083492859e-05
1.750726226616333588e+04 2.048390696885394935e-05
1.751601589729641637e+04 2.045762180565844341e-05
1.752477390524506336e+04 2.042514592438617635e-05
1.753353629219768118e+04 2.038742860947407052e-05
1.754230306034378009e+04 2.034552575804892283e-05
1.755107421187395084e+04 2.030052985308760231e-05
1.755984974897988650e+04 2.025350893189250298e-05
1.756862967385437514e+04 2.020545708847160265e-05
1.757741398869129989e+04 2.015725796576346297e-05
1.758620269568564618e+04 2.010966134668059531e-05
1.759499579703348354e+04 2.006327169447418753e-05
1.760379329493199839e+04 2.001854719729056519e-05
1.761259519157946852e+04 1.997580696094667713e-05
1.762140148917525585e+04 1.993524454409246631e-05
1.763021218991983915e+04 1.989694499924011891e-05
1.763902729601479950e+04 1.986090420884086813e-05
1.764784680966280575e+04 1.982704813321984748e-05
1.765667073306763632e+04 1.979525158188363455e-05
1.766549906843416829e+04 1.976535479551646407e-05
1.767433181796838835e+04 1.973717816139200555e-05
1.768316898387736728e+04 1.971053388552867095e-05
1.769201056836930729e+04 1.968523571309632487e-05
1.770085657365349107e+04 1.966110574462996824e-05
1.770970700194031815e+04 1.963798063497743506e-05
1.771856185544128675e+04 1.961571677403072119e-05
1.772742113636900467e+04 1.959418703006902653e-05
1.773628484693719292e+04 1.957327387199896953e-05
1.774515298936065665e+04 1.955287982402883988e-05
1.775402556585533966e+04 1.953293619485025888e-05
1.776290257863826628e+04 1.951340401653979501e-05
1.777178402992758129e+04 1.949425489199012033e-05
1.778066992194254635e+04 1.947547660851875345e-05
1.778956025690351453e+04 1.945707577569542456e-05
1.779845503703196664e+04 1.943907773732784407e-05
1.780735426455048218e+04 1.942152471464850025e-05
1.781625794168275388e+04 1.940447370760494406e-05
1.782516607065359494e+04 1.938800909527832759e-05
1.783407865368892089e+04 1.937224473643053697e-05
1.784299569301576412e+04 1.935731983280195733e-05
1.785191719086227022e+04 1.934338724639638840e-05
1.786084314945770166e+04 1.933061886941077180e-05
1.786977357103243048e+04 1.931920942343716516e-05
1.787870845781794560e+04 1.930937283377584678e-05
1.788764781204685278e+04 1.930133603039814171e-05
1.789659163595287464e+04 1.929533221857792838e-05
1.790553993177084703e+04 1.929159118591304114e-05
1.791449270173673358e+04 1.929032758585323598e-05
1.792344994808760021e+04 1.929172567796477662e-05
1.793241167306164061e+04 1.929592235981560092e-05
1.794137787889817628e+04 1.930298733233545288e-05
1.795034856783762007e+04 1.931290277674178752e-05
1.795932374212153809e+04 1.932554220049726050e-05
1.796830340399259876e+04 1.934065148536782432e-05
1.797728755569459463e+04 1.935783277674749543e-05
1.798627619947244239e+04 1.937653455442489681e-05
1.799526933757217921e+04 1.939604907882548849e-05
1.800426697224096279e+04 1.941552027794334699e-05
1.801326910572708221e+04 1.943396315650290247e-05
1.802227574027994342e+04 1.945029632185027839e-05
1.803128687815008379e+04 1.946338739553950576e-05
1.804030252158916119e+04 1.947211052355942338e-05
1.804932267284995396e+04 1.947541343422800025e-05
1.805834733418637552e+04 1.947239022478985506e-05
1.806737650785346705e+04 1.946235479043044087e-05
1.807641019610739750e+04 1.944490901475734893e-05
1.808544840120544541e+04 1.941999878742674911e-05
1.809449112540604983e+04 1.938795185396175198e-05
1.810353837096875213e+04 1.934949171531310033e-05
1.811259014015423600e+04 1.930572359381185145e-05
1.812164643522431652e+04 1.925809059377986786e-05
1.813070725844192566e+04 1.920830110422631974e-05
1.813977261207114861e+04 1.915823070721532373e-05
1.814884249837718016e+04 1.910980549281915582e-05
1.815791691962637196e+04 1.906487502222587618e-05
1.816699587808618162e+04 1.902508534604191475e-05
1.817607937602522361e+04 1.899176308849506020e-05
1.818516741571323655e+04 1.896582009145308543e-05
1.819425999942109047e+04 1.894768833073737574e-05
1.820335712942080136e+04 1.893728981698230776e-05
1.821245880798551298e+04 1.893404581060978691e-05
1.822156503738950414e+04 1.893692293857463890e-05
1.823067581990819599e+04 1.894451376145111016e-05
1.823979115781815199e+04 1.895514232226693481e-05
1.824891105339705973e+04 1.896698892566389363e-05
1.825803550892375642e+04 1.897821865841744279e-05
1.826716452667821795e+04 1.898711001122437635e-05
1.827629810894155889e+04 1.899216529555428315e-05
1.828543625799602887e+04 1.899220593182065513e-05
1.829457897612502347e+04 1.898643613535692563e-05
1.830372626561308789e+04 1.897448500149767113e-05
1.831287812874589144e+04 1.895641495557399742e-05
1.832203456781026762e+04 1.893271176816879199e-05
1.833119558509416674e+04 1.890425068462219720e-05
1.834036118288671059e+04 1.887225706900412308e-05
1.834953136347815598e+04 1.883824766784994814e-05
1.835870612915989477e+04 1.880398081209079530e-05
1.836788548222447207e+04 1.877141665805774016e-05
1.837706942496558258e+04 1.874266923704547152e-05
1.838625795967806698e+04 1.872003436931005469e-05
1.839545108865790098e+04 1.870585620080457908e-05
1.840464881420223173e+04 1.870267385921892819e-05
1.841385113860933052e+04 1.871316017131085122e-05
1.842305806417863641e+04 1.874014092394966777e-05
1.843226959321072354e+04 1.878663485790275879e-05
1.844148572800732654e+04 1.885586619749946426e-05
1.845070647087132966e+04 1.895128805390491907e-05
1.845993182410676309e+04 1.907658886678761917e-05
1.846916179001881756e+04 1.923567864039083279e-05
1.847839637091382247e+04 1.943266402199290486e-05
1.848763556909927865e+04 1.967179153214254934e-05
1.849687938688383292e+04 1.995737369712605831e-05
1.850612782657727075e+04 2.029368141203983437e-05
1.851538089049055998e+04 2.068481570890009485e-05
1.852463858093580347e+04 2.113455009727793500e-05
1.853390090022626828e+04 2.164615677435700116e-05
1.854316785067637829e+04 2.222221277356459753e-05
1.855243943460171795e+04 2.286440026458519230e-05
1.856171565431901763e+04 2.357329395508066749e-05
1.857099651214617188e+04 2.434817516597093915e-05
1.858028201040224667e+04 2.518686684402499912e-05
1.858957215140744665e+04 2.608560050836416011e-05
1.859886693748315156e+04 2.703890689153410268e-05
1.860816637095189071e+04 2.803956555366606679e-05
1.861747045413736851e+04 2.907862098976801869e-05
1.862677918936443530e+04 3.014546197857934722e-05
1.863609257895911651e+04 3.122796462079370104e-05
1.864541062524859808e+04 3.231270058928483276e-05
1.865473333056121919e+04 3.338520415486094436e-05
1.866406069722650136e+04 3.443029130506526197e-05
1.867339272757511571e+04 3.543241738165733487e-05
1.868272942393889753e+04 3.637606191231059730e-05
1.869207078865087169e+04 3.724612347682145500e-05
1.870141682404519452e+04 3.802831107984624504e-05
1.871076753245721557e+04 3.870951549281588500e-05
1.872012291622344492e+04 3.927814860902897838e-05
1.872948297768155317e+04 3.972443814395734831e-05
1.873884771917039689e+04 4.004066983629779353e-05
1.874821714302997862e+04 4.022137014474228982e-05
1.875759125160149415e+04 4.026342684624013379e-05
1.876697004722729616e+04 4.016614566786726902e-05
1.877635353225090876e+04 3.993124464570917565e-05
1.878574170901703474e+04 3.956278838819711122e-05
1.879513457987154106e+04 3.906706624563162415e-05
1.880453214716147704e+04 3.845241913841211228e-05
1.881393441323505613e+04 3.772902038480158474e-05
1.882334138044167412e+04 3.690861659177657153e-05
1.883275305113189461e+04 3.600423549732610374e-05
1.884216942765745625e+04 3.502986792646555359e-05
1.885159051237128369e+04 3.400013233622867215e-05
1.886101630762746936e+04 3.292993095845795628e-05
1.887044681578128439e+04 3.183410737290349692e-05
1.887988203918917134e+04 3.072711563880513731e-05
1.888932198020876604e+04 2.962271147304394720e-05
1.889876664119886846e+04 2.853367503259002889e-05
1.890821602451946819e+04 2.747157401990362279e-05
1.891767013253172627e+04 2.644657496906802386e-05
1.892712896759799332e+04 2.546730644371238421e-05
1.893659253208179143e+04 2.454077860339570091e-05
1.894606082834783228e+04 2.367235706857046085e-05
1.895553385876200628e+04 2.286579062522014797e-05
1.896501162569138614e+04 2.212328577476909477e-05
1.897449413150423061e+04 2.144562342689742228e-05
1.898398137856998073e+04 2.083230681073323866e-05
1.899347336925926356e+04 2.028173503653687973e-05
1.900297010594389212e+04 1.979138803704922326e-05
1.901247159099686178e+04 1.935802007556162527e-05
1.902197782679235752e+04 1.897784651213303919e-05
1.903148881570575395e+04 1.864672554978233398e-05
1.904100456011360438e+04 1.836031876616544829e-05
1.905052506239366267e+04 1.811423510452869637e-05
1.906005032492485770e+04 1.790415199548846110e-05
1.906958035008731895e+04 1.772592425585397394e-05
1.907911514026236182e+04 1.757565899614233715e-05
1.908865469783249500e+04 1.744977711029207598e-05
1.909819902518140952e+04 1.734503475880459664e-05
1.910774812469399694e+04 1.725855113795162830e-05
1.911730199875634207e+04 1.718781228053779103e-05
1.912686064975571935e+04 1.713066116147295544e-05
1.913642408008059647e+04 1.708528769676150800e-05
1.914599229212063801e+04 1.705016444503292621e-05
1.915556528826669455e+04 1.702411689924459578e-05
1.916514307091082810e+04 1.700613749942915293e-05
1.917472564244628302e+04 1.699544407730075224e-05
1.918431300526750420e+04 1.699142186792266566e-05
1.919390516177013706e+04 1.699355930616342717e-05
1.920350211435102028e+04 1.700141264371533519e-05
1.921310386540820036e+04 1.701455407057003724e-05
1.922271041734089886e+04 1.703253109670895823e-05
1.923232177254957060e+04 1.705483393986974544e-05
1.924193793343584184e+04 1.708086016289562842e-05
1.925155890240256122e+04 1.710989773986809593e-05
1.926118468185375968e+04 1.714110941577116933e-05
1.927081527419468330e+04 1.717353779124313441e-05
1.928045068183178228e+04 1.720611719900738329e-05
1.929009090717269646e+04 1.723770529867377796e-05
1.929973595262628442e+04 1.726712309130239525e-05
1.930938582060259432e+04 1.729321157830037667e-05
1.931904051351289672e+04 1.731489193634198827e-05
1.932870003376965178e+04 1.733123361749683866e-05
1.933836438378653475e+04 1.734151807985646968e-05
1.934803356597842867e+04 1.734529749161556773e-05
1.935770758276141714e+04 1.734243825052247175e-05
1.936738643655279520e+04 1.733314627210853228e-05
1.937707012977107297e+04 1.731796833882811887e-05
1.938675866483595746e+04 1.729776809331015381e-05
1.939645204416837441e+04 1.727367540463986523e-05
1.940615027019045738e+04 1.724701233432169407e-05
1.941585334532554771e+04 1.721919946611899521e-05
1.942556127199820912e+04 1.719165088462676309e-05
1.943527405263420951e+04 1.716566540357677078e-05
1.944499168966052457e+04 1.714232437398704111e-05
1.945471418550535236e+04 1.712240450063496594e-05
1.946444154259810239e+04 1.710631453268514696e-05
1.947417376336940288e+04 1.709406119050804653e-05
1.948391085025108623e+04 1.708524807282956143e-05
1.949365280567621085e+04 1.707910723906907574e-05
1.950339963207904657e+04 1.707456068657077979e-05
1.951315133189508560e+04 1.707030593500095280e-05
1.952290790756103524e+04 1.706491772978427132e-05
1.953266936151481423e+04 1.705695640404111514e-05
1.954243569619556729e+04 1.704507392815334340e-05
1.955220691404366517e+04 1.702810836256373443e-05
1.956198301750068640e+04 1.700515987880077455e-05
1.957176400900943554e+04 1.697564307593998488e-05
1.958154989101393585e+04 1.693931322928865548e-05
1.959134066595944387e+04 1.689626632251875509e-05
1.960113633629242395e+04 1.684691528125935414e-05
1.961093690446057008e+04 1.679194644813979606e-05
1.962074237291279860e+04 1.673226183160165598e-05
1.963055274409925551e+04 1.666891295851621361e-05
1.964036802047130550e+04 1.660303232474014422e-05
1.965018820448154293e+04 1.653576774723186101e-05
1.966001329858378085e+04 1.646822382708569630e-05
1.966984330523307290e+04 1.640141381820066141e-05
1.967967822688569140e+04 1.633622347749916150e-05
1.968951806599913107e+04 1.627338773019165399e-05
1.969936282503213079e+04 1.621347907039338704e-05
1.970921250644464453e+04 1.615690707925887889e-05
1.971906711269786683e+04 1.610392641783444910e-05
1.972892664625421457e+04 1.605465184774461748e-05
1.973879110957734156e+04 1.600907735732934217e-05
1.974866050513213122e+04 1.596709792377492182e-05
1.975853483538469300e+04 1.592853162831970920e-05
1.976841410280238415e+04 1.589314132768152019e-05
1.977829830985378430e+04 1.586065381597922885e-05
1.978818745900870999e+04 1.583077717393206426e-05
1.979808155273821467e+04 1.580321463872832774e-05
1.980798059351457778e+04 1.577767572780279526e-05
1.981788458381133387e+04 1.575388457745015430e-05
1.982779352610323986e+04 1.573158590194994477e-05
1.983770742286628956e+04 1.571055049704745616e-05
1.984762627657772464e+04 1.569057372741013446e-05
1.985755008971600910e+04 1.567147204869177778e-05
1.986747886476086569e+04 1.565308535912904043e-05
1.987741260419324681e+04 1.563527550658288140e-05
1.988735131049533811e+04 1.561793384371454519e-05
1.989729498615058401e+04 1.560097295148341444e-05
1.990724363364365854e+04 1.558431957625066742e-05
1.991719725546047994e+04 1.556791101187805540e-05
1.992715585408821062e+04 1.555169626736805171e-05
1.993711943201524991e+04 1.553563457448210258e-05
1.994708799173125590e+04 1.551969340386292809e-05
1.995706153572711992e+04 1.550384691307444057e-05
1.996704006649498479e+04 1.548807435518788486e-05
1.997702358652823023e+04 1.547235940979545363e-05
1.998701209832149470e+04 1.545668889671054303e-05
1.999700560437065360e+04 1.544105241971822776e-05
2.000700410717283739e+04 1.542544156861740714e-05
2.001700760922642439e+04 1.540984981498180680e-05
2.002701611303102982e+04 1.539427192787993812e-05
2.003702962108754946e+04 1.537870404688272468e-05
2.004704813589809055e+04 1.536314335567181080e-05
2.005707165996603726e+04 1.534758812840591126e-05
2.006710019579602158e+04 1.533203747530958674e-05
2.007713374589391969e+04 1.531649142475524595e-05
2.008717231276686289e+04 1.530095080661184851e-05
2.009721589892324846e+04 1.528541724662894091e-05
2.010726450687270699e+04 1.526989304581974767e-05
2.011731813912614598e+04 1.525438122276850354e-05
2.012737679819570258e+04 1.523888541270058596e-05
2.013744048659480177e+04 1.522341000614776140e-05
2.014750920683809818e+04 1.520796005248443959e-05
2.015758296144151609e+04 1.519254124452744056e-05
2.016766175292223488e+04 1.517715848346590242e-05
2.017774558379869632e+04 1.516181164669315961e-05
2.018783445659059362e+04 1.514650352537805678e-05
2.019792837381888603e+04 1.513124985142188992e-05
2.020802733800579517e+04 1.511606181709537663e-05
2.021813135167479777e+04 1.510093934442965589e-05
2.022824041735063292e+04 1.508588404788195791e-05
2.023835453755930575e+04 1.507089475490537511e-05
2.024847371482808376e+04 1.505596484050608003e-05
2.025859795168549681e+04 1.504107948761304232e-05
2.026872725066133717e+04 1.502621219660620962e-05
2.027886161428666674e+04 1.501132072507733270e-05
2.028900104509380981e+04 1.499634208977230304e-05
2.029914554561635305e+04 1.498118703604828830e-05
2.030929511838916005e+04 1.496573396909639701e-05
2.031944976594835316e+04 1.494982272062069032e-05
2.032960949083132800e+04 1.493324867344157381e-05
2.033977429557674259e+04 1.491575796263720103e-05
2.034994418272452822e+04 1.489704432826269766e-05
2.036011915481589313e+04 1.487674884541004130e-05
2.037029921439329701e+04 1.485446323215407219e-05
2.038048436400049468e+04 1.482973791533968740e-05
2.039067460618249243e+04 1.480209545892743454e-05
2.040086994348558073e+04 1.477105006866732437e-05
2.041107037845731975e+04 1.473613315535789717e-05
2.042127591364655018e+04 1.469692463862589516e-05
2.043148655160337148e+04 1.465308872081627898e-05
2.044170229487917095e+04 1.460441249012389009e-05
2.045192314602660917e+04 1.455084469274806774e-05
2.046214910759962368e+04 1.449253165827638517e-05
2.047238018215342163e+04 1.442984688739459351e-05
2.048261637224449805e+04 1.436341073092012527e-05
2.049285768043061762e+04 1.429409678304078543e-05
2.050310410927083285e+04 1.422302252272642836e-05
2.051335566132546592e+04 1.415152236289609941e-05
2.052361233915612684e+04 1.408110316174460685e-05
2.053387414532570619e+04 1.401338323424092445e-05
2.054414108239836787e+04 1.395001810337869358e-05
2.055441315293956723e+04 1.389261722441356764e-05
2.056469035951603291e+04 1.384265750648240332e-05
2.057497270469579234e+04 1.380139982762289449e-05
2.058526019104813895e+04 1.376981518619728551e-05
2.059555282114366128e+04 1.374852629945003830e-05
2.060585059755423208e+04 1.373776962456097290e-05
2.061615352285300469e+04 1.373738090763356906e-05
2.062646159961443118e+04 1.374680557530541365e-05
2.063677483041423693e+04 1.376513296751006924e-05
2.064709321782944244e+04 1.379115164277618871e-05
2.065741676443835604e+04 1.382342097116654745e-05
2.066774547282057392e+04 1.386035339130062418e-05
2.067807934555698012e+04 1.390030067917165054e-05
2.068841838522976104e+04 1.394163803523715109e-05
2.069876259442237279e+04 1.398283998822044369e-05
2.070911197571958110e+04 1.402254362160429421e-05
2.071946653170744321e+04 1.405959594589343684e-05
2.072982626497329329e+04 1.409308386103397917e-05
2.074019117810577882e+04 1.412234597594540216e-05
2.075056127369483147e+04 1.414696893442889471e-05
2.076093655433168169e+04 1.416676987708965371e-05
2.077131702260884776e+04 1.418176846741158725e-05
2.078170268112014674e+04 1.419215197967385009e-05
2.079209353246070896e+04 1.419823703376484941e-05
2.080248957922693808e+04 1.420043104390457240e-05
2.081289082401655105e+04 1.419919602428810080e-05
2.082329726942855996e+04 1.419501661024049504e-05
2.083370891806327563e+04 1.418837360370309625e-05
2.084412577252230403e+04 1.417972340746925694e-05
2.085454783540856806e+04 1.416948348616307507e-05
2.086497510932627119e+04 1.415802326750247310e-05
2.087540759688093385e+04 1.414565978024180773e-05
2.088584530067937158e+04 1.413265705627674545e-05
2.089628822332971322e+04 1.411922842294684248e-05
2.090673636744137548e+04 1.410554067299097353e-05
2.091718973562509927e+04 1.409171942994968336e-05
2.092764833049290974e+04 1.407785498934301745e-05
2.093811215465815621e+04 1.406400820831381095e-05
2.094858121073548318e+04 1.405021606867743325e-05
2.095905550134084842e+04 1.403649672894683649e-05
2.096953502909151939e+04 1.402285396350504509e-05
2.098001979660606230e+04 1.400928103127088555e-05
2.099050980650436395e+04 1.399576390093908576e-05
2.100100506140761718e+04 1.398228473593960703e-05
2.101150556393832085e+04 1.396882576309427853e-05
2.102201131672029078e+04 1.395536293311410163e-05
2.103252232237864519e+04 1.394186434887118454e-05
2.104303858353983378e+04 1.392831005125287348e-05
2.105356010283160504e+04 1.391469094629429559e-05
2.106408688288301710e+04 1.390099343724783866e-05
2.107461892632445597e+04 1.388720627038395821e-05
2.108515623578761370e+04 1.387332204088322425e-05
2.109569881390550654e+04 1.385933774932303555e-05
2.110624666331246044e+04 1.384525490673676951e-05
2.111679978664411465e+04 1.383107998387821089e-05
2.112735818653743627e+04 1.381682468983134218e-05
2.113792186563070572e+04 1.380250679456520080e-05
2.114849082656352039e+04 1.378815073368833230e-05
2.115906507197680185e+04 1.377378918455469974e-05
2.116964460451278865e+04 1.375946431907016142e-05
2.118022942681504355e+04 1.374522994257933550e-05
2.119081954152844992e+04 1.373115350140168136e-05
2.120141495129921168e+04 1.371731842439190506e-05
2.121201565877486064e+04 1.370382489790657426e-05
2.122262166660424919e+04 1.369079270281091150e-05
2.123323297743755029e+04 1.367836903918014719e-05
2.124384959392626479e+04 1.366672890664141103e-05
2.125447151872322866e+04 1.365608037937839469e-05
2.126509875448259118e+04 1.364666697477159194e-05
2.127573130385983313e+04 1.363875737365320050e-05
2.128636916951176318e+04 1.363265468717583260e-05
2.129701235409651781e+04 1.362869425186110731e-05
2.130766086027356505e+04 1.362724130231073896e-05
2.131831469070370076e+04 1.362868519215338086e-05
2.132897384804904868e+04 1.363343095099549202e-05
2.133963833497307496e+04 1.364188859016597537e-05
2.135030815414055905e+04 1.365445898007509386e-05
2.136098330821762647e+04 1.367151705355612056e-05
2.137166379987173423e+04 1.369339135300609389e-05
2.138234963177167083e+04 1.372034171511073555e-05
2.139304080658755265e+04 1.375253481889873153e-05
2.140373732699084940e+04 1.379001965973897902e-05
2.141443919565434408e+04 1.383270375010260023e-05
2.142514641525216575e+04 1.388033238723509714e-05
2.143585898845979318e+04 1.393247294839283411e-05
2.144657691795402206e+04 1.398850623261186583e-05
2.145730020641299780e+04 1.404762701456373000e-05
2.146802885651620090e+04 1.410885540544473258e-05
2.147876287094445797e+04 1.417106010059169936e-05
2.148950225237992709e+04 1.423299385962320936e-05
2.150024700350611965e+04 1.429334012398344334e-05
2.151099712700787131e+04 1.435076917767634161e-05
2.152175262557137103e+04 1.440400053066394221e-05
2.153251350188415745e+04 1.445186750796699954e-05
2.154327975863509710e+04 1.449337902067559997e-05
2.155405139851441345e+04 1.452777353178680622e-05
2.156482842421366877e+04 1.455455995238277413e-05
2.157561083842577500e+04 1.457354111044490293e-05
2.158639864384498651e+04 1.458481671687444099e-05
2.159719184316690735e+04 1.458876493858676985e-05
2.160799043908849126e+04 1.458600194362277392e-05
2.161879443430803440e+04 1.457732321673623734e-05
2.162960383152518625e+04 1.456363096672775174e-05
2.164041863344094600e+04 1.454585390646110294e-05
2.165123884275766613e+04 1.452486655462180949e-05
2.166206446217904522e+04 1.450141565154049501e-05
2.167289549441013150e+04 1.447606048006408565e-05
2.168373194215733383e+04 1.444913277048926268e-05
2.169457380812840711e+04 1.442071972112364534e-05
2.170542109503247048e+04 1.439067150568357888e-05
2.171627380557998913e+04 1.435863191767357891e-05
2.172713194248277432e+04 1.432408878892071823e-05
2.173799550845401245e+04 1.428643862799226327e-05
2.174886450620823598e+04 1.424505893686054768e-05
2.175973893846133797e+04 1.419938093855277036e-05
2.177061880793056844e+04 1.414895597079828422e-05
2.178150411733453439e+04 1.409350957663068532e-05
2.179239486939319977e+04 1.403297906502717188e-05
2.180329106682789643e+04 1.396753205055474697e-05
2.181419271236130953e+04 1.389756554982281628e-05
2.182509980871748849e+04 1.382368706574393662e-05
2.183601235862184694e+04 1.374668054145321309e-05
2.184693036480115552e+04 1.366746130981274013e-05
2.185785382998355635e+04 1.358702464318698700e-05
2.186878275689854490e+04 1.350639242548885059e-05
2.187971714827699179e+04 1.342656231030220969e-05
2.189065700685113188e+04 1.334846297203918810e-05
2.190160233535455700e+04 1.327291781223204069e-05
2.191255313652223413e+04 1.320061861477929429e-05
2.192350941309049085e+04 1.313210973196651526e-05
2.193447116779703356e+04 1.306778234582672138e-05
2.194543840338092923e+04 1.300787755656096357e-05
2.195641112258261637e+04 1.295249677385735502e-05
2.196738932814390864e+04 1.290161743489691704e-05
2.197837302280798031e+04 1.285511247733009574e-05
2.198936220931938442e+04 1.281277113196568443e-05
2.200035689042404556e+04 1.277432035188203537e-05
2.201135706886925254e+04 1.273944469355431845e-05
2.202236274740368754e+04 1.270780470848993597e-05
2.203337392877738603e+04 1.267905212882330021e-05
2.204439061574177322e+04 1.265284292025924889e-05
2.205541281104963855e+04 1.262884688682164328e-05
2.206644051745516481e+04 1.260675505903324760e-05
2.207747373771389539e+04 1.258628440954224738e-05
2.208851247458274884e+04 1.256718153748501613e-05
2.209955673082004068e+04 1.254922227934557429e-05
2.211060650918544707e+04 1.253220753689587315e-05
2.212166181244003747e+04 1.251596601211216670e-05
2.213272264334626016e+04 1.250035056123609721e-05
2.214378900466792766e+04 1.248523726477152841e-05
2.215486089917026038e+04 1.247053104950505075e-05
2.216593832961984299e+04 1.245615097013498071e-05
2.217702129878465712e+04 1.244203008867912765e-05
2.218810980943404502e+04 1.242811318080541951e-05
2.219920386433876047e+04 1.241435571252462972e-05
2.221030346627093240e+04 1.240072248367956357e-05
2.222140861800406492e+04 1.238718572451432693e-05
2.223251932231306637e+04 1.237372376854127315e-05
2.224363558197422390e+04 1.236031957090159172e-05
2.225475739976520708e+04 1.234696007079375278e-05
2.226588477846508977e+04 1.233363507671928824e-05
2.227701772085431730e+04 1.232033679711736995e-05
2.228815622971474659e+04 1.230705903737156015e-05
2.229930030782960239e+04 1.229379688694642196e-05
2.231044995798351374e+04 1.228054624370050612e-05
2.232160518296250302e+04 1.226730341908357088e-05
2.233276598555398596e+04 1.225406480248084888e-05
2.234393236854676434e+04 1.224082655842794197e-05
2.235510433473103694e+04 1.222758605962120547e-05
2.236628188689839590e+04 1.221433748440405856e-05
2.237746502784184486e+04 1.220107478693331826e-05
2.238865376035576264e+04 1.218779074353553954e-05
2.239984808723593960e+04 1.217447654398869688e-05
2.241104801127955579e+04 1.216112156192140338e-05
2.242225353528519190e+04 1.214771318914710850e-05
2.243346466205283650e+04 1.213423680408087714e-05
2.244468139438386061e+04 1.212067577643888764e-05
2.245590373508105040e+04 1.210701170344464325e-05
2.246713168694858905e+04 1.209322483772142124e-05
2.247836525279206035e+04 1.207929482347443171e-05
2.248960443541845234e+04 1.206520163407341310e-05
2.250084923763616098e+04 1.205092711425333230e-05
2.251209966225497919e+04 1.203645654319194475e-05
2.252335571208610418e+04 1.202178079045894682e-05
2.253461738994214829e+04 1.200689866962035456e-05
2.254588469863711725e+04 1.199181955154093598e-05
2.255715764098643194e+04 1.197656603267706419e-05
2.256843621980692114e+04 1.196117653816086103e-05
2.257972043791682518e+04 1.194570755511524330e-05
2.259101029813578498e+04 1.193023533126936334e-05
2.260230580328485303e+04 1.191485669011299024e-05
2.261360695618649333e+04 1.189968875395352949e-05
2.262491375966458509e+04 1.188486727783844500e-05
2.263622621654441537e+04 1.187054346455934520e-05
2.264754432965268643e+04 1.185687917697575801e-05
2.265886810181751207e+04 1.184404059166034179e-05
2.267019753586842126e+04 1.183219046211216951e-05
2.268153263463635813e+04 1.182147938144342162e-05
2.269287340095367108e+04 1.181203645450129955e-05
2.270421983765414916e+04 1.180396005195609607e-05
2.271557194757297475e+04 1.179730925239712695e-05
2.272692973354675996e+04 1.179209675284468180e-05
2.273829319841353208e+04 1.178828382367108445e-05
2.274966234501273357e+04 1.178577795257896518e-05
2.276103717618524024e+04 1.178443347980664662e-05
2.277241769477332855e+04 1.178405544294670957e-05
2.278380390362071557e+04 1.178440660219952052e-05
2.279519580557252630e+04 1.178521721823217918e-05
2.280659340347530815e+04 1.178619688854082424e-05
2.281799670017704557e+04 1.178704801805453483e-05
2.282940569852713452e+04 1.178747966788035887e-05
2.284082040137639706e+04 1.178722105515472690e-05
2.285224081157708861e+04 1.178603364368773534e-05
2.286366693198287248e+04 1.178372113670278912e-05
2.287509876544886356e+04 1.178013669682808758e-05
2.288653631483158824e+04 1.177518706950368299e-05
2.289797958298900267e+04 1.176883343251390677e-05
2.290942857278049269e+04 1.176108919012773077e-05
2.292088328706688480e+04 1.175201499350034825e-05
2.293234372871041705e+04 1.174171163695438169e-05
2.294380990057476811e+04 1.173031136808979894e-05
2.295528180552505364e+04 1.171796842732156018e-05
2.296675944642781542e+04 1.170484946851444252e-05
2.297824282615103220e+04 1.169112449063355468e-05
2.298973194756410521e+04 1.167695878853156503e-05
2.300122681353788721e+04 1.166250630314515205e-05
2.301272742694464978e+04 1.164790457563547300e-05
2.302423379065811969e+04 1.163327139149842484e-05
2.303574590755344980e+04 1.161870301286506432e-05
2.304726378050722269e+04 1.160427391999649694e-05
2.305878741239747615e+04 1.159003773609696969e-05
2.307031680610367403e+04 1.157602909140692857e-05
2.308185196450672447e+04 1.156226627652584852e-05
2.309339289048897626e+04 1.154875405444412633e-05
2.310493958693421882e+04 1.153548678689676231e-05
2.311649205672768221e+04 1.152245142342211196e-05
2.312805030275604440e+04 1.150963024179617603e-05
2.313961432790742037e+04 1.149700326323838543e-05
2.315118413507136938e+04 1.148455022665602849e-05
2.316275972713890587e+04 1.147225213351240511e-05
2.317434110700247402e+04 1.146009230943478511e-05
2.318592827755596954e+04 1.144805709203806854e-05
2.319752124169475064e+04 1.143613612424542254e-05
2.320912000231559432e+04 1.142432240457111154e-05
2.322072456231675096e+04 1.141261205847429538e-05
2.323233492459790796e+04 1.140100400490386410e-05
2.324395109206020788e+04 1.138949953448650118e-05
2.325557306760623396e+04 1.137810187020334695e-05
2.326720085414003552e+04 1.136681498262380555e-05
2.327883445456710251e+04 1.135564100863089879e-05
2.329047387179438738e+04 1.134459040111975944e-05
2.330211910873028319e+04 1.133367408212784714e-05
2.331377016828464548e+04 1.132289998106896063e-05
2.332542705336878498e+04 1.131227852333949611e-05
2.333708976689546762e+04 1.130182217392544852e-05
2.334875831177891087e+04 1.129154491046294573e-05
2.336043269093479830e+04 1.128145992156370984e-05
2.337211290728026506e+04 1.127158681100070845e-05
2.338379896373390511e+04 1.126194943144747731e-05
2.339549086321576760e+04 1.125256692223318957e-05
2.340718860864737508e+04 1.124345950874383054e-05
2.341889220295169434e+04 1.123464609139466525e-05
2.343060164905317288e+04 1.122614183530755788e-05
2.344231694987769515e+04 1.121795546484098875e-05
2.345403810835263721e+04 1.121008377529562948e-05
2.346576512740681210e+04 1.120251568950340899e-05
2.347749800997051352e+04 1.119522944377219944e-05
2.348923675897549765e+04 1.118817945529936558e-05
2.350098137735498312e+04 1.118130169188101452e-05
2.351273186804366196e+04 1.117451181500587215e-05
2.352448823397767774e+04 1.116770474305197286e-05
2.353625047809466560e+04 1.116075570338146370e-05
2.354801860333371587e+04 1.115352264034609426e-05
2.355979261263538137e+04 1.114584896198525445e-05
2.357157250894169556e+04 1.113757238325660119e-05
2.358335829519616527e+04 1.112853909310407291e-05
2.359514997434375982e+04 1.111859901542223329e-05
2.360694754933092918e+04 1.110762030000013522e-05
2.361875102310559305e+04 1.109550006747267005e-05
2.363056039861714453e+04 1.108217206179382376e-05
2.364237567881645373e+04 1.106761341827382362e-05
2.365419686665586050e+04 1.105184949429964804e-05
2.366602396508918901e+04 1.103495587961979090e-05
2.367785697707173313e+04 1.101705725328910483e-05
2.368969590556026742e+04 1.099832037751199576e-05
2.370154075351304346e+04 1.097895712164569156e-05
2.371339152388980074e+04 1.095921161311483620e-05
2.372524821965174488e+04 1.093933929014999475e-05
2.373711084376156577e+04 1.091960241870986328e-05
2.374897939918344491e+04 1.090025655695521601e-05
2.376085388888303714e+04 1.088153769250807308e-05
2.377273431582747799e+04 1.086365132849638873e-05
2.378462068298538725e+04 1.084676368010790821e-05
2.379651299332687995e+04 1.083099565055891663e-05
2.380841124982354449e+04 1.081641949625141875e-05
2.382031545544845358e+04 1.080305827359660903e-05
2.383222561317617874e+04 1.079088548585649353e-05
2.384414172598276855e+04 1.077983425580906889e-05
2.385606379684575586e+04 1.076981115601179665e-05
2.386799182874417966e+04 1.076068809091453549e-05
2.387992582465854866e+04 1.075231700878477372e-05
2.389186578757087773e+04 1.074454034697288577e-05
2.390381172046465872e+04 1.073719780138403907e-05
2.391576362632489327e+04 1.073013297809471434e-05
2.392772150813805274e+04 1.072319901552116033e-05
2.393968536889211828e+04 1.071626293029094162e-05
2.395165521157656258e+04 1.070920865983062344e-05
2.396363103918234992e+04 1.070193887284804214e-05
2.397561285470193980e+04 1.069437573424970606e-05
2.398760066112929417e+04 1.068646053878446674e-05
2.399959446145985567e+04 1.067815148027498910e-05
2.401159425869058759e+04 1.066942138122059049e-05
2.402360005581993028e+04 1.066026717132939825e-05
2.403561185584784107e+04 1.065069929738776897e-05
2.404762966177576163e+04 1.064073431976803708e-05
2.405965347660664702e+04 1.063040025967246209e-05
2.407168330334494749e+04 1.061973350648188164e-05
2.408371914499661943e+04 1.060877608386055808e-05
2.409576100456911809e+04 1.059757318248928381e-05
2.410780888507140116e+04 1.058617081618298408e-05
2.411986278951393615e+04 1.057461368463960011e-05
2.413192272090869301e+04 1.056294342016774183e-05
2.414398868226914419e+04 1.055119735472730168e-05
2.415606067661027919e+04 1.053940798338361031e-05
2.416813870694858633e+04 1.052760313817203320e-05
2.418022277630205645e+04 1.051580687788600200e-05
2.419231288769020830e+04 1.050404048883552521e-05
2.420440904413405224e+04 1.049232291144601632e-05
2.421651124865611928e+04 1.048066929429858852e-05
2.422861950428044656e+04 1.046910462310130747e-05
2.424073381403258463e+04 1.045765606804468367e-05
2.425285418093960106e+04 1.044633756907842303e-05
2.426498060803006592e+04 1.043516230481202519e-05
2.427711309833408086e+04 1.042414147169744867e-05
2.428925165488324637e+04 1.041327426299075148e-05
2.430139628071068364e+04 1.040254706913587033e-05
2.431354697885103815e+04 1.039193356553051715e-05
2.432570375234046514e+04 1.038139723343014266e-05
2.433786660421662964e+04 1.037088898738004172e-05
2.435003553751873915e+04 1.036035793016719203e-05
2.436221055528749639e+04 1.034976501498733287e-05
2.437439166056513932e+04 1.033908252263289259e-05
2.438657885639542292e+04 1.032830376077000965e-05
2.439877214582361921e+04 1.031744901164535579e-05
2.441097153189653181e+04 1.030656769107288415e-05
2.442317701766247774e+04 1.029573709177383102e-05
2.443538860617130558e+04 1.028504875658779262e-05
2.444760630047439190e+04 1.027459933172422340e-05
2.445983010362463028e+04 1.026448065239170303e-05
2.447206001867644227e+04 1.025476173258097836e-05
2.448429604868578099e+04 1.024547915012099904e-05
2.449653819671012388e+04 1.023660995345563296e-05
2.450878646580847271e+04 1.022807334105786264e-05
2.452104085904137901e+04 1.021973453071558218e-05
2.453330137947089679e+04 1.021141364368507412e-05
2.454556803016063350e+04 1.020289946613650247e-05
2.455784081417571360e+04 1.019396938149106728e-05
2.457011973458279681e+04 1.018442874882843544e-05
2.458240479445008532e+04 1.017412905253169832e-05
2.459469599684730929e+04 1.016299077189358632e-05
2.460699334484573046e+04 1.015102218964326542e-05
2.461929684151814945e+04 1.013832764474675769e-05
2.463160648993891300e+04 1.012510456899248153e-05
2.464392229318388127e+04 1.011162902828804006e-05
2.465624425433047145e+04 1.009823068011065940e-05
2.466857237645763234e+04 1.008526096204721137e-05
2.468090666264586253e+04 1.007304668175162420e-05
2.469324711597718124e+04 1.006185805126537261e-05
2.470559373953516842e+04 1.005188006195935697e-05
2.471794653640493561e+04 1.004317474071812819e-05
2.473030550967313684e+04 1.003566756105959371e-05
2.474267066242797227e+04 1.002914606424794481e-05
2.475504199775918460e+04 1.002327029759486061e-05
2.476741951875806262e+04 1.001759967739949972e-05
2.477980322851743767e+04 1.001164250984087834e-05
2.479219313013169813e+04 1.000489386297441113e-05
2.480458922669676031e+04 9.996878561736172853e-06
2.481699152131010487e+04 9.987210431314705035e-06
2.482940001707075862e+04 9.975630608597485930e-06
2.484181471707929450e+04 9.962036762873292478e-06
2.485423562443783521e+04 9.946516949282010244e-06
2.486666274225004963e+04 9.929341645463553323e-06
2.487909607362117094e+04 9.910948375028253723e-06
2.489153562165798576e+04 9.891913785654984776e-06
2.490398138946881227e+04 9.872910503755571640e-06
2.491643338016354392e+04 9.854654058117080136e-06
2.492889159685362392e+04 9.837844361119603114e-06
2.494135604265204893e+04 9.823106961708494959e-06
2.495382672067337262e+04 9.810939054035077282e-06
2.496630363403370939e+04 9.801664742610408264e-06
2.497878678585072339e+04 9.795403545428466428e-06
2.499127617924364677e+04 9.792055078426590054e-06
2.500377181733326506e+04 9.791299468162639581e-06
2.501627370324193180e+04 9.792607083087759837e-06
2.502878184009355027e+04 9.795283054046664516e-06
2.504129623101359539e+04 9.798514641004472690e-06
2.505381687912910274e+04 9.801417226783468522e-06
2.506634378756866863e+04 9.803097345517769435e-06
2.507887695946244639e+04 9.802715035242389260e-06
2.509141639794217917e+04 9.799542304832607216e-06
2.510396210614114898e+04 9.793014165402250562e-06
2.511651408719421670e+04 9.782768847501144426e-06
2.512907234423781119e+04 9.768672911747408163e-06
2.514163688040993293e+04 9.750833769951561773e-06
2.515420769885013215e+04 9.729607429553838144e-06
2.516678480269955980e+04 9.705572503668871188e-06
2.517936819510090936e+04 9.679488360129726856e-06
2.519195787919845316e+04 9.652258556282156745e-06
2.520455385813805697e+04 9.624877426462778162e-06
2.521715613506712180e+04 9.598370120378007411e-06
2.522976471313465663e+04 9.573720953804346309e-06
2.524237959549122024e+04 9.551825260370512023e-06
2.525500078528896120e+04 9.533440677953109558e-06
2.526762828568160694e+04 9.519131990274512631e-06
2.528026209982444198e+04 9.509242163214868648e-06
2.529290223087435152e+04 9.503875784144480109e-06
2.530554868198978875e+04 9.502896172810414214e-06
2.531820145633078209e+04 9.505936418391612642e-06
2.533086055705894614e+04 9.512423148358674704e-06
2.534352598733747436e+04 9.521610757423916676e-06
2.535619775033114274e+04 9.532623259610753736e-06
2.536887584920630252e+04 9.544500770217872004e-06
2.538156028713090200e+04 9.556247484224482329e-06
2.539425106727446837e+04 9.566878564448252800e-06
2.540694819280810407e+04 9.575463627707198327e-06
2.541965166690450860e+04 9.581165337267611375e-06
2.543236149273796036e+04 9.583272106399141023e-06
2.544507767348432390e+04 9.581224528602140360e-06
2.545780021232106810e+04 9.574635619231757871e-06
2.547052911242722621e+04 9.563306053108347609e-06
2.548326437698343943e+04 9.547224382120960093e-06
2.549600600917192787e+04 9.526570020975916282e-06
2.550875401217651233e+04 9.501722903905974351e-06
2.552150838918259979e+04 9.473240285759684063e-06
2.553426914337719063e+04 9.441837638279767692e-06
2.554703627794887507e+04 9.408365977666820895e-06
2.555980979608784764e+04 9.373780424353279729e-06
2.557258970098588907e+04 9.339102189746012703e-06
2.558537599583638439e+04 9.305375070574191219e-06
2.559816868383429755e+04 9.273618026229867365e-06
2.561096776817621503e+04 9.244775335935562270e-06
2.562377325206030582e+04 9.219681861235662522e-06
2.563658513868633599e+04 9.199023446805665619e-06
2.564940343125567961e+04 9.183293055496919214e-06
2.566222813297130779e+04 9.172776012613430887e-06
2.567505924703779237e+04 9.167546085387049261e-06
2.568789677666130956e+04 9.167470711062279849e-06
2.570074072504963624e+04 9.172229721987209023e-06
2.571359109541216094e+04 9.181344642390190414e-06
2.572644789095986562e+04 9.194221110456538603e-06
2.573931111490534749e+04 9.210197869672491781e-06
2.575218077046279723e+04 9.228588570517669984e-06
2.576505686084802801e+04 9.248736459446725466e-06
2.577793938927845011e+04 9.270054538561625646e-06
2.579082835897308541e+04 9.292051398182661414e-06
2.580372377315257472e+04 9.314351786842607560e-06
2.581662563503914862e+04 9.336719608870916614e-06
2.582953394785666387e+04 9.359065208463933388e-06
2.584244871483059615e+04 9.381425210215245736e-06
2.585536993918800727e+04 9.403948208590246692e-06
2.586829762415759978e+04 9.426873896062597930e-06
2.588123177296967697e+04 9.450507292671011205e-06
2.589417238885616462e+04 9.475191885175668314e-06
2.590711947505058924e+04 9.501283510493530195e-06
2.592007303478811446e+04 9.529127130422576170e-06
2.593303307130550456e+04 9.559037565765578109e-06
2.594599958784115734e+04 9.591284415012722305e-06
2.595897258763507489e+04 9.626081418203321131e-06
2.597195207392889279e+04 9.663579656521292878e-06
2.598493804996585823e+04 9.703863837101664669e-06
2.599793051899083366e+04 9.746950767385265148e-06
2.601092948425033319e+04 9.792789002605809177e-06
2.602393494899245343e+04 9.841259143709374670e-06
2.603694691646694628e+04 9.892174333408788992e-06
2.604996538992517890e+04 9.945280814586872239e-06
2.606299037262014463e+04 1.000025887269571441e-05
2.607602186780644479e+04 1.005672454644571519e-05
2.608905987874034690e+04 1.011423271956757674e-05
2.610210440867971920e+04 1.017228202868667481e-05
2.611515546088405608e+04 1.023032200011154861e-05
2.612821303861449996e+04 1.028776219482324728e-05
2.614127714513380488e+04 1.034398310682765612e-05
2.615434778370636559e+04 1.039834823605556631e-05
2.616742495759822123e+04 1.045021693651157735e-05
2.618050867007701527e+04 1.049895378087737730e-05
2.619359892441205375e+04 1.054392972374398154e-05
2.620669572387426160e+04 1.058453820847332513e-05
2.621979907173619358e+04 1.062020135486324518e-05
2.623290897127206335e+04 1.065036647715229988e-05
2.624602542575769985e+04 1.067451134803454975e-05
2.625914843847058000e+04 1.069213818311513952e-05
2.627227801268980693e+04 1.070277330254345652e-05
2.628541415169614993e+04 1.070597875338380754e-05
2.629855685877200085e+04 1.070136193147026233e-05
2.631170613720138499e+04 1.068858888791486553e-05
2.632486199026997929e+04 1.066740232438277090e-05
2.633802442126511596e+04 1.063764245954032357e-05
2.635119343347574977e+04 1.059926851274071297e-05
2.636436903019248348e+04 1.055237827063254146e-05
2.637755121470757877e+04 1.049722316221167778e-05
2.639073999031493076e+04 1.043421618662716695e-05
2.640393536031008625e+04 1.036393073944130735e-05
2.641713732799024365e+04 1.028708935994967999e-05
2.643034589665423482e+04 1.020454230465220141e-05
2.644356106960256147e+04 1.011723701523532227e-05
2.645678285013736240e+04 1.002618074297603654e-05
2.647001124156243168e+04 9.932399206447079930e-06
2.648324624718320774e+04 9.836894941818225322e-06
2.649648787030679887e+04 9.740608943522635746e-06
2.650973611424195042e+04 9.644389009524916253e-06
2.652299098229907031e+04 9.548967644494920840e-06
2.653625247779022175e+04 9.454951361995257106e-06
2.654952060402910865e+04 9.362822012022787064e-06
2.656279536433111934e+04 9.272949632332549606e-06
2.657607676201328650e+04 9.185615212846919765e-06
2.658936480039429080e+04 9.101040344665538778e-06
2.660265948279448639e+04 9.019420545852805350e-06
2.661596081253588272e+04 8.940958018201736562e-06
2.662926879294214814e+04 8.865890026603650024e-06
2.664258342733861355e+04 8.794509726899565248e-06
2.665590471905228333e+04 8.727176559885123434e-06
2.666923267141180622e+04 8.664314924998190768e-06
2.668256728774751173e+04 8.606391239610800933e-06
2.669590857139138825e+04 8.553893038168958413e-06
2.670925652567708312e+04 8.507304504363212054e-06
2.672261115393991713e+04 8.467056156976350727e-06
2.673597245951689183e+04 8.433480072745956022e-06
2.674934044574664586e+04 8.406772946722671183e-06
2.676271511596952041e+04 8.386964673850352031e-06
2.677609647352750471e+04 8.373897514546233412e-06
2.678948452176426508e+04 8.367214757958339188e-06
2.680287926402514131e+04 8.366365186690267246e-06
2.681628070365715394e+04 8.370628623402140029e-06
2.682968884400898241e+04 8.379140281406249563e-06
2.684310368843098695e+04 8.390937285011659447e-06
2.685652524027519758e+04 8.405010442881295823e-06
2.686995350289533599e+04 8.420347872380860418e-06
2.688338847964677916e+04 8.435984836290475383e-06
2.689683017388659937e+04 8.451044350903277847e-06
2.691027858897354599e+04 8.464773615245681422e-06
2.692373372826803097e+04 8.476568408965609979e-06
2.693719559513216154e+04 8.485986249814012354e-06
2.695066419292972569e+04 8.492748741103010757e-06
2.696413952502619213e+04 8.496733933753660757e-06
2.697762159478870308e+04 8.497960854463414561e-06
2.699111040558609602e+04 8.496567876922597642e-06
2.700460596078888557e+04 8.492787452344656050e-06
2.701810826376927798e+04 8.486919029109485257e-06
2.703161731790116391e+04 8.479301446574205988e-06
2.704513312656011476e+04 8.470292816955705809e-06
2.705865569312338994e+04 8.460256884896543718e-06
2.707218502096994780e+04 8.449541136511058481e-06
2.708572111348043109e+04 8.438458653243339453e-06
2.709926397403717056e+04 8.427287125091117417e-06
2.711281360602418863e+04 8.416265299075382342e-06
2.712637001282719939e+04 8.405590991290793688e-06
2.713993319783360857e+04 8.395421325024800569e-06
2.715350316443252814e+04 8.385874306893561538e-06
2.716707991601473987e+04 8.377030666274791541e-06
2.718066345597274994e+04 8.368935401732730531e-06
2.719425378770073075e+04 8.361598506698708158e-06
2.720785091459457908e+04 8.354994738612129344e-06
2.722145484005187609e+04 8.349062348533478747e-06
2.723506556747189461e+04 8.343700914485793700e-06
2.724868310025563187e+04 8.338768844875408292e-06
2.726230744180575493e+04 8.334080832450703154e-06
2.727593859552665890e+04 8.329406466501632165e-06
2.728957656482441962e+04 8.324470982746335623e-06
2.730322135310682643e+04 8.318958578396793197e-06
2.731687296378337851e+04 8.312513124787657839e-06
2.733053140026526671e+04 8.304748989241672919e-06
2.734419666596540264e+04 8.295274604507140440e-06
2.735786876429838230e+04 8.283710195130526737e-06
2.737154769868053336e+04 8.269703220063125159e-06
2.738523347252986787e+04 8.252955868472322524e-06
2.739892608926613320e+04 8.233253746450948634e-06
2.741262555231076476e+04 8.210492766755787816e-06
2.742633186508691506e+04 8.184702872478657475e-06
2.744004503101946102e+04 8.156066540289845249e-06
2.745376505353497123e+04 8.124929465222278778e-06
2.746749193606173867e+04 8.091801443201677291e-06
2.748122568202976254e+04 8.057346042778606944e-06
2.749496629487077735e+04 8.022358398651441728e-06
2.750871377801821291e+04 7.987731632920231162e-06
2.752246813490722343e+04 7.954413470631583734e-06
2.753622936897466934e+04 7.923355602115165895e-06
2.754999748365916093e+04 7.895459348500984801e-06
2.756377248240098561e+04 7.871521671830373807e-06
2.757755436864218791e+04 7.852185785714050012e-06
2.759134314582650040e+04 7.837900553510086365e-06
2.760513881739941644e+04 7.828892023339855969e-06
2.761894138680811011e+04 7.825149580811272606e-06
2.763275085750151266e+04 7.826427845768127846e-06
2.764656723293025789e+04 7.832264153124931689e-06
2.766039051654671857e+04 7.842009992867023221e-06
2.767422071180499188e+04 7.854873630207513137e-06
2.768805782216089574e+04 7.869970219480318187e-06
2.770190185107197613e+04 7.886375298372860903e-06
2.771575280199751069e+04 7.903177417762996816e-06
2.772961067839850875e+04 7.919526022240268412e-06
2.774347548373770405e+04 7.934671396048451582e-06
2.775734722147956927e+04 7.947994424701531390e-06
2.777122589509030877e+04 7.959025046284210850e-06
2.778511150803785131e+04 7.967449218876232470e-06
2.779900406379186461e+04 7.973105316469093794e-06
2.781290356582376262e+04 7.975971569301547169e-06
2.782681001760666913e+04 7.976146674632655971e-06
2.784072342261547237e+04 7.973825984575769822e-06
2.785464378432678132e+04 7.969275674262688356e-06
2.786857110621894026e+04 7.962806985055772513e-06
2.788250539177204701e+04 7.954752346843900815e-06
2.789644664446793104e+04 7.945444742792301144e-06
2.791039486779016443e+04 7.935201035043202392e-06
2.792435006522405820e+04 7.924309669303158929e-06
2.793831224025666961e+04 7.913022594959252841e-06
2.795228139637679487e+04 7.901551077694657821e-06
2.796625753707498370e+04 7.890064849505698077e-06
2.798024066584351749e+04 7.878693801986444737e-06
2.799423078617644205e+04 7.867531590207248724e-06
2.800822790156952397e+04 7.856640357120963980e-06
2.802223201552030514e+04 7.846056088140507617e-06
2.803624313152806280e+04 7.835794061521211517e-06
2.805026125309382405e+04 7.825854053122153995e-06
2.806428638372036949e+04 7.816225063064110001e-06
2.807831852691223321e+04 7.806889459380378507e-06
2.809235768617568465e+04 7.797826362819400010e-06
2.810640386501877583e+04 7.789014539331223550e-06
2.812045706695128320e+04 7.780434689617027951e-06
2.813451729548475487e+04 7.772071009970398067e-06
2.814858455413249976e+04 7.763911884502486859e-06
2.816265884640956574e+04 7.755946652737691127e-06
2.817674017583276873e+04 7.748171014106700616e-06
2.819082854592068179e+04 7.740592373797160728e-06
2.820492396019364242e+04 7.733228735625076089e-06
2.821902642217373796e+04 7.726097454962834951e-06
2.823313593538482019e+04 7.719220057150934442e-06
2.824725250335250894e+04 7.712622267345170218e-06
2.826137612960418846e+04 7.706332326023085003e-06
2.827550681766898560e+04 7.700378664666455370e-06
2.828964457107781709e+04 7.694786995290619488e-06
2.830378939336335679e+04 7.689576778701992396e-06
2.831794128806003573e+04 7.684756948121075518e-06
2.833210025870406753e+04 7.680320900159168479e-06
2.834626630883341568e+04 7.676241032441163622e-06
2.836043944198782992e+04 7.672462885028047549e-06
2.837461966170882442e+04 7.668899377814027599e-06
2.838880697153967776e+04 7.665425630548923435e-06
2.840300137502544749e+04 7.661874752147014602e-06
2.841720287571295557e+04 7.658035562281376117e-06
2.843141147715081388e+04 7.653652867904650145e-06
2.844562718288938777e+04 7.648431011910212558e-06
2.845984999648083249e+04 7.642041367264113853e-06
2.847407992147906771e+04 7.634134115828728221e-06
2.848831696143981026e+04 7.624354537925413085e-06
2.850256111992052320e+04 7.612363491645649141e-06
2.851681240048048858e+04 7.597861296768697565e-06
2.853107080668072376e+04 7.580613859405726538e-06
2.854533634208406147e+04 7.560479222116119837e-06
2.855960901025509884e+04 7.537432480686189980e-06
2.857388881476023016e+04 7.511586657554758711e-06
2.858817575916760688e+04 7.483207123730010572e-06
2.860246984704718489e+04 7.452717375061452083e-06
2.861677108197070993e+04 7.420694422171258460e-06
2.863107946751169220e+04 7.387852808736123239e-06
2.864539500724544996e+04 7.355017169393000220e-06
2.865971770474907316e+04 7.323084360463705904e-06
2.867404756360144529e+04 7.292977195522177876e-06
2.868838458738324334e+04 7.265592815850699150e-06
2.870272877967693057e+04 7.241749483460679709e-06
2.871708014406677103e+04 7.222135895817830787e-06
2.873143868413880045e+04 7.207267225286473765e-06
2.874580440348086995e+04 7.197451574733027399e-06
2.876017730568260595e+04 7.192769761567691519e-06
2.877455739433545023e+04 7.193070199795336623e-06
2.878894467303261627e+04 7.197979342053870633e-06
2.880333914536912562e+04 7.206926689442928902e-06
2.881774081494181155e+04 7.219182240686112154e-06
2.883214968534928266e+04 7.233903081697478220e-06
2.884656576019195199e+04 7.250185225692004461e-06
2.886098904307204793e+04 7.267116490682162801e-06
2.887541953759358148e+04 7.283826412591184240e-06
2.888985724736237535e+04 7.299529626123610751e-06
2.890430217598605668e+04 7.313560083921384541e-06
2.891875432707404980e+04 7.325394383733671824e-06
2.893321370423758344e+04 7.334663643968106766e-06
2.894768031108970172e+04 7.341154338805364295e-06
2.896215415124524588e+04 7.344799356684190186e-06
2.897663522832086164e+04 7.345661262946026653e-06
2.899112354593502459e+04 7.343909984014776393e-06
2.900561910770798568e+04 7.786152326180575728e-06
2.902012191726183664e+04 7.774657659676576998e-06
2.903463197822046641e+04 7.763177550017223293e-06
2.904914929420957924e+04 7.751711984379663987e-06
2.906367386885668020e+04 7.740260949938603921e-06
2.907820570579110790e+04 7.728824433866298313e-06
2.909274480864400539e+04 7.717402423332644245e-06
2.910729118104832378e+04 7.705994905505211151e-06
2.912184482663884410e+04 7.694601867549266227e-06
2.913640574905216636e+04 7.683223296627823566e-06
2.915097395192668773e+04 7.671859179901720382e-06
2.916554943890264985e+04 7.660509504529610240e-06
2.918013221362210243e+04 7.649174257668037594e-06
2.919472227972891051e+04 7.637853426471468278e-06
2.920931964086877269e+04 7.626546998092343716e-06
2.922392430068920658e+04 7.615254959681102102e-06
2.923853626283955236e+04 7.603977298386244462e-06
2.925315553097096927e+04 7.592714001354366849e-06
2.926778210873645367e+04 7.581465055730185746e-06
2.928241599979082093e+04 7.570230448656614305e-06
2.929705720779071635e+04 7.559010167274779287e-06
2.931170573639460781e+04 7.547804198724066796e-06
2.932636158926280405e+04 7.536612530142170568e-06
2.934102477005743276e+04 7.525435148665123306e-06
2.935569528244246249e+04 7.514272041427353432e-06
2.937037313008368073e+04 7.503123195561709652e-06
2.938505831664872312e+04 7.491988598199512626e-06
2.939975084580704788e+04 7.480868236470599857e-06
2.941445072122994316e+04 7.469762097503351953e-06
2.942915794659055609e+04 7.458670168424734975e-06
2.944387252556385283e+04 7.447592436360368205e-06
2.945859446182663305e+04 7.436528888434526680e-06
2.947332375905754816e+04 7.425479511770206420e-06
2.948806042093707219e+04 7.414444293489165928e-06
2.950280445114754184e+04 7.403423220711947369e-06
2.951755585337311641e+04 7.392416280557931625e-06
2.953231463129979966e+04 7.381423460145380648e-06
2.954708078861544345e+04 7.370444746591467105e-06
2.956185432900975502e+04 7.359480127012315037e-06
2.957663525617425694e+04 7.348529588523056609e-06
2.959142357380233807e+04 7.337593118237849052e-06
2.960621928558923901e+04 7.326670703269929716e-06
2.962102239523203389e+04 7.315762330731642336e-06
2.963583290642964857e+04 7.304867987734503092e-06
2.965065082288286067e+04 7.293987661389198921e-06
2.966547614829429949e+04 7.283121338805662052e-06
2.968030888636844611e+04 7.272269007093097114e-06
2.969514904081163331e+04 7.261430653360009086e-06
2.970999661533203835e+04 7.250606264714267673e-06
2.972485161363970474e+04 7.239795828263120010e-06
2.973971403944652047e+04 7.228999331113250802e-06
2.975458389646624346e+04 7.218216760370788254e-06
2.976946118841446878e+04 7.207448103141395550e-06
2.978434591900867963e+04 7.196693346530245442e-06
2.979923809196818183e+04 7.185952477642124435e-06
2.981413771101416569e+04 7.175225483581407374e-06
2.982904477986966594e+04 7.164512351452159940e-06
2.984395930225959819e+04 7.153813068358108998e-06
2.985888128191072974e+04 7.143127621402729000e-06
2.987381072255167965e+04 7.132455997689275862e-06
2.988874762791295507e+04 7.121798184320796282e-06
2.990369200172691490e+04 7.111154168400189575e-06
2.991864384772777339e+04 7.100523937030247485e-06
2.993360316965163656e+04 7.089907477313666885e-06
2.994856997123646215e+04 7.079304776353115003e-06
2.996354425622207782e+04 7.068715821251246362e-06
2.997852602835019206e+04 7.058140599110745978e-06
2.999351529136436511e+04 7.047579097034388652e-06
3.000851204901004530e+04 7.037031302125025418e-06
3.002351630503454726e+04 7.026497201485674178e-06
3.003852806318706280e+04 7.015976782219512918e-06
3.005354732721865366e+04 7.005470031429955105e-06
3.006857410088225879e+04 6.994976936220652217e-06
3.008360838793269795e+04 6.984497483695548810e-06
3.009865019212666448e+04 6.974031660958918933e-06
3.011369951722272526e+04 6.963579455115390694e-06
3.012875636698133894e+04 6.953140853269993698e-06
3.014382074516482680e+04 6.942715842528190381e-06
3.015889265553740915e+04 6.932304409995914131e-06
3.017397210186517623e+04 6.921906542779596390e-06
3.018905908791610636e+04 6.911522227986222560e-06
3.020415361746006238e+04 6.901151452723337085e-06
3.021925569426878792e+04 6.890794204099106132e-06
3.023436532211592566e+04 6.880450469222337069e-06
3.024948250477697729e+04 6.870120235202536917e-06
3.026460724602936534e+04 6.859803489149895404e-06
3.027973954965237499e+04 6.849500218175389150e-06
3.029487941942720136e+04 6.839210409390762189e-06
3.031002685913690948e+04 6.828934049908590341e-06
3.032518187256648162e+04 6.818671126842289681e-06
3.034034446350275903e+04 6.808421627306198706e-06
3.035551463573451110e+04 6.798185538415547835e-06
3.037069239305236988e+04 6.787962847286556825e-06
3.038587773924889916e+04 6.777753541036415283e-06
3.040107067811852176e+04 6.767557606783358056e-06
3.041627121345757769e+04 6.757375031646678782e-06
3.043147934906430601e+04 6.747205802746767159e-06
3.044669508873883387e+04 6.737049907205147911e-06
3.046191843628320566e+04 6.726907332144502807e-06
3.047714939550134295e+04 6.716778064688724026e-06
3.049238797019909543e+04 6.706662091962925171e-06
3.050763416418419365e+04 6.696559401093494626e-06
3.052288798126627808e+04 6.686469979208119279e-06
3.053814942525691367e+04 6.676393813435810778e-06
3.055341849996953897e+04 6.666330890906955503e-06
3.056869520921952426e+04 6.656281198753332358e-06
3.058397955682413158e+04 6.646244724108168674e-06
3.059927154660254018e+04 6.636221454106135123e-06
3.061457118237584291e+04 6.626211375883416875e-06
3.062987846796702433e+04 6.616214476577725453e-06
3.064519340720100445e+04 6.606230743328333460e-06
3.066051600390460226e+04 6.596260163276116934e-06
3.067584626190655763e+04 6.586302723563565510e-06
3.069118418503750945e+04 6.576358411334857807e-06
3.070652977713002474e+04 6.566427213735842792e-06
3.072188304201858773e+04 6.556509117914106698e-06
3.073724398353959623e+04 6.546604111018982340e-06
3.075261260553136526e+04 6.536712180201610947e-06
3.076798891183412707e+04 6.526833312614938776e-06
3.078337290629004201e+04 6.516967495413780639e-06
3.079876459274318768e+04 6.507114715754819054e-06
3.081416397503955159e+04 6.497274960796682177e-06
3.082957105702707486e+04 6.487448217699907372e-06
3.084498584255557944e+04 6.477634473627060650e-06
3.086040833547686270e+04 6.467833715742668903e-06
3.087583853964459558e+04 6.458045931213354581e-06
3.089127645891441716e+04 6.448271107207767933e-06
3.090672209714387282e+04 6.438509230896696269e-06
3.092217545819244697e+04 6.428760289453043637e-06
3.093763654592154126e+04 6.419024270051898583e-06
3.095310536419450000e+04 6.409301159870537537e-06
3.096858191687659564e+04 6.399590946088462934e-06
3.098406620783502876e+04 6.389893615887453184e-06
3.099955824093894626e+04 6.380209156451549972e-06
3.101505802005940859e+04 6.370537554967149732e-06
3.103056554906944075e+04 6.360878798622959606e-06
3.104608083184397401e+04 6.351232874610112636e-06
3.106160387225989325e+04 6.341599770122113558e-06
3.107713467419602239e+04 6.331979472354935362e-06
3.109267324153311711e+04 6.322371968507013361e-06
3.110821957815387941e+04 6.312777245779278230e-06
3.112377368794295398e+04 6.303195291375202587e-06
3.113933557478692455e+04 6.293626092500813704e-06
3.115490524257432116e+04 6.284069636364725688e-06
3.117048269519560199e+04 6.274525910178188617e-06
3.118606793654320063e+04 6.264994901155084297e-06
3.120166097051146789e+04 6.255476596511988101e-06
3.121726180099672274e+04 6.245970983468170658e-06
3.123287043189721953e+04 6.236478049245644446e-06
3.124848686711316986e+04 6.226997781069188349e-06
3.126411111054672438e+04 6.217530166166386629e-06
3.127974316610199458e+04 6.208075191767639927e-06
3.129538303768504920e+04 6.198632845106187295e-06
3.131103072920388513e+04 6.189203113418180731e-06
3.132668624456848556e+04 6.179785983942652992e-06
3.134234958769076911e+04 6.170381443921598906e-06
3.135802076248461526e+04 6.160989480599966063e-06
3.137369977286584981e+04 6.151610081225709017e-06
3.138938662275228489e+04 6.142243233049788441e-06
3.140508131606366078e+04 6.132888923326234658e-06
3.142078385672168952e+04 6.123547139312156955e-06
3.143649424865004403e+04 6.114217868267772382e-06
3.145221249577437266e+04 6.104901097456416764e-06
3.146793860202225915e+04 6.095596814144615853e-06
3.148367257132326995e+04 6.086305005602076858e-06
3.149941440760892510e+04 6.077025659101727404e-06
3.151516411481273099e+04 6.067758761919732479e-06
3.153092169687013302e+04 6.058504301335546099e-06
3.154668715771856660e+04 6.049262264631917237e-06
3.156246050129742434e+04 6.040032639094926247e-06
3.157824173154807431e+04 6.030815412014006041e-06
3.159403085241384906e+04 6.021610570681986131e-06
3.160982786784004929e+04 6.012418102395087551e-06
3.162563278177396933e+04 6.003237994452984687e-06
3.164144559816485707e+04 5.994070234158810360e-06
3.165726632096393951e+04 5.984914808819186321e-06
3.167309495412441538e+04 5.975771705744260519e-06
3.168893150160147707e+04 5.966640912247716417e-06
3.170477596735227780e+04 5.957522415646813653e-06
3.172062835533595353e+04 5.948416203262408366e-06
3.173648866951361560e+04 5.939322262418987926e-06
3.175235691384837264e+04 5.930240580444672626e-06
3.176823309230529048e+04 5.921171144671280058e-06
3.178411720885143950e+04 5.912113942434316644e-06
3.180000926745586548e+04 5.903068961073016597e-06
3.181590927208959329e+04 5.894036187930377497e-06
3.183181722672563410e+04 5.885015610353179773e-06
3.184773313533899272e+04 5.876007215691993481e-06
3.186365700190666030e+04 5.867010991301229969e-06
3.187958883040761066e+04 5.858026924539165600e-06
3.189552862482281489e+04 5.849055002767947672e-06
3.191147638913522314e+04 5.840095213353639323e-06
3.192743212732979009e+04 5.831147543666232224e-06
3.194339584339345311e+04 5.822211981079679622e-06
3.195936754131515045e+04 5.813288512971925136e-06
3.197534722508580307e+04 5.804377126724908686e-06
3.199133489869834375e+04 5.795477809724610539e-06
3.200733056614769157e+04 5.786590549361071639e-06
3.202333423143076288e+04 5.777715333028416475e-06
3.203934589854647493e+04 5.768852148124876798e-06
3.205536557149574219e+04 5.760000982052818728e-06
3.207139325428149459e+04 5.751161822218761388e-06
3.208742895090863021e+04 5.742334656033416712e-06
3.210347266538408803e+04 5.733519470911694531e-06
3.211952440171677881e+04 5.724716254272738994e-06
3.213558416391763240e+04 5.715924993539956518e-06
3.215165195599958679e+04 5.707145676141016638e-06
3.216772778197758817e+04 5.698378289507900288e-06
3.218381164586857631e+04 5.689622821076927749e-06
3.219990355169150644e+04 5.680879258288754418e-06
3.221600350346734922e+04 5.672147588588421630e-06
3.223211150521908712e+04 5.663427799425358348e-06
3.224822756097169622e+04 5.654719878253434529e-06
3.226435167475217895e+04 5.646023812530947575e-06
3.228048385058955319e+04 5.637339589720685852e-06
3.229662409251484496e+04 5.628667197289906674e-06
3.231277240456110667e+04 5.620006622710398981e-06
3.232892879076338068e+04 5.611357853458497739e-06
3.234509325515876480e+04 5.602720877015079705e-06
3.236126580178634322e+04 5.594095680865633729e-06
3.237744643468723007e+04 5.585482252500238734e-06
3.239363515790457677e+04 5.576880579413610300e-06
3.240983197548352473e+04 5.568290649105133702e-06
3.242603689147126352e+04 5.559712449078849505e-06
3.244224990991699815e+04 5.551145966843516250e-06
3.245847103487195636e+04 5.542591189912601133e-06
3.247470027038938497e+04 5.534048105804337604e-06
3.249093762052457532e+04 5.525516702041713510e-06
3.250718308933483786e+04 5.516996966152499046e-06
3.252343668087950209e+04 5.508488885669300963e-06
3.253969839921994208e+04 5.499992448129543092e-06
3.255596824841954367e+04 5.491507641075515465e-06
3.257224623254375183e+04 5.483034452054384485e-06
3.258853235566001968e+04 5.474572868618218332e-06
3.260482662183785214e+04 5.466122878324003910e-06
3.262112903514876962e+04 5.457684468733687498e-06
3.263743959966634065e+04 5.449257627414171365e-06
3.265375831946617109e+04 5.440842341937350194e-06
3.267008519862590401e+04 5.432438599880126325e-06
3.268642024122521616e+04 5.424046388824436015e-06
3.270276345134582880e+04 5.415665696357270615e-06
3.271911483307149319e+04 5.407296510070699437e-06
3.273547439048803062e+04 5.398938817561873991e-06
3.275184212768327416e+04 5.390592606433080502e-06
3.276821804874711233e+04 5.382257864291736520e-06
3.278460215777148551e+04 5.373934578750414635e-06
3.280099445885037130e+04 5.365622737426870435e-06
3.281739495607979188e+04 5.357322327944071300e-06
3.283380365355782851e+04 5.349033337930195558e-06
3.285022055538459972e+04 5.340755755018664670e-06
3.286664566566229041e+04 5.332489566848171182e-06
3.288307898849512276e+04 5.324234761062685504e-06
3.289952052798937075e+04 5.315991325311482165e-06
3.291597028825336747e+04 5.307759247249172851e-06
3.293242827339749783e+04 5.299538514535704706e-06
3.294889448753419128e+04 5.291329114836399299e-06
3.296536893477795093e+04 5.283131035821952622e-06
3.298185161924533895e+04 5.274944265168471515e-06
3.299834254505496210e+04 5.266768790557496535e-06
3.301484171632748621e+04 5.258604599676007034e-06
3.303134913718565804e+04 5.250451680216451661e-06
3.304786481175423978e+04 5.242310019876775456e-06
3.306438874416011095e+04 5.234179606360415625e-06
3.308092093853219558e+04 5.226060427376332027e-06
3.309746139900146954e+04 5.217952470639045292e-06
3.311401012970096781e+04 5.209855723868636823e-06
3.313056713476581353e+04 5.201770174790775051e-06
3.314713241833319626e+04 5.193695811136715436e-06
3.316370598454235733e+04 5.185632620643362302e-06
3.318028783753461903e+04 5.177580591053249353e-06
3.319687798145339184e+04 5.169539710114558308e-06
3.321347642044411623e+04 5.161509965581182431e-06
3.323008315865433542e+04 5.153491345212696035e-06
3.324669820023365901e+04 5.145483836774393447e-06
3.326332154933377024e+04 5.137487428037316111e-06
3.327995321010843327e+04 5.129502106778252591e-06
3.329659318671347864e+04 5.121527860779769911e-06
3.331324148330683238e+04 5.113564677830233878e-06
3.332989810404847958e+04 5.105612545723817563e-06
3.334656305310050811e+04 5.097671452260522465e-06
3.336323633462705038e+04 5.089741385246220025e-06
3.337991795279436337e+04 5.081822332492624517e-06
3.339660791177076317e+04 5.073914281817347256e-06
3.341330621572664677e+04 5.066017221043914391e-06
3.343001286883451394e+04 5.058131138001760971e-06
3.344672787526893080e+04 5.050256020526273298e-06
3.346345123920655897e+04 5.042391856458795706e-06
3.348018296482617006e+04 5.034538633646633098e-06
3.349692305630858027e+04 5.026696339943115323e-06
3.351367151783673035e+04 5.018864963207566682e-06
3.353042835359564197e+04 5.011044491305340656e-06
3.354719356777243956e+04 5.003234912107846166e-06
3.356396716455632850e+04 4.995436213492555194e-06
3.358074914813859505e+04 4.987648383343034971e-06
3.359753952271267190e+04 4.979871409548927648e-06
3.361433829247402173e+04 4.972105280006021447e-06
3.363114546162025363e+04 4.964349982616229487e-06
3.364796103435105761e+04 4.956605505287614344e-06
3.366478501486823370e+04 4.948871835934413464e-06
3.368161740737567015e+04 4.941148962477052719e-06
3.369845821607935795e+04 4.933436872842160800e-06
3.371530744518739812e+04 4.925735554962588702e-06
3.373216509890999441e+04 4.918044996777428361e-06
3.374903118145944609e+04 4.910365186232028745e-06
3.376590569705017697e+04 4.902696111277998392e-06
3.378278864989869180e+04 4.895037759873255394e-06
3.379968004422364174e+04 4.887390119982002823e-06
3.381657988424575160e+04 4.879753179574777865e-06
3.383348817418787075e+04 4.872126926628458595e-06
3.385040491827496589e+04 4.864511349126266518e-06
3.386733012073409918e+04 4.856906435057808918e-06
3.388426378579446464e+04 4.849312172419075475e-06
3.390120591768735903e+04 4.841728549212455202e-06
3.391815652064619644e+04 4.834155553446762703e-06
3.393511559890652279e+04 4.826593173137247493e-06
3.395208315670597221e+04 4.819041396305611784e-06
3.396905919828432525e+04 4.811500210980024881e-06
3.398604372788345790e+04 4.803969605195154531e-06
3.400303674974739988e+04 4.796449566992138115e-06
3.402003826812227635e+04 4.788940084418656345e-06
3.403704828725632979e+04 4.781441145528919709e-06
3.405406681139996363e+04 4.773952738383665931e-06
3.407109384480565495e+04 4.766474851050223501e-06
3.408812939172805636e+04 4.759007471602476093e-06
3.410517345642392320e+04 4.751550588120914241e-06
3.412222604315213539e+04 4.744104188692633639e-06
3.413928715617371199e+04 4.736668261411356324e-06
3.415635679975178937e+04 4.729242794377445914e-06
3.417343497815167211e+04 4.721827775697910155e-06
3.419052169564074575e+04 4.714423193486446661e-06
3.420761695648856403e+04 4.707029035863422581e-06
3.422472076496680529e+04 4.699645290955908484e-06
3.424183312534927973e+04 4.692271946897699534e-06
3.425895404191195121e+04 4.684908991829307016e-06
3.427608351893290819e+04 4.677556413897993073e-06
3.429322156069237099e+04 4.670214201257784248e-06
3.431036817147271358e+04 4.662882342069474880e-06
3.432752335555844911e+04 4.655560824500651665e-06
3.434468711723622255e+04 4.648249636725708056e-06
3.436185946079483983e+04 4.640948766925845108e-06
3.437904039052523876e+04 4.633658203289105363e-06
3.439622991072049626e+04 4.626377934010377929e-06
3.441342802567585750e+04 4.619107947291409494e-06
3.443063473968869221e+04 4.611848231340820418e-06
3.444785005705853837e+04 4.604598774374119132e-06
3.446507398208707309e+04 4.597359564613732632e-06
3.448230651907811261e+04 4.590130590288990388e-06
3.449954767233764142e+04 4.582911839636157373e-06
3.451679744617381220e+04 4.575703300898439996e-06
3.453405584489690227e+04 4.568504962326011513e-06
3.455132287281934987e+04 4.561316812176012871e-06
3.456859853425575420e+04 4.554138838712579816e-06
3.458588283352289000e+04 4.546971030206830188e-06
3.460317577493964927e+04 4.539813374936924056e-06
3.462047736282712140e+04 4.532665861188022219e-06
3.463778760150852759e+04 4.525528477252344648e-06
3.465510649530928640e+04 4.518401211429151003e-06
3.467243404855694098e+04 4.511284052024785529e-06
3.468977026558120997e+04 4.504176987352660962e-06
3.470711515071400208e+04 4.497080005733282243e-06
3.472446870828935789e+04 4.489993095494277014e-06
3.474183094264350075e+04 4.482916244970376982e-06
3.475920185811481497e+04 4.475849442503460271e-06
3.477658145904387493e+04 4.468792676442543800e-06
3.479396974977339414e+04 4.461745935143806148e-06
3.481136673464828345e+04 4.454709206970599420e-06
3.482877241801560740e+04 4.447682480293459405e-06
3.484618680422460602e+04 4.440665743490127603e-06
3.486360989762672398e+04 4.433658984945534281e-06
3.488104170257553051e+04 4.426662193051863697e-06
3.489848222342682129e+04 4.419675356208510054e-06
3.491593146453853115e+04 4.412698462822134248e-06
3.493338943027079949e+04 4.405731501306647781e-06
3.495085612498593400e+04 4.398774460083231390e-06
3.496833155304842512e+04 4.391827327580365540e-06
3.498581571882494609e+04 4.384890092233817722e-06
3.500330862668435293e+04 4.377962742486670406e-06
3.502081028099769173e+04 4.371045266789321881e-06
3.503832068613819138e+04 4.364137653599510826e-06
3.505583984648125625e+04 4.357239891382319697e-06
3.507336776640449534e+04 4.350351968610192510e-06
3.509090445028769318e+04 4.343473873762938235e-06
3.510844990251283889e+04 4.336605595327751121e-06
3.512600412746409711e+04 4.329747121799216628e-06
3.514356712952782982e+04 4.322898441679329212e-06
3.516113891309258906e+04 4.316059543477504183e-06
3.517871948254913150e+04 4.309230415710572629e-06
3.519630884229040385e+04 4.302411046902819523e-06
3.521390699671155016e+04 4.295601425585970178e-06
3.523151395020990458e+04 4.288801540299224127e-06
3.524912970718499855e+04 4.282011379589252577e-06
3.526675427203858999e+04 4.275230932010206886e-06
3.528438764917461231e+04 4.268460186123739735e-06
3.530202984299920354e+04 4.261699130499011904e-06
3.531968085792069905e+04 4.254947753712715991e-06
3.533734069834966067e+04 4.248206044349049305e-06
3.535500936869883299e+04 4.241473990999774855e-06
3.537268687338317977e+04 4.234751582264200171e-06
3.539037321681986941e+04 4.228038806749191705e-06
3.540806840342828218e+04 4.221335653069196008e-06
3.542577243762999569e+04 4.214642109846249892e-06
3.544348532384880673e+04 4.207958165709976196e-06
3.546120706651072396e+04 4.201283809297615975e-06
3.547893767004397523e+04 4.194619029254014945e-06
3.549667713887899299e+04 4.187963814231656516e-06
3.551442547744842886e+04 4.181318152890660103e-06
3.553218269018714636e+04 4.174682033898792980e-06
3.554994878153224272e+04 4.168055445931488917e-06
3.556772375592300523e+04 4.161438377671843943e-06
3.558550761780096946e+04 4.154830817810639218e-06
3.560330037160986831e+04 4.148232755046344419e-06
3.562110202179567568e+04 4.141644178085132988e-06
3.563891257280657010e+04 4.135065075640888061e-06
3.565673202909297106e+04 4.128495436435213480e-06
3.567456039510751725e+04 4.121935249197443109e-06
3.569239767530507379e+04 4.115384502664652693e-06
3.571024387414272496e+04 4.108843185581674258e-06
3.572809899607979605e+04 4.102311286701098652e-06
3.574596304557783151e+04 4.095788794783283166e-06
3.576383602710061677e+04 4.089275698596369328e-06
3.578171794511417102e+04 4.082771986916287977e-06
3.579960880408671801e+04 4.076277648526774516e-06
3.581750860848876619e+04 4.069792672219367214e-06
3.583541736279300676e+04 4.063317046793431772e-06
3.585333507147440105e+04 4.056850761056157088e-06
3.587126173901013681e+04 4.050393803822567114e-06
3.588919736987963552e+04 4.043946163915548809e-06
3.590714196856457420e+04 4.037507830165828422e-06
3.592509553954885632e+04 4.031078791412005372e-06
3.594305808731863362e+04 4.024659036500559029e-06
3.596102961636228429e+04 4.018248554285854635e-06
3.597901013117046386e+04 4.011847333630138231e-06
3.599699963623604708e+04 4.005455363403573919e-06
3.601499813605415693e+04 3.999072632484236243e-06
3.603300563512218650e+04 3.992699129758105951e-06
3.605102213793974079e+04 3.986334844119118280e-06
3.606904764900870941e+04 3.979979764469127377e-06
3.608708217283320846e+04 3.973633879717941026e-06
3.610512571391962410e+04 3.967297178783327430e-06
3.612317827677658352e+04 3.960969650591021136e-06
3.614123986591496941e+04 3.954651284074724728e-06
3.615931048584792006e+04 3.948342068176126619e-06
3.617739014109084383e+04 3.942041991844907824e-06
3.619547883616138279e+04 3.935751044038748736e-06
3.621357657557946368e+04 3.929469213723332518e-06
3.623168336386725423e+04 3.923196489872370509e-06
3.624979920554917771e+04 3.916932861467592909e-06
3.626792410515195661e+04 3.910678317498757251e-06
3.628605806720452529e+04 3.904432846963675502e-06
3.630420109623812459e+04 3.898196438868197126e-06
3.632235319678624364e+04 3.891969082226241270e-06
3.634051437338463438e+04 3.885750766059785752e-06
3.635868463057132612e+04 3.879541479398884849e-06
3.637686397288660373e+04 3.873341211281679463e-06
3.639505240487305127e+04 3.867149950754390340e-06
3.641324993107548653e+04 3.860967686871349417e-06
3.643145655604101921e+04 3.854794408694988805e-06
3.644967228431904368e+04 3.848630105295848415e-06
3.646789712046119530e+04 3.842474765752606452e-06
3.648613106902142317e+04 3.836328379152053999e-06
3.650437413455593196e+04 3.830190934589128906e-06
3.652262632162321097e+04 3.824062421166908159e-06
3.654088763478401961e+04 3.817942827996628215e-06
3.655915807860140194e+04 3.811832144197683728e-06
3.657743765764070849e+04 3.805730358897626279e-06
3.659572637646952353e+04 3.799637461232202069e-06
3.661402423965775961e+04 3.793553440345322697e-06
3.663233125177758484e+04 3.787478285389099041e-06
3.665064741740346653e+04 3.781411985523836175e-06
3.666897274111216393e+04 3.775354529918040148e-06
3.668730722748272092e+04 3.769305907748433650e-06
3.670565088109646604e+04 3.763266108199953474e-06
3.672400370653700520e+04 3.757235120465773385e-06
3.674236570839027991e+04 3.751212933747280401e-06
3.676073689124447264e+04 3.745199537254121809e-06
3.677911725969008694e+04 3.739194920204179747e-06
3.679750681831993279e+04 3.733199071823592385e-06
3.681590557172909757e+04 3.727211981346756039e-06
3.683431352451496059e+04 3.721233638016344234e-06
3.685273068127720762e+04 3.715264031083298803e-06
3.687115704661784548e+04 3.709303149806834977e-06
3.688959262514115107e+04 3.703350983454467637e-06
3.690803742145372962e+04 3.697407521301996918e-06
3.692649144016444916e+04 3.691472752633537430e-06
3.694495468588452059e+04 3.685546666741496236e-06
3.696342716322746128e+04 3.679629252926598684e-06
3.698190887680908054e+04 3.673720500497891377e-06
3.700039983124748687e+04 3.667820398772754449e-06
3.701890003116310982e+04 3.661928937076893099e-06
3.703740948117868538e+04 3.656046104744355799e-06
3.705592818591927789e+04 3.650171891117530485e-06
3.707445615001222905e+04 3.644306285547171237e-06
3.709299337808723794e+04 3.638449277392372446e-06
3.711153987477628107e+04 3.632600856020609891e-06
3.713009564471367048e+04 3.626761010807716182e-06
3.714866069253602473e+04 3.620929731137910823e-06
3.716723502288229065e+04 3.615107006403790051e-06
3.718581864039372886e+04 3.609292826006338694e-06
3.720441154971392098e+04 3.603487179354940759e-06
3.722301375548877695e+04 3.597690055867374772e-06
3.724162526236651320e+04 3.591901444969829874e-06
3.726024607499769627e+04 3.586121336096901584e-06
3.727887619803519192e+04 3.580349718691611280e-06
3.729751563613420876e+04 3.574586582205397732e-06
3.731616439395226917e+04 3.568831916098132344e-06
3.733482247614924563e+04 3.563085709838115348e-06
3.735348988738731714e+04 3.557347952902093586e-06
3.737216663233099825e+04 3.551618634775261784e-06
3.739085271564716095e+04 3.545897744951253234e-06
3.740954814200499095e+04 3.540185272932166899e-06
3.742825291607598774e+04 3.534481208228570799e-06
3.744696704253403004e+04 3.528785540359484651e-06
3.746569052605529578e+04 3.523098258852412900e-06
3.748442337131832028e+04 3.517419353243337520e-06
3.750316558300398174e+04 3.511748813076713781e-06
3.752191716579547938e+04 3.506086627905494808e-06
3.754067812437837711e+04 3.500432787291124387e-06
3.755944846344055986e+04 3.494787280803546278e-06
3.757822818767227727e+04 3.489150098021205487e-06
3.759701730176611454e+04 3.483521228531054197e-06
3.761581581041699246e+04 3.477900661928566165e-06
3.763462371832219651e+04 3.472288387817724017e-06
3.765344103018135502e+04 3.466684395811040848e-06
3.767226775069644646e+04 3.461088675529553447e-06
3.769110388457178487e+04 3.455501216602839234e-06
3.770994943651407084e+04 3.449922008669003559e-06
3.772880441123232595e+04 3.444351041374700872e-06
3.774766881343793648e+04 3.438788304375130073e-06
3.776654264784464613e+04 3.433233787334045937e-06
3.778542591916857054e+04 3.427687479923753615e-06
3.780431863212816097e+04 3.422149371825120069e-06
3.782322079144422605e+04 3.416619452727587618e-06
3.784213240183993912e+04 3.411097712329161666e-06
3.786105346804086003e+04 3.405584140336417044e-06
3.787998399477488420e+04 3.400078726464514536e-06
3.789892398677226447e+04 3.394581460437198334e-06
3.791787344876564748e+04 3.389092331986796461e-06
3.793683238549002999e+04 3.383611330854227972e-06
3.795580080168277345e+04 3.378138446789015234e-06
3.797477870208361128e+04 3.372673669549272497e-06
3.799376609143464884e+04 3.367216988901723672e-06
3.801276297448035621e+04 3.361768394621699800e-06
3.803176935596759722e+04 3.356327876493141586e-06
3.805078524064557860e+04 3.350895424308612529e-06
3.806981063326590083e+04 3.345471027869289610e-06
3.808884553858252184e+04 3.340054676984984038e-06
3.810788996135181515e+04 3.334646361474122193e-06
3.812694390633248258e+04 3.329246071163776122e-06
3.814600737828564888e+04 3.323853795889642784e-06
3.816508038197478891e+04 3.318469525496069888e-06
3.818416292216577858e+04 3.313093249836037675e-06
3.820325500362686580e+04 3.307724958771184337e-06
3.822235663112867041e+04 3.302364642171794153e-06
3.824146780944423517e+04 3.297012289916805962e-06
3.826058854334895295e+04 3.291667891893817819e-06
3.827971883762062498e+04 3.286331437999088270e-06
3.829885869703943172e+04 3.281002918137544395e-06
3.831800812638795469e+04 3.275682322222777149e-06
3.833716713045114739e+04 3.270369640177056613e-06
3.835633571401637164e+04 3.265064861931326060e-06
3.837551388187337579e+04 3.259767977425205768e-06
3.839470163881431654e+04 3.254478976606998528e-06
3.841389898963371525e+04 3.249197849433698958e-06
3.843310593912853074e+04 3.243924585870980801e-06
3.845232249209809379e+04 3.238659175893218943e-06
3.847154865334414353e+04 3.233401609483481796e-06
3.849078442767081287e+04 3.228151876633532563e-06
3.851002981988465035e+04 3.222909967343839828e-06
3.852928483479458373e+04 3.217675871623579252e-06
3.854854947721197823e+04 3.212449579490625522e-06
3.856782375195058557e+04 3.207231080971571838e-06
3.858710766382655856e+04 3.202020366101725248e-06
3.860640121765847289e+04 3.196817424925106231e-06
3.862570441826729075e+04 3.191622247494460128e-06
3.864501727047642635e+04 3.186434823871245706e-06
3.866433977911166585e+04 3.181255144125653374e-06
3.868367194900121831e+04 3.176083198336604331e-06
3.870301378497572296e+04 3.170918976591742523e-06
3.872236529186820553e+04 3.165762468987456239e-06
3.874172647451414377e+04 3.160613665628857784e-06
3.876109733775139466e+04 3.155472556629810586e-06
3.878047788642027444e+04 3.150339132112908016e-06
3.879986812536348589e+04 3.145213382209493718e-06
3.881926805942616193e+04 3.140095297059662036e-06
3.883867769345587294e+04 3.134984866812247846e-06
3.885809703230259765e+04 3.129882081624841803e-06
3.887752608081874496e+04 3.124786931663789494e-06
3.889696484385915392e+04 3.119699407104189747e-06
3.891641332628107921e+04 3.114619498129903096e-06
3.893587153294421296e+04 3.109547194933551785e-06
3.895533946871068474e+04 3.104482487716515531e-06
3.897481713844503975e+04 3.099425366688944233e-06
3.899430454701426061e+04 3.094375822069759235e-06
3.901380169928776741e+04 3.089333844086643170e-06
3.903330860013741767e+04 3.084299422976056471e-06
3.905282525443748455e+04 3.079272548983236529e-06
3.907235166706469317e+04 3.074253212362192183e-06
3.909188784289822797e+04 3.069241403375707532e-06
3.911143378681966715e+04 3.064237112295356763e-06
3.913098950371307728e+04 3.059240329401486356e-06
3.915055499846494058e+04 3.054251044983231608e-06
3.917013027596416941e+04 3.049269249338518321e-06
3.918971534110214998e+04 3.044294932774053490e-06
3.920931019877270592e+04 3.039328085605335888e-06
3.922891485387208377e+04 3.034368698156662841e-06
3.924852931129901845e+04 3.029416760761111597e-06
3.926815357595466776e+04 3.024472263760564734e-06
3.928778765274264151e+04 3.019535197505701691e-06
3.930743154656901606e+04 3.014605552355995803e-06
3.932708526234229066e+04 3.009683318679725736e-06
3.934674880497346021e+04 3.004768486853967440e-06
3.936642217937594978e+04 2.999861047264600079e-06
3.938610539046563645e+04 2.994960990306311959e-06
3.940579844316087110e+04 2.990068306382597141e-06
3.942550134238245664e+04 2.985182985905756288e-06
3.944521409305364068e+04 2.980305019296900897e-06
3.946493670010015921e+04 2.975434396985951189e-06
3.948466916845021478e+04 2.970571109411634405e-06
3.950441150303443283e+04 2.965715147021509801e-06
3.952416370878594898e+04 2.960866500271927989e-06
3.954392579064034362e+04 2.956025159628072438e-06
3.956369775353566365e+04 2.951191115563938727e-06
3.958347960241242981e+04 2.946364358562339622e-06
3.960327134221363667e+04 2.941544879114907197e-06
3.962307297788473807e+04 2.936732667722101728e-06
3.964288451437367621e+04 2.931927714893196020e-06
3.966270595663085987e+04 2.927130011146292351e-06
3.968253730960917164e+04 2.922339547008314845e-06
3.970237857826397521e+04 2.917556313015010747e-06
3.972222976755310083e+04 2.912780299710961855e-06
3.974209088243688166e+04 2.908011497649565039e-06
3.976196192787809559e+04 2.903249897393058920e-06
3.978184290884203074e+04 2.898495489512499312e-06
3.980173383029645629e+04 2.893748264587777004e-06
3.982163469721159345e+04 2.889008213207618611e-06
3.984154551456020272e+04 2.884275325969571323e-06
3.986146628731747478e+04 2.879549593480024933e-06
3.988139702046113234e+04 2.874831006354197432e-06
3.990133771897135739e+04 2.870119555216141369e-06
3.992128838783084939e+04 2.865415230698741725e-06
3.994124903202476708e+04 2.860718023443726929e-06
3.996121965654077212e+04 2.856027924101651920e-06
3.998120026636904367e+04 2.851344923331912962e-06
4.000119086650222744e+04 2.846669011802740455e-06
4.002119146193547203e+04 2.842000180191208240e-06
4.004120205766644358e+04 2.837338419183220059e-06
4.006122265869526746e+04 2.832683719473527333e-06
4.008125327002461563e+04 2.828036071765712225e-06
4.010129389665963390e+04 2.823395466772196958e-06
4.012134454360795644e+04 2.818761895214255675e-06
4.014140521587975672e+04 2.814135347821987752e-06
4.016147591848769662e+04 2.809515815334339826e-06
4.018155665644693363e+04 2.804903288499100287e-06
4.020164743477515731e+04 2.800297758072895465e-06
4.022174825849253830e+04 2.795699214821197259e-06
4.024185913262177928e+04 2.791107649518316353e-06
4.026198006218808587e+04 2.786523052947403493e-06
4.028211105221918115e+04 2.781945415900454141e-06
4.030225210774528387e+04 2.777374729178308478e-06
4.032240323379915935e+04 2.772810983590642934e-06
4.034256443541606131e+04 2.768254169955980772e-06
4.036273571763376822e+04 2.763704279101686586e-06
4.038291708549257601e+04 2.759161301863969265e-06
4.040310854403531994e+04 2.754625229087874793e-06
4.042331009830734547e+04 2.750096051627291330e-06
4.044352175335648644e+04 2.745573760344960224e-06
4.046374351423316693e+04 2.741058346112451450e-06
4.048397538599027757e+04 2.736549799810188591e-06
4.050421737368327740e+04 2.732048112327422587e-06
4.052446948237011384e+04 2.727553274562262648e-06
4.054473171711129544e+04 2.723065277421651689e-06
4.056500408296984824e+04 2.718584111821372262e-06
4.058528658501133032e+04 2.714109768686050366e-06
4.060557922830382449e+04 2.709642238949152908e-06
4.062588201791798201e+04 2.705181513552984735e-06
4.064619495892694249e+04 2.700727583448694566e-06
4.066651805640639941e+04 2.696280439596271601e-06
4.068685131543459283e+04 2.691840072964540443e-06
4.070719474109231669e+04 2.687406474531163213e-06
4.072754833846285328e+04 2.682979635282649290e-06
4.074791211263208970e+04 2.678559546214332442e-06
4.076828606868840143e+04 2.674146198330400897e-06
4.078867021172274690e+04 2.669739582643866425e-06
4.080906454682860931e+04 2.665339690176582550e-06
4.082946907910201844e+04 2.660946511959238618e-06
4.084988381364157249e+04 2.656560039031356838e-06
4.087030875554838713e+04 2.652180262441299474e-06
4.089074390992616100e+04 2.647807173246255724e-06
4.091118928188111749e+04 2.643440762512253998e-06
4.093164487652205571e+04 2.639081021314150480e-06
4.095211069896030676e+04 2.634727940735638030e-06
4.097258675430978474e+04 2.630381511869237282e-06
4.099307304768693575e+04 2.626041725816297919e-06
4.101356958421078161e+04 2.621708573687002907e-06
4.103407636900288344e+04 2.617382046600364684e-06
4.105459340718738531e+04 2.613062135684216264e-06
4.107512070389097789e+04 2.608748832075227334e-06
4.109565826424292027e+04 2.604442126918885617e-06
4.111620609337503993e+04 2.600142011369507460e-06
4.113676419642172550e+04 2.595848476590234023e-06
4.115733257851992676e+04 2.591561513753027890e-06
4.117791124480919098e+04 2.587281114038671801e-06
4.119850020043159020e+04 2.583007268636774576e-06
4.121909945053180854e+04 2.578739968745759688e-06
4.123970900025706942e+04 2.574479205572874571e-06
4.126032885475720104e+04 2.570224970334181733e-06
4.128095901918457821e+04 2.565977254254560026e-06
4.130159949869416596e+04 2.561736048567704641e-06
4.132225029844351229e+04 2.557501344516124150e-06
4.134291142359273363e+04 2.553273133351140501e-06
4.136358287930452934e+04 2.549051406332889021e-06
4.138426467074418179e+04 2.544836154730313753e-06
4.140495680307954899e+04 2.540627369821169582e-06
4.142565928148108651e+04 2.536425042892015872e-06
4.144637211112181831e+04 2.532229165238225792e-06
4.146709529717738042e+04 2.528039728163966405e-06
4.148782884482596273e+04 2.523856722982220693e-06
4.150857275924837450e+04 2.519680141014767228e-06
4.152932704562800063e+04 2.515509973592185680e-06
4.155009170915081631e+04 2.511346212053859776e-06
4.157086675500537967e+04 2.507188847747969684e-06
4.159165218838288274e+04 2.503037872031487347e-06
4.161244801447707141e+04 2.498893276270185805e-06
4.163325423848431092e+04 2.494755051838628184e-06
4.165407086560355674e+04 2.490623190120171928e-06
4.167489790103635460e+04 2.486497682506963718e-06
4.169573534998687683e+04 2.482378520399938626e-06
4.171658321766186418e+04 2.478265695208822232e-06
4.173744150927069859e+04 2.474159198352118766e-06
4.175831023002533038e+04 2.470059021257125083e-06
4.177918938514033653e+04 2.465965155359912451e-06
4.180007897983290604e+04 2.461877592105332907e-06
4.182097901932282548e+04 2.457796322947024337e-06
4.184188950883247890e+04 2.453721339347396923e-06
4.186281045358689880e+04 2.449652632777632719e-06
4.188374185881368612e+04 2.445590194717693279e-06
4.190468372974309750e+04 2.441534016656304827e-06
4.192563607160796528e+04 2.437484090090970967e-06
4.194659888964377024e+04 2.433440406527955743e-06
4.196757218908859795e+04 2.429402957482291258e-06
4.198855597518313152e+04 2.425371734477779795e-06
4.200955025317072432e+04 2.421346729046973489e-06
4.203055502829731267e+04 2.417327932731192956e-06
4.205157030581145955e+04 2.413315337080515444e-06
4.207259609096436179e+04 2.409308933653773129e-06
4.209363238900984288e+04 2.405308714018550581e-06
4.211467920520433836e+04 2.401314669751188572e-06
4.213573654480694677e+04 2.397326792436769254e-06
4.215680441307934234e+04 2.393345073669133524e-06
4.217788281528587686e+04 2.389369505050859000e-06
4.219897175669352146e+04 2.385400078193266797e-06
4.222007124257186661e+04 2.381436784716427457e-06
4.224118127819315123e+04 2.377479616249142315e-06
4.226230186883224815e+04 2.373528564428951545e-06
4.228343301976665680e+04 2.369583620902133310e-06
4.230457473627653962e+04 2.365644777323691487e-06
4.232572702364467841e+04 2.361712025357364977e-06
4.234688988715649612e+04 2.357785356675621358e-06
4.236806333210007142e+04 2.353864762959649682e-06
4.238924736376611691e+04 2.349950235899363438e-06
4.241044198744800087e+04 2.346041767193395052e-06
4.243164720844171825e+04 2.342139348549103082e-06
4.245286303204593423e+04 2.338242971682551043e-06
4.247408946356195520e+04 2.334352628318524773e-06
4.249532650829373597e+04 2.330468310190515067e-06
4.251657417154787981e+04 2.326590009040725301e-06
4.253783245863365300e+04 2.322717716620065078e-06
4.255910137486297026e+04 2.318851424688143032e-06
4.258038092555039475e+04 2.314991125013275293e-06
4.260167111601317447e+04 2.311136809372470668e-06
4.262297195157117676e+04 2.307288469551441651e-06
4.264428343754696107e+04 2.303446097344586211e-06
4.266560557926573529e+04 2.299609684554995417e-06
4.268693838205536304e+04 2.295779222994453861e-06
4.270828185124639276e+04 2.291954704483422717e-06
4.272963599217201408e+04 2.288136120851054985e-06
4.275100081016809418e+04 2.284323463935180250e-06
4.277237631057317776e+04 2.280516725582301714e-06
4.279376249872845801e+04 2.276715897647604665e-06
4.281515937997782021e+04 2.272920971994942504e-06
4.283656695966781263e+04 2.269131940496836321e-06
4.285798524314764654e+04 2.265348795034480821e-06
4.287941423576922534e+04 2.261571527497726540e-06
4.290085394288710086e+04 2.257800129785093398e-06
4.292230436985854612e+04 2.254034593803749093e-06
4.294376552204347536e+04 2.250274911469525205e-06
4.296523740480448760e+04 2.246521074706905329e-06
4.298672002350688854e+04 2.242773075449016608e-06
4.300821338351864688e+04 2.239030905637638203e-06
4.302971749021040159e+04 2.235294557223193671e-06
4.305123234895550559e+04 2.231564022164744187e-06
4.307275796512997476e+04 2.227839292429991083e-06
4.309429434411253169e+04 2.224120359995269502e-06
4.311584149128459103e+04 2.220407216845545426e-06
4.313739941203023045e+04 2.216699854974416528e-06
4.315896811173624155e+04 2.212998266384106241e-06
4.318054759579210804e+04 2.209302443085458251e-06
4.320213786958999845e+04 2.205612377097939463e-06
4.322373893852479523e+04 2.201928060449629839e-06
4.324535080799404386e+04 2.198249485177227898e-06
4.326697348339804012e+04 2.194576643326037169e-06
4.328860697013973549e+04 2.190909526949969999e-06
4.331025127362480271e+04 2.187248128111548826e-06
4.333190639926161384e+04 2.183592438881889660e-06
4.335357235246124765e+04 2.179942451340707166e-06
4.337524913863747497e+04 2.176298157576315934e-06
4.339693676320679515e+04 2.172659549685617352e-06
4.341863523158839962e+04 2.169026619774102569e-06
4.344034454920418648e+04 2.165399359955852069e-06
4.346206472147878230e+04 2.161777762353518313e-06
4.348379575383952033e+04 2.158161819098336744e-06
4.350553765171644045e+04 2.154551522330121981e-06
4.352729042054229649e+04 2.150946864197255954e-06
4.354905406575256347e+04 2.147347836856691300e-06
4.357082859278544493e+04 2.143754432473939920e-06
4.359261400708182919e+04 2.140166643223086116e-06
4.361441031408536219e+04 2.136584461286762866e-06
4.363621751924240380e+04 2.133007878856162843e-06
4.365803562800202781e+04 2.129436888131026973e-06
4.367986464581602195e+04 2.125871481319647830e-06
4.370170457813892426e+04 2.122311650638861161e-06
4.372355543042799400e+04 2.118757388314041227e-06
4.374541720814320433e+04 2.115208686579102924e-06
4.376728991674727877e+04 2.111665537676494582e-06
4.378917356170564744e+04 2.108127933857197115e-06
4.381106814848649083e+04 2.104595867380713439e-06
4.383297368256073241e+04 2.101069330515072276e-06
4.385489016940201691e+04 2.097548315536822656e-06
4.387681761448671750e+04 2.094032814731031370e-06
4.389875602329395770e+04 2.090522820391277043e-06
4.392070540130559675e+04 2.087018324819645902e-06
4.394266575400624424e+04 2.083519320326729652e-06
4.396463708688325278e+04 2.080025799231621244e-06
4.398661940542669618e+04 2.076537753861915303e-06
4.400861271512939857e+04 2.073055176553699224e-06
4.403061702148695622e+04 2.069578059651549794e-06
4.405263232999770116e+04 2.066106395508529374e-06
4.407465864616269391e+04 2.062640176486188444e-06
4.409669597548577440e+04 2.059179394954553740e-06
4.411874432347351103e+04 2.055724043292127412e-06
4.414080369563524437e+04 2.052274113885884903e-06
4.416287409748305799e+04 2.048829599131270716e-06
4.418495553453180037e+04 2.045390491432190364e-06
4.420704801229905570e+04 2.041956783201016303e-06
4.422915153630520217e+04 2.038528466858568025e-06
4.425126611207336100e+04 2.035105534834126034e-06
4.427339174512939644e+04 2.031687979565417022e-06
4.429552844100196671e+04 2.028275793498615990e-06
4.431767620522246580e+04 2.024868969088333114e-06
4.433983504332506709e+04 2.021467498797620948e-06
4.436200496084673068e+04 2.018071375097961295e-06
4.438418596332715242e+04 2.014680590469271137e-06
4.440637805630880757e+04 2.011295137399887384e-06
4.442858124533696537e+04 2.007915008386570690e-06
4.445079553595963080e+04 2.004540195934500370e-06
4.447302093372761010e+04 2.001170692557267622e-06
4.449525744419446710e+04 1.997806490776875954e-06
4.451750507291656686e+04 1.994447583123728051e-06
4.453976382545302477e+04 1.991093962136635516e-06
4.456203370736575016e+04 1.987745620362804899e-06
4.458431472421943181e+04 1.984402550357834303e-06
4.460660688158153789e+04 1.981064744685712964e-06
4.462891018502232328e+04 1.977732195918814897e-06
4.465122464011483680e+04 1.974404896637892542e-06
4.467355025243488490e+04 1.971082839432082697e-06
4.469588702756110433e+04 1.967766016898885761e-06
4.471823497107487492e+04 1.964454421644178021e-06
4.474059408856040682e+04 1.961148046282195128e-06
4.476296438560468960e+04 1.957846883435536342e-06
4.478534586779748497e+04 1.954550925735157321e-06
4.480773854073138500e+04 1.951260165820362507e-06
4.483014241000174661e+04 1.947974596338807238e-06
4.485255748120674252e+04 1.944694209946488856e-06
4.487498375994733942e+04 1.941418999307745438e-06
4.489742125182731252e+04 1.938148957095246899e-06
4.491986996245323098e+04 1.934884075989995417e-06
4.494232989743445069e+04 1.931624348681324164e-06
4.496480106238316512e+04 1.928369767866879515e-06
4.498728346291436173e+04 1.925120326252632064e-06
4.500977710464581469e+04 1.921876016552866453e-06
4.503228199319813575e+04 1.918636831490172063e-06
4.505479813419473066e+04 1.915402763795447664e-06
4.507732553326182824e+04 1.912173806207887023e-06
4.509986419602845126e+04 1.908949951474986098e-06
4.512241412812646740e+04 1.905731192352526737e-06
4.514497533519053104e+04 1.902517521604584509e-06
4.516754782285812689e+04 1.899308932003511132e-06
4.519013159676955547e+04 1.896105416329942094e-06
4.521272666256793309e+04 1.892906967372785430e-06
4.523533302589921368e+04 1.889713577929216217e-06
4.525795069241215970e+04 1.886525240804677631e-06
4.528057966775836394e+04 1.883341948812871421e-06
4.530321995759224228e+04 1.880163694775757059e-06
4.532587156757104094e+04 1.876990471523545178e-06
4.534853450335482194e+04 1.873822271894693757e-06
4.537120877060649946e+04 1.870659088735901984e-06
4.539389437499180349e+04 1.867500914902110253e-06
4.541659132217930164e+04 1.864347743256488307e-06
4.543929961784037732e+04 1.861199566670438625e-06
4.546201926764930249e+04 1.858056378023585414e-06
4.548475027728311397e+04 1.854918170203775026e-06
4.550749265242175170e+04 1.851784936107065799e-06
4.553024639874795685e+04 1.848656668637730810e-06
4.555301152194733004e+04 1.845533360708243047e-06
4.557578802770829498e+04 1.842415005239286850e-06
4.559857592172214208e+04 1.839301595159733130e-06
4.562137520968300669e+04 1.836193123406648268e-06
4.564418589728783991e+04 1.833089582925289664e-06
4.566700799023648142e+04 1.829990966669092607e-06
4.568984149423160125e+04 1.826897267599671553e-06
4.571268641497871431e+04 1.823808478686817574e-06
4.573554275818619499e+04 1.820724592908487565e-06
4.575841052956528438e+04 1.817645603250802126e-06
4.578128973483006121e+04 1.814571502708040476e-06
4.580418037969747820e+04 1.811502284282638551e-06
4.582708246988731844e+04 1.808437940985180108e-06
4.584999601112226082e+04 1.805378465834396302e-06
4.587292100912781461e+04 1.802323851857155522e-06
4.589585746963237762e+04 1.799274092088461062e-06
4.591880539836719981e+04 1.796229179571450484e-06
4.594176480106637609e+04 1.793189107357385033e-06
4.596473568346691172e+04 1.790153868505646245e-06
4.598771805130863504e+04 1.787123456083733622e-06
4.601071191033428477e+04 1.784097863167256368e-06
4.603371726628944452e+04 1.781077082839928949e-06
4.605673412492258649e+04 1.778061108193569604e-06
4.607976249198504229e+04 1.775049932328092516e-06
4.610280237323103211e+04 1.772043548351504205e-06
4.612585377441764285e+04 1.769041949379897394e-06
4.614891670130484272e+04 1.766045128537447405e-06
4.617199115965549572e+04 1.763053078956405385e-06
4.619507715523531806e+04 1.760065793777095550e-06
4.621817469381293631e+04 1.757083266147909473e-06
4.624128378115983651e+04 1.754105489225302476e-06
4.626440442305041506e+04 1.751132456173782203e-06
4.628753662526194239e+04 1.748164160165914333e-06
4.631068039357457019e+04 1.745200594382310936e-06
4.633383573377135326e+04 1.742241752011623481e-06
4.635700265163824224e+04 1.739287626250540722e-06
4.638018115296405449e+04 1.736338210303790816e-06
4.640337124354053230e+04 1.733393497384120355e-06
4.642657292916229926e+04 1.730453480712303263e-06
4.644978621562687476e+04 1.727518153517129996e-06
4.647301110873469588e+04 1.724587509035400977e-06
4.649624761428905913e+04 1.721661540511929138e-06
4.651949573809619324e+04 1.718740241199525940e-06
4.654275548596523731e+04 1.715823604358998628e-06
4.656602686370821903e+04 1.712911623259149163e-06
4.658930987714006915e+04 1.710004291176765546e-06
4.661260453207864339e+04 1.707101601396617160e-06
4.663591083434468601e+04 1.704203547211451799e-06
4.665922878976185893e+04 1.701310121921986570e-06
4.668255840415672719e+04 1.698421318836909793e-06
4.670589968335880985e+04 1.695537131272862793e-06
4.672925263320048543e+04 1.692657552554450487e-06
4.675261725951708650e+04 1.689782576014225079e-06
4.677599356814684870e+04 1.686912194992686272e-06
4.679938156493091810e+04 1.684046402838275334e-06
4.682278125571338751e+04 1.681185192907366215e-06
4.684619264634123829e+04 1.678328558564265958e-06
4.686961574266441312e+04 1.675476493181204755e-06
4.689305055053573597e+04 1.672628990138336156e-06
4.691649707581100665e+04 1.669786042823721397e-06
4.693995532434891356e+04 1.666947644633339357e-06
4.696342530201108457e+04 1.664113788971069825e-06
4.698690701466208702e+04 1.661284469248688419e-06
4.701040046816941322e+04 1.658459678885869976e-06
4.703390566840349493e+04 1.655639411310174573e-06
4.705742262123770342e+04 1.652823659957044354e-06
4.708095133254831308e+04 1.650012418269806489e-06
4.710449180821458867e+04 1.647205679699650736e-06
4.712804405411869084e+04 1.644403437705641292e-06
4.715160807614574878e+04 1.641605685754703032e-06
4.717518388018381665e+04 1.638812417321615579e-06
4.719877147212390264e+04 1.636023625889013093e-06
4.722237085785996896e+04 1.633239304947371354e-06
4.724598204328888824e+04 1.630459447995013900e-06
4.726960503431053075e+04 1.627684048538091703e-06
4.729323983682767721e+04 1.624913100090592270e-06
4.731688645674609870e+04 1.622146596174323341e-06
4.734054489997446944e+04 1.619384530318915853e-06
4.736421517242445407e+04 1.616626896061812713e-06
4.738789728001066396e+04 1.613873686948266264e-06
4.741159122865066456e+04 1.611124896531329172e-06
4.743529702426498989e+04 1.608380518371856549e-06
4.745901467277712072e+04 1.605640546038493245e-06
4.748274418011350645e+04 1.602904973107670673e-06
4.750648555220356502e+04 1.600173793163602782e-06
4.753023879497966118e+04 1.597446999798281404e-06
4.755400391437715007e+04 1.594724586611465873e-06
4.757778091633433360e+04 1.592006547210683028e-06
4.760156980679249682e+04 1.589292875211217895e-06
4.762537059169588611e+04 1.586583564236112626e-06
4.764918327699173096e+04 1.583878607916154431e-06
4.767300786863022950e+04 1.581177999889875790e-06
4.769684437256454112e+04 1.578481733803548734e-06
4.772069279475082294e+04 1.575789803311176589e-06
4.774455314114819339e+04 1.573102202074489101e-06
4.776842541771876859e+04 1.570418923762936724e-06
4.779230963042762596e+04 1.567739962053689345e-06
4.781620578524283337e+04 1.565065310631624215e-06
4.784011388813544909e+04 1.562394963189322353e-06
4.786403394507951452e+04 1.559728913427067903e-06
4.788796596205203969e+04 1.557067155052838400e-06
4.791190994503306865e+04 1.554409681782293757e-06
4.793586590000558499e+04 1.551756487338785156e-06
4.795983383295558451e+04 1.549107565453336627e-06
4.798381374987205345e+04 1.546462909864644413e-06
4.800780565674699028e+04 1.543822514319068500e-06
4.803180955957535480e+04 1.541186372570634946e-06
4.805582546435514814e+04 1.538554478381017457e-06
4.807985337708731822e+04 1.535926825519547339e-06
4.810389330377586157e+04 1.533303407763191478e-06
4.812794525042774330e+04 1.530684218896560810e-06
4.815200922305295535e+04 1.528069252711896766e-06
4.817608522766448004e+04 1.525458503009065342e-06
4.820017327027831197e+04 1.522851963595558376e-06
4.822427335691345070e+04 1.520249628286479352e-06
4.824838549359190074e+04 1.517651490904544465e-06
4.827250968633869343e+04 1.515057545280072242e-06
4.829664594118186506e+04 1.512467785250980576e-06
4.832079426415244961e+04 1.509882204662781648e-06
4.834495466128451517e+04 1.507300797368573877e-06
4.836912713861516386e+04 1.504723557229036203e-06
4.839331170218447369e+04 1.502150478112425334e-06
4.841750835803556402e+04 1.499581553894567702e-06
4.844171711221458099e+04 1.497016778458856494e-06
4.846593797077068302e+04 1.494456145696240431e-06
4.849017093975606258e+04 1.491899649505223345e-06
4.851441602522594621e+04 1.489347283791854862e-06
4.853867323323855089e+04 1.486799042469731668e-06
4.856294256985516404e+04 1.484254919459979941e-06
4.858722404114009260e+04 1.481714908691258732e-06
4.861151765316065575e+04 1.479179004099754886e-06
4.863582341198723589e+04 1.476647199629169702e-06
4.866014132369322760e+04 1.474119489230720201e-06
4.868447139435506688e+04 1.471595866863131928e-06
4.870881363005223830e+04 1.469076326492627940e-06
4.873316803686726780e+04 1.466560862092930077e-06
4.875753462088569358e+04 1.464049467645253033e-06
4.878191338819613884e+04 1.461542137138290165e-06
4.880630434489023901e+04 1.459038864568217947e-06
4.883070749706267816e+04 1.456539643938684315e-06
4.885512285081121081e+04 1.454044469260803801e-06
4.887955041223661101e+04 1.451553334553152453e-06
4.890399018744273053e+04 1.449066233841763382e-06
4.892844218253644794e+04 1.446583161160117661e-06
4.895290640362771956e+04 1.444104110549139878e-06
4.897738285682952119e+04 1.441629076057196226e-06
4.900187154825794278e+04 1.439158051740078416e-06
4.902637248403206468e+04 1.436691031661014047e-06
4.905088567027408135e+04 1.434228009890642044e-06
4.907541111310921406e+04 1.431768980507022826e-06
4.909994881866576907e+04 1.429313937595622206e-06
4.912449879307510855e+04 1.426862875249310125e-06
4.914906104247164330e+04 1.424415787568355782e-06
4.917363557299286913e+04 1.421972668660416406e-06
4.919822239077936683e+04 1.419533512640536414e-06
4.922282150197475858e+04 1.417098313631140209e-06
4.924743291272572969e+04 1.414667065762028157e-06
4.927205662918209418e+04 1.412239763170362823e-06
4.929669265749667829e+04 1.409816400000674474e-06
4.932134100382542238e+04 1.407396970404846474e-06
4.934600167432733724e+04 1.404981468542114007e-06
4.937067467516449688e+04 1.402569888579057937e-06
4.939536001250207482e+04 1.400162224689594437e-06
4.942005769250832236e+04 1.397758471054974347e-06
4.944476772135457577e+04 1.395358621863775767e-06
4.946949010521524178e+04 1.392962671311897915e-06
4.949422485026784852e+04 1.390570613602551595e-06
4.951897196269298001e+04 1.388182442946260684e-06
4.954373144867432711e+04 1.385798153560850060e-06
4.956850331439865840e+04 1.383417739671443692e-06
4.959328756605585659e+04 1.381041195510454695e-06
4.961808420983888209e+04 1.378668515317582149e-06
4.964289325194379489e+04 1.376299693339805591e-06
4.966771469856976182e+04 1.373934723831376974e-06
4.969254855591904925e+04 1.371573601053815370e-06
4.971739483019700856e+04 1.369216319275902311e-06
4.974225352761209797e+04 1.366862872773676917e-06
4.976712465437590436e+04 1.364513255830422349e-06
4.979200821670308505e+04 1.362167462736673004e-06
4.981690422081143333e+04 1.359825487790192916e-06
4.984181267292183475e+04 1.357487325295984439e-06
4.986673357925829623e+04 1.355152969566272791e-06
4.989166694604791701e+04 1.352822414920504355e-06
4.991661277952094679e+04 1.350495655685335249e-06
4.994157108591069846e+04 1.348172686194637038e-06
4.996654187145365722e+04 1.345853500789475565e-06
4.999152514238937874e+04 1.343538093818117932e-06
5.001652090496056189e+04 1.341226459636018107e-06
5.004152916541304148e+04 1.338918592605814801e-06
5.006654992999573733e+04 1.336614487097324271e-06
5.009158320496074157e+04 1.334314137487534390e-06
5.011662899656321679e+04 1.332017538160601048e-06
5.014168731106149062e+04 1.329724683507838622e-06
5.016675815471701935e+04 1.327435567927712564e-06
5.019184153379437339e+04 1.325150185825840461e-06
5.021693745456127363e+04 1.322868531614978906e-06
5.024204592328854778e+04 1.320590599715023072e-06
5.026716694625018863e+04 1.318316384552994222e-06
5.029230052972331032e+04 1.316045880563039918e-06
5.031744667998817022e+04 1.313779082186423436e-06
5.034260540332816163e+04 1.311515983871521220e-06
5.036777670602982107e+04 1.309256580073815474e-06
5.039296059438283555e+04 1.307000865255885058e-06
5.041815707468002074e+04 1.304748833887407178e-06
5.044336615321735735e+04 1.302500480445141507e-06
5.046858783629396930e+04 1.300255799412930393e-06
5.049382213021210919e+04 1.298014785281695902e-06
5.051906904127720918e+04 1.295777432549422020e-06
5.054432857579784468e+04 1.293543735721161440e-06
5.056960074008574884e+04 1.291313689309019670e-06
5.059488554045578348e+04 1.289087287832158641e-06
5.062018298322600458e+04 1.286864525816780186e-06
5.064549307471761858e+04 1.284645397796125828e-06
5.067081582125497516e+04 1.282429898310472757e-06
5.069615122916560358e+04 1.280218021907122185e-06
5.072149930478018359e+04 1.278009763140396169e-06
5.074686005443256727e+04 1.275805116571632948e-06
5.077223348445978627e+04 1.273604076769175940e-06
5.079761960120200820e+04 1.271406638308375428e-06
5.082301841100260208e+04 1.269212795771573318e-06
5.084842992020810198e+04 1.267022543748103138e-06
5.087385413516820699e+04 1.264835876834283683e-06
5.089929106223578856e+04 1.262652789633411820e-06
5.092474070776690496e+04 1.260473276755752742e-06
5.095020307812079409e+04 1.258297332818541242e-06
5.097567817965985159e+04 1.256124952445969641e-06
5.100116601874967455e+04 1.253956130269185672e-06
5.102666660175903962e+04 1.251790860926280619e-06
5.105217993505991763e+04 1.249629139062289321e-06
5.107770602502744441e+04 1.247470959329182968e-06
5.110324487803994998e+04 1.245316316385858726e-06
5.112879650047897303e+04 1.243165204898137622e-06
5.115436089872920275e+04 1.241017619538760094e-06
5.117993807917856611e+04 1.238873554987371804e-06
5.120552804821815516e+04 1.236733005930527029e-06
5.123113081224227062e+04 1.234595967061676584e-06
5.125674637764837826e+04 1.232462433081165289e-06
5.128237475083719619e+04 1.230332398696220951e-06
5.130801593821262213e+04 1.228205858620950345e-06
5.133366994618172612e+04 1.226082807576340907e-06
5.135933678115480870e+04 1.223963240290239131e-06
5.138501644954538642e+04 1.221847151497358199e-06
5.141070895777016267e+04 1.219734535939264635e-06
5.143641431224904954e+04 1.217625388364373011e-06
5.146213251940516056e+04 1.215519703527945104e-06
5.148786358566486888e+04 1.213417476192072528e-06
5.151360751745770540e+04 1.211318701125682877e-06
5.153936432121642429e+04 1.209223373104527655e-06
5.156513400337703206e+04 1.207131486911173168e-06
5.159091657037870755e+04 1.205043037335002008e-06
5.161671202866389649e+04 1.202958019172198444e-06
5.164252038467823149e+04 1.200876427225749686e-06
5.166834164487056114e+04 1.198798256305436575e-06
5.169417581569299364e+04 1.196723501227824473e-06
5.172002290360083862e+04 1.194652156816262417e-06
5.174588291505263624e+04 1.192584217900873379e-06
5.177175585651016445e+04 1.190519679318549394e-06
5.179764173443841719e+04 1.188458535912945209e-06
5.182354055530562619e+04 1.186400782534472774e-06
5.184945232558327552e+04 1.184346414040292142e-06
5.187537705174606526e+04 1.182295425294309770e-06
5.190131474027194054e+04 1.180247811167167720e-06
5.192726539764206245e+04 1.178203566536243874e-06
5.195322903034088085e+04 1.176162686285635412e-06
5.197920564485605428e+04 1.174125165306163053e-06
5.200519524767847906e+04 1.172090998495360673e-06
5.203119784530231118e+04 1.170060180757468531e-06
5.205721344422495895e+04 1.168032707003425861e-06
5.208324205094707577e+04 1.166008572150867055e-06
5.210928367197253829e+04 1.163987771124118487e-06
5.213533831380853371e+04 1.161970298854182425e-06
5.216140598296542885e+04 1.159956150278743802e-06
5.218748668595690833e+04 1.157945320342150310e-06
5.221358042929988005e+04 1.155937803995418122e-06
5.223968721951452608e+04 1.153933596196219184e-06
5.226580706312428083e+04 1.151932691908875709e-06
5.229193996665584564e+04 1.149935086104355307e-06
5.231808593663917418e+04 1.147940773760265691e-06
5.234424497960747976e+04 1.145949749860846417e-06
5.237041710209728626e+04 1.143962009396959995e-06
5.239660231064833351e+04 1.141977547366093154e-06
5.242280061180365738e+04 1.139996358772344137e-06
5.244901201210956060e+04 1.138018438626420378e-06
5.247523651811561285e+04 1.136043781945628963e-06
5.250147413637465797e+04 1.134072383753874522e-06
5.252772487344285037e+04 1.132104239081646304e-06
5.255398873587956768e+04 1.130139342966020512e-06
5.258026573024750542e+04 1.128177690450648864e-06
5.260655586311262596e+04 1.126219276585750974e-06
5.263285914104417316e+04 1.124264096428114134e-06
5.265917557061469415e+04 1.122312145041079557e-06
5.268550515840000298e+04 1.120363417494543219e-06
5.271184791097919515e+04 1.118417908864945696e-06
5.273820383493468398e+04 1.116475614235265175e-06
5.276457293685214972e+04 1.114536528695014493e-06
5.279095522332057590e+04 1.112600647340231391e-06
5.281735070093223476e+04 1.110667965273476825e-06
5.284375937628270185e+04 1.108738477603823313e-06
5.287018125597082690e+04 1.106812179446853249e-06
5.289661634659881383e+04 1.104889065924647886e-06
5.292306465477211168e+04 1.102969132165787758e-06
5.294952618709949456e+04 1.101052373305340404e-06
5.297600095019304717e+04 1.099138784484855705e-06
5.300248895066812838e+04 1.097228360852365462e-06
5.326750139542146644e+04 1.078339247353204773e-06
5.353383890239856555e+04 1.059759979775867130e-06
5.380150809691055474e+04 1.041485843681304068e-06
5.407051563739511039e+04 1.023512187462537459e-06
5.434086821558207885e+04 1.005834421727745930e-06
5.461257255665997945e+04 9.884480186835276864e-07
5.488563541944327881e+04 9.713485115185491476e-07
5.516006359654047992e+04 9.545314937877752909e-07
5.543586391452317912e+04 9.379926187974512031e-07
5.571304323409578501e+04 9.217275989910485108e-07
5.599160845026625611e+04 9.057322053363164462e-07
5.627156649251758790e+04 8.900022667136349094e-07
5.655292432498017297e+04 8.745336693058197681e-07
5.683568894660506339e+04 8.593223559895355081e-07
5.711986739133808442e+04 8.443643257284781833e-07
5.740546672829477029e+04 8.296556329684635539e-07
5.769249406193624600e+04 8.151923870345671622e-07
5.798095653224591661e+04 8.009707515304528243e-07
5.827086131490713160e+04 7.869869437400110852e-07
5.856221562148167141e+04 7.732372340314447540e-07
5.885502669958907063e+04 7.597179452639168180e-07
5.914930183308701089e+04 7.464254521968674642e-07
5.944504834225243394e+04 7.333561809021247215e-07
5.974227358396370255e+04 7.205066081789070848e-07
6.004098495188350353e+04 7.078732609718209301e-07
6.034118987664291490e+04 6.954527157919446232e-07
6.064289582602612063e+04 6.832415981411038260e-07
6.094611030515624589e+04 6.712365819394144428e-07
6.125084085668201442e+04 6.594343889561857474e-07
6.155709506096541736e+04 6.478317882442561107e-07
6.186488053627023328e+04 6.364255955778501621e-07
6.217420493895157415e+04 6.252126728940141354e-07
6.248507596364632627e+04 6.141899277377134681e-07
6.279750134346455889e+04 6.033543127106494040e-07
6.311148885018187138e+04 5.927028249238568573e-07
6.342704629443277372e+04 5.822325054541465358e-07
6.374418152590493992e+04 5.719404388044422502e-07
6.406290243353445840e+04 5.618237523680696332e-07
6.438321694570212276e+04 5.518796158970390417e-07
6.470513303043062479e+04 5.421052409743738885e-07
6.502865869558278064e+04 5.324978804905276022e-07
6.535380198906068108e+04 5.230548281239237316e-07
6.568057099900596950e+04 5.137734178256600641e-07
6.600897385400098574e+04 5.046510233084130748e-07
6.633901872327098681e+04 4.956850575395703400e-07
6.667071381688733527e+04 4.868729722386232094e-07
6.700406738597174990e+04 4.782122573788448296e-07
6.733908772290160414e+04 4.697004406932763356e-07
6.767578316151612671e+04 4.613350871850501160e-07
6.801416207732370822e+04 4.531137986420614811e-07
6.835423288771029911e+04 4.450342131560093786e-07
6.869600405214884086e+04 4.370940046458215652e-07
6.903948407240958477e+04 4.292908823854816482e-07
6.938468149277163320e+04 4.216225905362621287e-07
6.973160490023548482e+04 4.140869076833759389e-07
7.008026292473665671e+04 4.066816463770546796e-07
7.043066423936032515e+04 3.994046526780596452e-07
7.078281756055711594e+04 3.922538057076265910e-07
7.113673164835989883e+04 3.852270172018490577e-07
7.149241530660168792e+04 3.783222310705014725e-07
7.184987738313469163e+04 3.715374229602951448e-07
7.220912677005035221e+04 3.648705998225745134e-07
7.257017240390057850e+04 3.583197994854388773e-07
7.293302326592008467e+04 3.518830902302910901e-07
7.329768838224967476e+04 3.455585703728058083e-07
7.366417682416092430e+04 3.393443678483044287e-07
7.403249770828172041e+04 3.332386398015334321e-07
7.440266019682311162e+04 3.272395721808283986e-07
7.477467349780720542e+04 3.213453793366603073e-07
7.514854686529624450e+04 3.155543036245419379e-07
7.552428959962271620e+04 3.098646150122882862e-07
7.590191104762082978e+04 3.042746106916094470e-07
7.628142060285892512e+04 2.987826146940237365e-07
7.666282770587320556e+04 2.933869775110712001e-07
7.704614184440257668e+04 2.880860757188117835e-07
7.743137255362457654e+04 2.828783116065882623e-07
7.781852941639268829e+04 2.777621128100312711e-07
7.820762206347464235e+04 2.727359319482909209e-07
7.859866017379199911e+04 2.677982462654691180e-07
7.899165347466095409e+04 2.629475572762317784e-07
7.938661174203423434e+04 2.581823904155791799e-07
7.978354480074439198e+04 2.535012946927480357e-07
8.018246252474811627e+04 2.489028423492241118e-07
8.058337483737185539e+04 2.443856285208386561e-07
8.098629171155870426e+04 2.399482709039225378e-07
8.139122317011647101e+04 2.355894094254936412e-07
8.179817928596703860e+04 2.313077059174497981e-07
8.220717018239687604e+04 2.271018437947415045e-07
8.261820603330884478e+04 2.229705277374950403e-07
8.303129706347538740e+04 2.189124833770584107e-07
8.344645354879274964e+04 2.149264569859435595e-07
8.386368581653670117e+04 2.110112151716330371e-07
8.428300424561939144e+04 2.071655445742240470e-07
8.470441926684747159e+04 2.033882515678808567e-07
8.512794136318170058e+04 1.996781619660618797e-07
8.555358106999761367e+04 1.960341207304965981e-07
8.598134897534758784e+04 1.924549916838782606e-07
8.641125572022430424e+04 1.889396572262413848e-07
8.684331199882541841e+04 1.854870180549961132e-07
8.727752855881954019e+04 1.820959928885858580e-07
8.771391620161363971e+04 1.787655181937368955e-07
8.815248578262169030e+04 1.754945479162695746e-07
8.859324821153479570e+04 1.722820532154383972e-07
8.903621445259246684e+04 1.691270222017692865e-07
8.948139552485541208e+04 1.660284596783637598e-07
8.992880250247968070e+04 1.629853868856332947e-07
9.037844651499207248e+04 1.599968412494386618e-07
9.083033874756701698e+04 1.570618761325949683e-07
9.128449044130483526e+04 1.541795605897145952e-07
9.174091289351135492e+04 1.513489791253541173e-07
9.219961745797890762e+04 1.485692314554328365e-07
9.266061554526879627e+04 1.458394322718900506e-07
9.312391862299513014e+04 1.431587110105501152e-07
9.358953821611008607e+04 1.405262116221602002e-07
9.405748590719062486e+04 1.379410923465713063e-07
9.452777333672656096e+04 1.354025254900280772e-07
9.500041220341020380e+04 1.329096972055351152e-07
9.547541426442723605e+04 1.304618072762693863e-07
9.595279133574936714e+04 1.280580689020026354e-07
9.643255529242809280e+04 1.256977084885066030e-07
9.691471806889022992e+04 1.233799654399034534e-07
9.739929165923465916e+04 1.211040919539348675e-07
9.788628811753082846e+04 1.188693528201123842e-07
9.837571955811846419e+04 1.166750252207220578e-07
9.886759815590905782e+04 1.145203985346474712e-07
9.936193614668858936e+04 1.124047741439832070e-07
9.985874582742202620e+04 1.103274652434036774e-07
1.003580395565591170e+05 1.082877966522590952e-07
1.008598297543419030e+05 1.062851046293650097e-07
1.013641289031135966e+05 1.043187366904560130e-07
1.018709495476291631e+05 1.023880514282710050e-07
1.023803042953672848e+05 1.004924183352410210e-07
1.028922058168441290e+05 9.863121762874731366e-08
1.034066668459283246e+05 9.680384007892094466e-08
1.039237001801579900e+05 9.500968683895138035e-08
1.044433186810587504e+05 9.324816927787713224e-08
1.049655352744640404e+05 9.151870881582436245e-08
1.054903629508363374e+05 8.982073676166858563e-08
1.060178147655905195e+05 8.815369415308536124e-08
1.065479038394184317e+05 8.651703159896412823e-08
1.070806433586155181e+05 8.491020912415364358e-08
1.076160465754086035e+05 8.333269601651182687e-08
1.081541268082856404e+05 8.178397067623024569e-08
1.086948974423270556e+05 8.026352046740489265e-08
1.092383719295386691e+05 7.877084157182535503e-08
1.097845637891863589e+05 7.730543884495390856e-08
1.103334866081322834e+05 7.586682567406721880e-08
1.108851540411729366e+05 7.445452383853214195e-08
1.114395798113787750e+05 7.306806337218881129e-08
1.119967777104356646e+05 7.170698242781394395e-08
1.125567615989878104e+05 7.037082714363713047e-08
1.131195454069827392e+05 6.905915151188330663e-08
1.136851431340176496e+05 6.777151724931516272e-08
1.142535688496877265e+05 6.650749366974908661e-08
1.148248366939361586e+05 6.526665755851871349e-08
1.153989608774058142e+05 6.404859304886026106e-08
1.159759556817928387e+05 6.285289150019355089e-08
1.165558354602017935e+05 6.167915137827503880e-08
1.171386146375027747e+05 6.052697813719552414e-08
1.177243077106902929e+05 5.939598410319921152e-08
1.183129292492437235e+05 5.828578836029960743e-08
1.189044938954899117e+05 5.719601663766664206e-08
1.194990163649673632e+05 5.612630119876233185e-08
1.200965114467921667e+05 5.507628073220014753e-08
1.206969940040261281e+05 5.404560024430467501e-08
1.213004789740462438e+05 5.303391095334866620e-08
1.219069813689164730e+05 5.204087018544353126e-08
1.225165162757610524e+05 5.106614127206083249e-08
1.231290988571398484e+05 5.010939344916227392e-08
1.237447443514255283e+05 4.917030175791499248e-08
1.243634680731826375e+05 4.824854694697103446e-08
1.249852854135485395e+05 4.734381537628798201e-08
1.256102118406162626e+05 4.645579892247004996e-08
1.262382628998193250e+05 4.558419488560702161e-08
1.268694542143184080e+05 4.472870589759089297e-08
1.275038014853899804e+05 4.388903983188860628e-08
1.281413204928169143e+05 4.306490971475004132e-08
1.287820270952809951e+05 4.225603363783107433e-08
1.294259372307573794e+05 4.146213467221140256e-08
1.300730669169111497e+05 4.068294078378648118e-08
1.307234322514957021e+05 3.991818475001452761e-08
1.313770494127531420e+05 3.916760407799857555e-08
1.320339346598169359e+05 3.843094092388393807e-08
1.326941043331159744e+05 3.770794201355290164e-08
1.333575748547815601e+05 3.699835856459608413e-08
1.340243627290554869e+05 3.630194620954386016e-08
1.346944845427007240e+05 3.561846492033759129e-08
1.353679569654142251e+05 3.494767893402297907e-08
1.360447967502412794e+05 3.428935667964828949e-08
1.367250207339925109e+05 3.364327070634837711e-08
1.374086458376624214e+05 3.300919761259801840e-08
1.380956890668507258e+05 3.238691797661608494e-08
1.387861675121849694e+05 3.177621628790483331e-08
1.394800983497458801e+05 3.117688087990593527e-08
1.401774988414946129e+05 3.058870386375739915e-08
1.408783863357020600e+05 3.001148106313472668e-08
1.415827782673805777e+05 2.944501195015958593e-08
1.422906921587174875e+05 2.888909958236065481e-08
1.430021456195110222e+05 2.834355054067008467e-08
1.437171563476085721e+05 2.780817486843985787e-08
1.444357421293466177e+05 2.728278601146355015e-08
1.451579208399933414e+05 2.676720075898682208e-08
1.458837104441932752e+05 2.626123918569261381e-08
1.466131289964142197e+05 2.576472459464562779e-08
1.473461946413963160e+05 2.527748346118161052e-08
1.480829256146032712e+05 2.479934537772714971e-08
1.488233402426762332e+05 2.433014299953492207e-08
1.495674569438896142e+05 2.386971199132132905e-08
1.503152942286090693e+05 2.341789097479189581e-08
1.510668706997520931e+05 2.297452147704080495e-08
1.518222050532508583e+05 2.253944787981119109e-08
1.525813160785170912e+05 2.211251736960283888e-08
1.533442226589096535e+05 2.169357988861378508e-08
1.541109437722041912e+05 2.128248808650339687e-08
1.548814984910651983e+05 2.087909727296337086e-08
1.556559059835204971e+05 2.048326537108479070e-08
1.564341855134380748e+05 2.009485287150812780e-08
1.572163564410052495e+05 1.971372278734422731e-08
1.580024382232102798e+05 1.933974060985417931e-08
1.587924504143263039e+05 1.897277426487586284e-08
1.595864126663978968e+05 1.861269406998560861e-08
1.603843447297298699e+05 1.825937269238330398e-08
1.611862664533785137e+05 1.791268510748938280e-08
1.619921977856454032e+05 1.757250855824262909e-08
1.628021587745735887e+05 1.723872251508730347e-08
1.636161695684464648e+05 1.691120863663897461e-08
1.644342504162886471e+05 1.658985073101805739e-08
1.652564216683700797e+05 1.627453471784036747e-08
1.660827037767119182e+05 1.596514859085426638e-08
1.669131172955954680e+05 1.566158238121404416e-08
1.677476828820734227e+05 1.536372812137919975e-08
1.685864212964837789e+05 1.507147980962966000e-08
1.694293534029661387e+05 1.478473337518715987e-08
1.702765001699809509e+05 1.450338664393254177e-08
1.711278826708308770e+05 1.422733930471001562e-08
1.719835220841849805e+05 1.395649287620832780e-08
1.728434396946059132e+05 1.369075067440967709e-08
1.737076568930789072e+05 1.343001778059737945e-08
1.745761951775442867e+05 1.317420100991283048e-08
1.754490761534319900e+05 1.292320888045308162e-08
1.763263215341991454e+05 1.267695158290023063e-08
1.772079531418700935e+05 1.243534095067378378e-08
1.780939929075794353e+05 1.219829043059755085e-08
1.789844628721172921e+05 1.196571505407268701e-08
1.798793851864778553e+05 1.173753140874855181e-08
1.807787821124102338e+05 1.151365761068311184e-08
1.816826760229722713e+05 1.129401327698507690e-08
1.825910894030870986e+05 1.107851949892963342e-08
1.835040448501025094e+05 1.086709881554006419e-08
1.844215650743530132e+05 1.065967518762756000e-08
1.853436728997247410e+05 1.045617397228172560e-08
1.862703912642233772e+05 1.025652189780410208e-08
1.872017432205444784e+05 1.006064703907772427e-08
1.881377519366471679e+05 9.868478793365109711e-09
1.890784406963303918e+05 9.679947856527831868e-09
1.900238328998120269e+05 9.494986199660616619e-09
1.909739520643111027e+05 9.313527046132937755e-09
1.919288218246326142e+05 9.135504849031525394e-09
1.928884659337557387e+05 8.960855268996837366e-09
1.938529082634244987e+05 8.789515152447254959e-09
1.948221728047415963e+05 8.621422510184196999e-09
1.957962836687652743e+05 8.456516496371978176e-09
1.967752650871090882e+05 8.294737387886022480e-09
1.977591414125446172e+05 8.136026564023318876e-09
1.987479371196073189e+05 7.980326486569047722e-09
1.997416768052053230e+05 7.827580680213230310e-09
2.007403851892313396e+05 7.677733713311783330e-09
2.017440871151774481e+05 7.530731178985928259e-09
2.027528075507533213e+05 7.386519676554298579e-09
2.037665715885070676e+05 7.245046793292301973e-09
2.047854044464495673e+05 7.106261086512932365e-09
2.058093314686818048e+05 6.970112065963787455e-09
2.068383781260251708e+05 6.836550176534873731e-09
2.078725700166552851e+05 6.705526781271871908e-09
2.089119328667385562e+05 6.576994144689828580e-09
2.099564925310722319e+05 6.450905416381941238e-09
2.110062749937275657e+05 6.327214614918651434e-09
2.120613063686961832e+05 6.205876612031909279e-09
2.131216129005396215e+05 6.086847117079883609e-09
2.141872209650423611e+05 5.970082661787230818e-09
2.152581570698675059e+05 5.855540585256326569e-09
2.163344478552168293e+05 5.743179019244670974e-09
2.174161200944929442e+05 5.632956873704060882e-09
2.185032006949653442e+05 5.524833822576997958e-09
2.195957166984401410e+05 5.418770289845826917e-09
2.206936952819323342e+05 5.314727435830433250e-09
2.217971637583419797e+05 5.212667143730095730e-09
2.229061495771336486e+05 5.112552006405332120e-09
2.240206803250192897e+05 5.014345313395641919e-09
2.251407837266443530e+05 4.918011038169040821e-09
2.262664876452775206e+05 4.823513825599399063e-09
2.273978200835039315e+05 4.730818979667643805e-09
2.285348091839214321e+05 4.639892451383032073e-09
2.296774832298409601e+05 4.550700826920509757e-09
2.308258706459901296e+05 4.463211315970645269e-09
2.319799999992201047e+05 4.377391740298276587e-09
2.331398999992161698e+05 4.293210522506362783e-09
2.343055994992121996e+05 4.210636675001367355e-09
2.354771274967082427e+05 4.129639789156835689e-09
2.366545131341917731e+05 4.050190024671541942e-09
2.378377856998626958e+05 3.972258099118948739e-09
2.390269746283619897e+05 3.895815277684617199e-09
2.402221095015037863e+05 3.820833363088236222e-09
2.414232200490112882e+05 3.747284685687136033e-09
2.426303361492562981e+05 3.675142093758062461e-09
2.438434878300025593e+05 3.604378943954116216e-09
2.450627052691525314e+05 3.534969091933800336e-09
2.462880187954982684e+05 3.466886883159128043e-09
2.475194588894757617e+05 3.400107143859901260e-09
2.487570561839230941e+05 3.334605172161198482e-09
2.500008414648426988e+05 3.270356729371173966e-09
2.512508456721668772e+05 3.207338031426464615e-09
2.525070999005277117e+05 3.145525740492322639e-09
2.537696354000303254e+05 3.084896956714834485e-09
2.550384835770304198e+05 3.025429210122489279e-09
2.563136759949155385e+05 2.967100452674524273e-09
2.627215178947884124e+05 2.694376562341002130e-09
2.692895558421580936e+05 2.446575905048293596e-09
2.760217947382120183e+05 2.221437592023078999e-09
2.829223396066672867e+05 2.016903883900309048e-09
2.899953980968339602e+05 1.831102163157893842e-09
2.972452830492547364e+05 1.662328479958922251e-09
3.046764151254860917e+05 1.509032537163699684e-09
3.122933255036232295e+05 1.369803991363057739e-09
3.201006586412137258e+05 1.243359957000802293e-09
3.281031751072440529e+05 1.128533610060262778e-09
3.363057544849251281e+05 1.024263796447060858e-09
3.447133983470482635e+05 9.295855581633382632e-10
3.533312333057243959e+05 8.436214976896362531e-10
3.621645141383674345e+05 7.655739077181225219e-10
3.712186269918266335e+05 6.947175995602010094e-10
3.804990926666222513e+05 6.303933692249269587e-10
3.900115699832877726e+05 5.720020453712810520e-10
3.997618592328699888e+05 5.189990681138377036e-10
4.097559057136917254e+05 4.708895520413718149e-10
4.199998033565339865e+05 4.272237908230572492e-10
4.304997984404473100e+05 3.875931644560995770e-10
4.412622934014584171e+05 3.516264135789007705e-10
4.522938507364948164e+05 3.189862483600620084e-10
4.636011970049070660e+05 2.893662622987853199e-10
4.751912269300298067e+05 2.624881238576802855e-10
4.870710076032804209e+05 2.380990212144386194e-10
4.992477827933623921e+05 2.159693375822138952e-10
5.117289773631964345e+05 1.958905365267140607e-10
5.245222017972762696e+05 1.776732385162442350e-10
5.376352568422080949e+05 1.611454715934232070e-10
5.510761382632631576e+05 1.461510805671173904e-10
5.648530417198447976e+05 1.325482805021953986e-10
5.789743677628408186e+05 1.202083415441122043e-10
5.934487269569118507e+05 1.090143932651418786e-10
6.082849451308345888e+05 9.886033776864198641e-11
6.234920687591052847e+05 8.964986174556850391e-11
6.390793704780829139e+05 8.129553855139911575e-11
6.550563547400349053e+05 7.371801216887152757e-11
6.714327636085357517e+05 6.684525564908228206e-11
6.882185826987490291e+05 6.061189728655091355e-11
7.054240472662176471e+05 5.495860838840511986e-11
7.230596484478729544e+05 4.983154704889990508e-11
7.411361396590698278e+05 4.518185284275737560e-11
7.596645431505464949e+05 4.096518780848343127e-11
7.786561567293101689e+05 3.714131950983282158e-11
7.981225606475427048e+05 3.367374234346835126e-11
8.180756246637313161e+05 3.052933360686923091e-11
8.385275152803243836e+05 2.767804115565751485e-11
8.594907031623322982e+05 2.509259976643960135e-11
8.809779707413905999e+05 2.274827358250250716e-11
9.030024200099252630e+05 2.062262225751324486e-11
9.255774805101733655e+05 1.869528862883100705e-11
9.487169175229276298e+05 1.694780594904079557e-11
9.724348404610008001e+05 1.536342288358260473e-11
9.967457114725256106e+05 1.392694464546295583e-11
1.021664354259338696e+06 1.262458878642695180e-11
1.047205963115822175e+06 1.144385429896071220e-11
1.073386112193717621e+06 1.037340280627648352e-11
1.100220764998560306e+06 9.402950729101155873e-12
1.127726284123524325e+06 8.523171419638757639e-12
1.155919441226612544e+06 7.725606345415964317e-12
1.184817427257277770e+06 7.002584489674541913e-12
1.214437862938709790e+06 6.347149211299494784e-12
1.244798809512177482e+06 5.752991876653933476e-12
1.275918779749981826e+06 5.214391638757980653e-12
1.307816749243731145e+06 4.726160796566902165e-12
1.340512167974824319e+06 4.283595219196380980e-12
1.374024972174194874e+06 3.882429367278992452e-12
1.408375596478549531e+06 3.518795486649729952e-12
1.443584986390513368e+06 3.189186588639824707e-12
1.479674611050276086e+06 2.890422866762856054e-12
1.516666476326532895e+06 2.619621231834153700e-12
1.554583138234696118e+06 2.374167676863603630e-12
1.593447716690563364e+06 2.151692209676853328e-12
1.633283909607826965e+06 1.950046115392637206e-12
1.674116007348022424e+06 1.767281332837420462e-12
1.715968907531723147e+06 1.601631748916206103e-12
1.758868130220015766e+06 1.451496233062565445e-12
1.802839833475515945e+06 1.315423250331496388e-12
1.847910829312403686e+06 1.192096906624914534e-12
1.894108600045213476e+06 1.080324293092868253e-12
1.941461315046343720e+06 9.790240090574834046e-13
1.989997847922502318e+06 8.872157539767517765e-13
2.039747794120564591e+06 8.040108891053822086e-13
2.090741488973578438e+06 7.286038787144563185e-13
2.143010026197917759e+06 6.602645290861951248e-13
2.196585276852865703e+06 5.983309510836416195e-13
2.251499908774186857e+06 5.422031789773721284e-13
2.307787406493541319e+06 4.913373844578187419e-13
2.365482091655879747e+06 4.452406304303625537e-13
2.424619143947276287e+06 4.034661143346282092e-13
2.485234622545958031e+06 3.656088553974174002e-13
2.547365488109607249e+06 3.313017844646318473e-13
2.611049625312346965e+06 3.002121989008848191e-13
2.676325865945155732e+06 2.720385485329178789e-13
2.743234012593784370e+06 2.465075217767940218e-13
2.811814862908628304e+06 2.233714039595758249e-13
2.882110234481344000e+06 2.024056824503958301e-13
2.954162990343377460e+06 1.834068755784596217e-13
3.028017065101961605e+06 1.661905644587922594e-13
3.103717491729510482e+06 1.505896087907581219e-13
3.181310429022748023e+06 1.364525294581279612e-13
3.260843189748316538e+06 1.236420423590338621e-13
3.342364269492024556e+06 1.120337293454324409e-13
3.425923376229324378e+06 1.015148334676429754e-13
3.511571460635057185e+06 9.198316691340857557e-14
3.599360747150933370e+06 8.334612111351219071e-14
3.689344765829706099e+06 7.551976946797571524e-14
3.781578384975448716e+06 6.842805403735124030e-14
3.876117844599834178e+06 6.200204835127269108e-14
3.973020790714829694e+06 5.617928921882743592e-14
4.072346310482699890e+06 5.090317108946665882e-14
4.174154968244767282e+06 4.612239711552253350e-14
4.278508842450886965e+06 4.179048161351133143e-14
4.385471563512158580e+06 3.786529911668431778e-14
4.495108352599961683e+06 3.430867566037542481e-14
4.607486061414959840e+06 3.108601834885671544e-14
4.722673212950333953e+06 2.816597962166354619e-14
4.840740043274092488e+06 2.552015297210317950e-14
4.961758544355943799e+06 2.312279717418531087e-14
5.085802507964842953e+06 2.095058634943303164e-14
5.212947570663962513e+06 1.898238345451643062e-14
5.343271259930561297e+06 1.719903499689222451e-14
5.476853041428824887e+06 1.558318499069238086e-14
5.613774367464545183e+06 1.411910635106954456e-14
5.754118726651159115e+06 1.279254809373540186e-14
5.897971694817436859e+06 1.159059685927624932e-14
6.045420987187872641e+06 1.050155142033638544e-14
6.196556511867568828e+06 9.514808955361698915e-15
6.351470424664257094e+06 8.620761986436747359e-15
6.510257185280863196e+06 7.810704981950626992e-15
6.673013614912883379e+06 7.076749718381840901e-15
6.839838955285705626e+06 6.411748580291943584e-15
7.010834929167847149e+06 5.809225054496162462e-15
7.186105802397043444e+06 5.263310744049249643e-15
7.365758447456968948e+06 4.768688290860436721e-15
7.549902408643391915e+06 4.320539652987272535e-15
7.738649968859476969e+06 3.914499234565392217e-15
7.932116218080963008e+06 3.546611413359117646e-15
8.130419123532986268e+06 3.213292053556984691e-15
8.333679601621310227e+06 2.911293630076410012e-15
8.542021591661842540e+06 2.637673625666732479e-15
8.755572131453389302e+06 2.389765893848069539e-15
8.974461434739721939e+06 2.165154709490430594e-15
9.198822970608215779e+06 1.961651254921501641e-15
9.428793544873420149e+06 1.777272313080877494e-15
9.664513383495252579e+06 1.610220960663921891e-15
9.906126218082632869e+06 1.458869073609821535e-15
1.015377937353469804e+07 1.321741474885212246e-15
1.040762385787306353e+07 1.197501570460730806e-15
1.066781445431989059e+07 1.084938333829532896e-15
1.093450981567788497e+07 9.829545125160666353e-16
1.120787256106983311e+07 8.905559418911133323e-16
1.148806937509657629e+07 8.068418623689876293e-16
1.177527110947399028e+07 7.309961458097965340e-16
1.206965288721083850e+07 6.622793457863536145e-16
1.237139420939110965e+07 6.000214943804289040e-16
1.268067906462588534e+07 5.436155754304851965e-16
1.299769604124153033e+07 4.925116107271530458e-16
1.332263844227256626e+07 4.462113016127547975e-16
1.365570440332937986e+07 4.042631738403863575e-16
1.399709701341261342e+07 3.662581784421047705e-16
1.434702443874792755e+07 3.318257057899351310e-16
1.470570004971662536e+07 3.006299740524001357e-16
1.507334255095953867e+07 2.723667568903609643e-16
1.545017611473352648e+07 2.467604185362439519e-16
1.583643051760186255e+07 2.235612273909902736e-16
1.623234128054190800e+07 2.025429219827091206e-16
1.663814981255545653e+07 1.835005055864329419e-16
1.705410355786934122e+07 1.662482480299727647e-16
1.748045614681607112e+07 1.506178752261846225e-16
1.791746755048647150e+07 1.364569288001014815e-16
1.836540423924863338e+07 1.236272798339097944e-16
1.882453934522984549e+07 1.120037822537197997e-16
1.929515282886058837e+07 1.014730527410615381e-16
1.977753164958210289e+07 9.193236528372024893e-17
2.027196994082165137e+07 8.328864959703785893e-17
2.077876918934219331e+07 7.545758365776506523e-17
2.129823841907574609e+07 6.836277150917513219e-17
2.183069437955263630e+07 6.193499832653351495e-17
2.237646173904145136e+07 5.611155548428398233e-17
2.293587328251748532e+07 5.083562904822552676e-17
2.350927011458042264e+07 4.605574573364900369e-17
2.409700186744493246e+07 4.172527093004508879e-17
2.469942691413105279e+07 3.780195390040416958e-17
2.531691258698432520e+07 3.424751572244817178e-17
2.594983540165893361e+07 3.102727595566018147e-17
2.659858128670040518e+07 2.810981439521995193e-17
2.726354581886791065e+07 2.546666461586388367e-17
2.794513446433960274e+07 2.307203631835059257e-17
2.864376282594809309e+07 2.090256377191481670e-17
2.935985689659678936e+07 1.893707790044315828e-17
3.009385331901171058e+07 1.715639979037693368e-17
3.084619965198700130e+07 1.554315360725423069e-17
3.161735464328667149e+07 1.408159709688074172e-17
3.240778850936883688e+07 1.275746801848562751e-17
3.321798322210305557e+07 1.155784501260732831e-17
3.404843280265562981e+07 1.047102154702034881e-17
3.489964362272202224e+07 9.486391711586650506e-18
3.577213471329007298e+07 8.594346748402315234e-18
3.666643808112231642e+07 7.786181308215637295e-18
3.758309903315036744e+07 7.054008518967324682e-18
3.852267650897912681e+07 6.390683038187049309e-18
3.948574342170359939e+07 5.789731338816602716e-18
4.047288700724618882e+07 5.245288548564092667e-18
4.148470918242733926e+07 4.752041226787645480e-18
4.252182691198801994e+07 4.305175520798428352e-18
4.358487258478771895e+07 3.900330195927046444e-18
4.467449439940740168e+07 3.533554081228331350e-18
4.579135675939258188e+07 3.201267515745428453e-18
4.693614067837738991e+07 2.900227419278738444e-18
4.810954419533682615e+07 2.627495646942037522e-18
4.931228280022023618e+07 2.380410318822578151e-18
5.054508987022574246e+07 2.156559845060687440e-18
5.180871711698137969e+07 1.953759392973770048e-18
5.310393504490590841e+07 1.770029566645204954e-18
5.443153342102854699e+07 1.603577090997133559e-18
5.579232175655426830e+07 1.452777311896201208e-18
5.718712980046811700e+07 1.316158341577391597e-18
5.861680804547981173e+07 1.192386694701388480e-18
6.008222824661680311e+07 1.080254274908896044e-18
6.158428395278221369e+07 9.786665849072478189e-19
6.312389105160176009e+07 8.866320450636406363e-19
6.470198832789180428e+07 8.032523162827632704e-19
6.631953803608908504e+07 7.277135327568421738e-19
6.797752648699131608e+07 6.592783590393648904e-19
6.967696464916609228e+07 5.972787939479163152e-19
7.141888876539522409e+07 5.411096510740173494e-19
7.320436098453010619e+07 4.902226522914410533e-19
7.503447000914335251e+07 4.441210766273551299e-19
7.691033175937192142e+07 4.023549122797131540e-19
7.883309005335621536e+07 3.645164644766831480e-19
8.080391730469010770e+07 3.302363763175977124e-19
8.282401523730735481e+07 2.991800237667201303e-19
8.489461561824004352e+07 2.710442496197649119e-19
8.701698100869603455e+07 2.455544045738122106e-19
8.919240553391343355e+07 2.224616665228889547e-19
9.142221567226125300e+07 2.015406119209790301e-19
9.370777106406779587e+07 1.825870155107682827e-19
9.605046534066946805e+07 1.654158569460847898e-19
9.845172697418619692e+07 1.498595148542979341e-19
1.009130201485408396e+08 1.357661307148945753e-19
