9.100000000000000000e+01 0.000000000000000000e+00
9.400000000000000000e+01 0.000000000000000000e+00
9.600000000000000000e+01 0.000000000000000000e+00
9.800000000000000000e+01 0.000000000000000000e+00
1.000000000000000000e+02 0.000000000000000000e+00
1.020000000000000000e+02 0.000000000000000000e+00
1.040000000000000000e+02 0.000000000000000000e+00
1.060000000000000000e+02 0.000000000000000000e+00
1.080000000000000000e+02 0.000000000000000000e+00
1.100000000000000000e+02 0.000000000000000000e+00
1.140000000000000000e+02 0.000000000000000000e+00
1.180000000000000000e+02 0.000000000000000000e+00
1.210000000000000000e+02 0.000000000000000000e+00
1.250000000000000000e+02 0.000000000000000000e+00
1.270000000000000000e+02 0.000000000000000000e+00
1.280000000000000000e+02 0.000000000000000000e+00
1.310000000000000000e+02 0.000000000000000000e+00
1.320000000000000000e+02 0.000000000000000000e+00
1.340000000000000000e+02 0.000000000000000000e+00
1.370000000000000000e+02 0.000000000000000000e+00
1.400000000000000000e+02 0.000000000000000000e+00
1.430000000000000000e+02 0.000000000000000000e+00
1.470000000000000000e+02 0.000000000000000000e+00
1.510000000000000000e+02 0.000000000000000000e+00
1.550000000000000000e+02 0.000000000000000000e+00
1.590000000000000000e+02 0.000000000000000000e+00
1.620000000000000000e+02 0.000000000000000000e+00
1.660000000000000000e+02 0.000000000000000000e+00
1.700000000000000000e+02 0.000000000000000000e+00
1.730000000000000000e+02 0.000000000000000000e+00
1.770000000000000000e+02 0.000000000000000000e+00
1.800000000000000000e+02 0.000000000000000000e+00
1.820000000000000000e+02 0.000000000000000000e+00
1.860000000000000000e+02 0.000000000000000000e+00
1.910000000000000000e+02 0.000000000000000000e+00
1.940000000000000000e+02 0.000000000000000000e+00
1.980000000000000000e+02 0.000000000000000000e+00
2.020000000000000000e+02 0.000000000000000000e+00
2.050000000000000000e+02 0.000000000000000000e+00
2.100000000000000000e+02 0.000000000000000000e+00
2.160000000000000000e+02 0.000000000000000000e+00
2.200000000000000000e+02 0.000000000000000000e+00
2.230000000000000000e+02 0.000000000000000000e+00
2.270000000000000000e+02 0.000000000000000000e+00
2.300000000000000000e+02 0.000000000000000000e+00
2.340000000000000000e+02 0.000000000000000000e+00
2.400000000000000000e+02 0.000000000000000000e+00
2.460000000000000000e+02 0.000000000000000000e+00
2.520000000000000000e+02 0.000000000000000000e+00
2.570000000000000000e+02 0.000000000000000000e+00
2.600000000000000000e+02 0.000000000000000000e+00
2.640000000000000000e+02 0.000000000000000000e+00
2.690000000000000000e+02 0.000000000000000000e+00
2.740000000000000000e+02 0.000000000000000000e+00
2.790000000000000000e+02 0.000000000000000000e+00
2.840000000000000000e+02 0.000000000000000000e+00
2.900000000000000000e+02 0.000000000000000000e+00
2.960000000000000000e+02 0.000000000000000000e+00
3.010000000000000000e+02 0.000000000000000000e+00
3.080000000000000000e+02 0.000000000000000000e+00
3.180000000000000000e+02 0.000000000000000000e+00
3.280000000000000000e+02 0.000000000000000000e+00
3.380000000000000000e+02 0.000000000000000000e+00
3.480000000000000000e+02 0.000000000000000000e+00
3.570000000000000000e+02 0.000000000000000000e+00
3.660000000000000000e+02 0.000000000000000000e+00
3.750000000000000000e+02 0.000000000000000000e+00
3.850000000000000000e+02 0.000000000000000000e+00
3.950000000000000000e+02 0.000000000000000000e+00
4.050000000000000000e+02 0.000000000000000000e+00
4.140000000000000000e+02 0.000000000000000000e+00
4.220000000000000000e+02 0.000000000000000000e+00
4.300000000000000000e+02 0.000000000000000000e+00
4.410000000000000000e+02 0.000000000000000000e+00
4.510000000000000000e+02 0.000000000000000000e+00
4.600000000000000000e+02 0.000000000000000000e+00
4.700000000000000000e+02 0.000000000000000000e+00
4.800000000000000000e+02 0.000000000000000000e+00
4.900000000000000000e+02 0.000000000000000000e+00
5.000000000000000000e+02 0.000000000000000000e+00
5.060000000000000000e+02 0.000000000000000000e+00
5.120000000000000000e+02 7.284052900000000395e-09
5.200000000000000000e+02 1.133145500000000014e-08
5.300000000000000000e+02 2.856229700000000080e-09
5.400000000000000000e+02 2.663179499999999840e-10
5.500000000000000000e+02 -5.712742500000000448e-10
5.600000000000000000e+02 -6.135932200000000212e-10
5.700000000000000000e+02 1.006965899999999947e-10
5.800000000000000000e+02 3.859485499999999990e-10
5.900000000000000000e+02 -6.604401499999999664e-11
6.000000000000000000e+02 -8.701785400000000235e-11
6.100000000000000000e+02 -1.374272699999999983e-10
6.200000000000000000e+02 4.224162799999999724e-11
6.300000000000000000e+02 1.371214200000000060e-10
6.400000000000000000e+02 7.606282100000000019e-11
6.500000000000000000e+02 9.834798000000000520e-12
6.580000000000000000e+02 -2.995849599999999691e-11
6.650000000000000000e+02 -3.544245299999999678e-11
6.750000000000000000e+02 3.706561799999999818e-11
6.850000000000000000e+02 3.358119500000000027e-11
6.950000000000000000e+02 9.574172500000000420e-12
7.050000000000000000e+02 5.811371499999999922e-11
7.160000000000000000e+02 1.952955799999999949e-11
7.260000000000000000e+02 -6.065478499999999498e-11
7.350000000000000000e+02 -9.074101000000000293e-11
7.450000000000000000e+02 -5.687996900000000308e-11
7.550000000000000000e+02 -7.560627299999999518e-12
7.650000000000000000e+02 5.039930899999999705e-11
7.750000000000000000e+02 7.355994900000000528e-11
7.850000000000000000e+02 3.490529799999999876e-11
7.950000000000000000e+02 -1.672399000000000092e-11
8.050000000000000000e+02 -2.070046799999999899e-11
8.150000000000000000e+02 1.045125700000000033e-11
8.250000000000000000e+02 1.733248700000000088e-11
8.350000000000000000e+02 -4.700934699999999728e-12
8.450000000000000000e+02 3.169047200000000112e-12
8.550000000000000000e+02 9.216712400000000389e-12
8.650000000000000000e+02 -1.469061700000000055e-11
8.750000000000000000e+02 -1.391843600000000073e-11
8.850000000000000000e+02 -1.972248500000000146e-12
8.950000000000000000e+02 1.763910600000000087e-11
9.050000000000000000e+02 1.289842499999999881e-10
9.150000000000000000e+02 7.412695500000000275e-10
9.250000000000000000e+02 2.771548399999999913e-09
9.350000000000000000e+02 6.799255999999999914e-09
9.450000000000000000e+02 1.133269000000000008e-08
9.550000000000000000e+02 1.582126899999999958e-08
9.650000000000000000e+02 2.362925899999999921e-08
9.750000000000000000e+02 3.442089100000000262e-08
9.850000000000000000e+02 4.264811600000000303e-08
9.950000000000000000e+02 5.344830499999999786e-08
1.005000000000000000e+03 6.848711699999999735e-08
1.015000000000000000e+03 7.186267600000000228e-08
1.025000000000000000e+03 9.896383300000000165e-08
1.035000000000000000e+03 1.922942300000000017e-07
1.045000000000000000e+03 2.869670000000000047e-07
1.055000000000000000e+03 3.374681499999999764e-07
1.065000000000000000e+03 3.793328599999999945e-07
1.075000000000000000e+03 4.056737100000000169e-07
1.085000000000000000e+03 4.317361000000000142e-07
1.095000000000000000e+03 5.098205600000000149e-07
1.105000000000000000e+03 5.445962600000000316e-07
1.115000000000000000e+03 5.273954400000000000e-07
1.125000000000000000e+03 5.648719699999999481e-07
1.135000000000000000e+03 6.638882799999999523e-07
1.145000000000000000e+03 7.155667100000000245e-07
1.155000000000000000e+03 8.276991200000000173e-07
1.165000000000000000e+03 9.563299900000000045e-07
1.175000000000000000e+03 1.271731000000000047e-06
1.185000000000000000e+03 2.199462199999999963e-06
1.195000000000000000e+03 3.537486500000000169e-06
1.205000000000000000e+03 4.773912799999999996e-06
1.207601000000000113e+03 4.967156299999999936e-06
1.207762099999999919e+03 4.979129700000000061e-06
1.207923299999999927e+03 4.991104800000000000e-06
1.208084499999999935e+03 5.003081499999999814e-06
1.208245699999999943e+03 5.015059800000000349e-06
1.208406999999999925e+03 5.027039599999999973e-06
1.208568199999999933e+03 5.039021100000000258e-06
1.208729499999999916e+03 5.051004200000000418e-06
1.208890799999999899e+03 5.062988799999999666e-06
1.209052200000000084e+03 5.074975100000000422e-06
1.209213500000000067e+03 5.086962900000000267e-06
1.209374900000000025e+03 5.098952399999999926e-06
1.209536299999999983e+03 5.110943500000000307e-06
1.209697699999999941e+03 5.122936099999999776e-06
1.209859099999999899e+03 5.134930399999999906e-06
1.210020600000000059e+03 5.146926199999999971e-06
1.210182099999999991e+03 5.158923699999999851e-06
1.210343599999999924e+03 5.170922699999999666e-06
1.210505100000000084e+03 5.182923400000000142e-06
1.210666600000000017e+03 5.194925599999999707e-06
1.210828199999999924e+03 5.206929499999999933e-06
1.210989800000000059e+03 5.218934900000000094e-06
1.211151399999999967e+03 5.230942000000000069e-06
1.211313000000000102e+03 5.242950599999999980e-06
1.211474699999999984e+03 5.254960899999999705e-06
1.211636400000000094e+03 5.266972800000000151e-06
1.211798099999999977e+03 5.278986199999999686e-06
1.211959800000000087e+03 5.291001299999999882e-06
1.212121499999999969e+03 5.303017900000000014e-06
1.212283300000000054e+03 5.334708499999999849e-06
1.212445099999999911e+03 5.406471500000000198e-06
1.212606899999999996e+03 5.478243999999999857e-06
1.212768700000000081e+03 5.550026099999999612e-06
1.212930499999999938e+03 5.621817700000000370e-06
1.213092399999999998e+03 5.693619000000000315e-06
1.213254300000000057e+03 5.765429800000000417e-06
1.213416199999999890e+03 5.837250099999999828e-06
1.213578099999999949e+03 5.909080100000000121e-06
1.213740099999999984e+03 5.980919599999999724e-06
1.213902100000000019e+03 6.052768700000000269e-06
1.214064100000000053e+03 6.124627400000000063e-06
1.214226100000000088e+03 6.196495699999999952e-06
1.214388099999999895e+03 6.268373499999999997e-06
1.214550199999999904e+03 6.340261000000000078e-06
1.214712299999999914e+03 6.412158000000000315e-06
1.214874399999999923e+03 6.531654500000000196e-06
1.215000000000000000e+03 6.802450200000000284e-06
1.215036499999999933e+03 6.881127099999999694e-06
1.215198599999999942e+03 7.230646299999999672e-06
1.215360799999999927e+03 7.580212100000000133e-06
1.215522999999999911e+03 7.929824500000000228e-06
1.215685199999999895e+03 8.283478299999999183e-06
1.215847500000000082e+03 8.657631099999999651e-06
1.216009700000000066e+03 9.037369299999999247e-06
1.216172000000000025e+03 9.417158100000000282e-06
1.216334299999999985e+03 9.796997499999999368e-06
1.216496599999999944e+03 1.017688799999999959e-05
1.216659000000000106e+03 1.055819199999999976e-05
1.216821300000000065e+03 1.094647900000000020e-05
1.216983699999999999e+03 1.133646400000000050e-05
1.217146099999999933e+03 1.172650099999999969e-05
1.217308600000000069e+03 1.211658999999999947e-05
1.217471000000000004e+03 1.250673099999999984e-05
1.217633499999999913e+03 1.289710900000000019e-05
1.217796000000000049e+03 1.328846999999999951e-05
1.217958499999999958e+03 1.368006999999999928e-05
1.218121000000000095e+03 1.407172100000000025e-05
1.218283599999999979e+03 1.446342499999999951e-05
1.218446200000000090e+03 1.485518200000000044e-05
1.218608799999999974e+03 1.524693000000000006e-05
1.218771400000000085e+03 1.563843399999999888e-05
1.218933999999999969e+03 1.602994300000000144e-05
1.219096700000000055e+03 1.642150399999999950e-05
1.219259399999999914e+03 1.681311699999999985e-05
1.219422100000000000e+03 1.720478299999999848e-05
1.219584900000000061e+03 1.759630900000000087e-05
1.219747599999999920e+03 1.798694000000000163e-05
1.219910399999999981e+03 1.837751800000000073e-05
1.220073200000000043e+03 1.876814799999999871e-05
1.220236000000000104e+03 1.915882899999999959e-05
1.220398799999999937e+03 1.954956299999999875e-05
1.220561699999999973e+03 1.993936200000000027e-05
1.220724600000000009e+03 2.032437499999999970e-05
1.220887500000000045e+03 2.070913099999999944e-05
1.221050400000000081e+03 2.109393900000000146e-05
1.221213400000000092e+03 2.147879799999999960e-05
1.221376400000000103e+03 2.186370900000000002e-05
1.221539399999999887e+03 2.223830000000000018e-05
1.221702399999999898e+03 2.256261199999999925e-05
1.221865399999999909e+03 2.288626200000000080e-05
1.222028499999999894e+03 2.320995499999999994e-05
1.222191499999999905e+03 2.353369100000000006e-05
1.222354700000000093e+03 2.385782999999999922e-05
1.222517800000000079e+03 2.419295699999999931e-05
1.222680900000000065e+03 2.457268899999999929e-05
1.222844100000000026e+03 2.495247199999999876e-05
1.223007299999999987e+03 2.533230600000000113e-05
1.223170499999999947e+03 2.571219000000000022e-05
1.223333699999999908e+03 2.609061700000000038e-05
1.223497000000000071e+03 2.644720699999999894e-05
1.223660300000000007e+03 2.673321199999999961e-05
1.225000000000000000e+03 2.850122399999999978e-05
1.235000000000000000e+03 2.330010699999999989e-05
1.245000000000000000e+03 1.946588299999999958e-05
1.255000000000000000e+03 1.398882999999999935e-05
1.265000000000000000e+03 1.107778900000000081e-05
1.275000000000000000e+03 1.040644000000000027e-05
1.285000000000000000e+03 1.049207399999999959e-05
1.295000000000000000e+03 1.058120899999999920e-05
1.305000000000000000e+03 1.182660899999999917e-05
1.315000000000000000e+03 1.221495900000000029e-05
1.325000000000000000e+03 1.262619800000000071e-05
1.335000000000000000e+03 1.336503000000000035e-05
1.345000000000000000e+03 1.527366599999999946e-05
1.355000000000000000e+03 1.466918399999999965e-05
1.365000000000000000e+03 1.466973399999999916e-05
1.375000000000000000e+03 1.768564899999999958e-05
1.385000000000000000e+03 1.783069500000000157e-05
1.395000000000000000e+03 1.952579799999999984e-05
1.405000000000000000e+03 2.059391199999999894e-05
1.415000000000000000e+03 2.107460599999999953e-05
1.425000000000000000e+03 2.103461000000000087e-05
1.435000000000000000e+03 2.286475999999999892e-05
1.442000000000000000e+03 2.432784199999999929e-05
1.447000000000000000e+03 2.478845299999999968e-05
1.455000000000000000e+03 2.493810700000000013e-05
1.465000000000000000e+03 2.614312100000000126e-05
1.475000000000000000e+03 2.808049099999999860e-05
1.485000000000000000e+03 2.884071099999999994e-05
1.495000000000000000e+03 3.012833900000000089e-05
1.505000000000000000e+03 2.935449000000000090e-05
1.512000000000000000e+03 2.982015900000000073e-05
1.517000000000000000e+03 3.038873600000000110e-05
1.525000000000000000e+03 3.077233499999999919e-05
1.535000000000000000e+03 2.658153600000000136e-05
1.545000000000000000e+03 2.327563900000000126e-05
1.555000000000000000e+03 4.172059599999999733e-05
1.565000000000000000e+03 3.500656000000000183e-05
1.575000000000000000e+03 3.343642100000000138e-05
1.585000000000000000e+03 3.608402900000000146e-05
1.595000000000000000e+03 4.012679599999999914e-05
1.605000000000000000e+03 4.195143099999999763e-05
1.615000000000000000e+03 4.189961899999999976e-05
1.625000000000000000e+03 4.431234799999999717e-05
1.635000000000000000e+03 4.257415899999999754e-05
1.635015100000000075e+03 4.258231000000000125e-05
1.635233199999999897e+03 4.270010300000000292e-05
1.635451399999999921e+03 4.281791099999999886e-05
1.635669599999999946e+03 4.293573499999999864e-05
1.635887899999999945e+03 4.305357500000000224e-05
1.636106099999999969e+03 4.317143100000000289e-05
1.636324399999999969e+03 4.328930199999999782e-05
1.636542799999999943e+03 4.340718900000000336e-05
1.636761099999999942e+03 4.352509100000000316e-05
1.636979499999999916e+03 4.364301000000000280e-05
1.637197899999999890e+03 4.376094399999999672e-05
1.637416300000000092e+03 4.387889299999999846e-05
1.637634800000000041e+03 4.399685900000000003e-05
1.637853299999999990e+03 4.411484000000000266e-05
1.638071799999999939e+03 4.423283700000000233e-05
1.638290400000000091e+03 4.435084999999999906e-05
1.638509000000000015e+03 4.446887799999999684e-05
1.638727599999999939e+03 4.458692199999999845e-05
1.638946200000000090e+03 4.470498199999999711e-05
1.639164899999999989e+03 4.482305799999999961e-05
1.639383599999999888e+03 4.494114900000000315e-05
1.639602399999999989e+03 4.505925699999999975e-05
1.639821099999999888e+03 4.517737900000000139e-05
1.640039899999999989e+03 4.529551800000000287e-05
1.640258700000000090e+03 4.541367199999999863e-05
1.640477599999999939e+03 4.553184300000000099e-05
1.640696500000000015e+03 4.565002899999999762e-05
1.640915400000000091e+03 4.576823000000000208e-05
1.641134299999999939e+03 4.588644799999999960e-05
1.641353299999999990e+03 4.600468099999999817e-05
1.641572300000000041e+03 4.612293000000000057e-05
1.641791300000000092e+03 4.624119500000000002e-05
1.642010299999999916e+03 4.635947500000000052e-05
1.642229399999999941e+03 4.647777099999999807e-05
1.642448499999999967e+03 4.659608299999999946e-05
1.642667699999999968e+03 4.671441099999999790e-05
1.642886799999999994e+03 4.683275500000000016e-05
1.643105999999999995e+03 4.695111399999999670e-05
1.643325299999999970e+03 4.706948899999999707e-05
1.643544499999999971e+03 4.718788000000000127e-05
1.643763799999999947e+03 4.730628700000000253e-05
1.643983099999999922e+03 4.742471000000000083e-05
1.644202500000000100e+03 4.754314800000000019e-05
1.644421900000000051e+03 4.766160200000000338e-05
1.644641300000000001e+03 4.778007199999999684e-05
1.644860699999999952e+03 4.789274399999999670e-05
1.645000000000000000e+03 4.795198799999999813e-05
1.645080200000000104e+03 4.798607700000000165e-05
1.645299600000000055e+03 4.807716800000000020e-05
1.645519199999999955e+03 4.815178000000000063e-05
1.645738700000000108e+03 4.820149399999999946e-05
1.655000000000000000e+03 4.933019499999999704e-05
1.655869799999999941e+03 4.909918999999999839e-05
1.656090699999999970e+03 4.903188100000000198e-05
1.656311599999999999e+03 4.896456300000000088e-05
1.656532600000000002e+03 4.889723699999999786e-05
1.656753699999999981e+03 4.882990100000000091e-05
1.656974699999999984e+03 4.876255599999999927e-05
1.657195799999999963e+03 4.869520300000000249e-05
1.657416899999999941e+03 4.862783999999999824e-05
1.657637999999999920e+03 4.856046899999999885e-05
1.657859200000000101e+03 4.849308799999999876e-05
1.658080400000000054e+03 4.842569899999999675e-05
1.658301600000000008e+03 4.835830000000000082e-05
1.658522899999999936e+03 4.829089300000000297e-05
1.658744200000000092e+03 4.822347599999999765e-05
1.658965500000000020e+03 4.815605099999999719e-05
1.659186799999999948e+03 4.808861600000000281e-05
1.659408200000000079e+03 4.802117299999999973e-05
1.659629599999999982e+03 4.795372000000000274e-05
1.659851000000000113e+03 4.788625899999999705e-05
1.660072499999999991e+03 4.781878900000000022e-05
1.660294000000000096e+03 4.775130900000000269e-05
1.660515499999999975e+03 4.768382100000000324e-05
1.660737000000000080e+03 4.761632300000000309e-05
1.660958599999999933e+03 4.754881700000000103e-05
1.661180200000000013e+03 4.748130099999999827e-05
1.661401900000000069e+03 4.741377700000000037e-05
1.661623499999999922e+03 4.734624399999999778e-05
1.661845199999999977e+03 4.727870100000000126e-05
1.662067000000000007e+03 4.721115000000000283e-05
1.662288700000000063e+03 4.714358899999999692e-05
1.662510500000000093e+03 4.707602000000000265e-05
1.662732299999999896e+03 4.700844100000000091e-05
1.662954199999999901e+03 4.694085399999999725e-05
1.663175999999999931e+03 4.687325699999999966e-05
1.663397899999999936e+03 4.680565200000000016e-05
1.663619899999999916e+03 4.673803699999999996e-05
1.663841799999999921e+03 4.667041399999999785e-05
1.664063799999999901e+03 4.660278100000000181e-05
1.664285900000000083e+03 4.653513999999999708e-05
1.664507900000000063e+03 4.646748899999999843e-05
1.664730000000000018e+03 4.639982900000000186e-05
1.664952099999999973e+03 4.633687799999999996e-05
1.665000000000000000e+03 4.633250600000000041e-05
1.665174299999999903e+03 4.631659299999999716e-05
1.665396400000000085e+03 4.629630600000000235e-05
1.665618600000000015e+03 4.627601500000000319e-05
1.665840899999999920e+03 4.625629800000000081e-05
1.666063100000000077e+03 4.623956699999999997e-05
1.666285399999999981e+03 4.622283400000000035e-05
1.666507700000000114e+03 4.620609900000000194e-05
1.666730099999999993e+03 4.618939099999999729e-05
1.666952500000000100e+03 4.617283700000000070e-05
1.667174899999999980e+03 4.615633499999999962e-05
1.667397300000000087e+03 4.613983099999999975e-05
1.667619799999999941e+03 4.612332699999999988e-05
1.667842300000000023e+03 4.610683399999999672e-05
1.668064800000000105e+03 4.609035499999999860e-05
1.668287399999999934e+03 4.607387499999999770e-05
1.668509900000000016e+03 4.605739299999999801e-05
1.668732600000000048e+03 4.604093299999999851e-05
1.668955200000000104e+03 4.602458800000000028e-05
1.669177899999999909e+03 4.600824199999999927e-05
1.669400599999999940e+03 4.599189399999999947e-05
1.669623299999999972e+03 4.597791300000000128e-05
1.669846099999999979e+03 4.597748799999999865e-05
1.670068899999999985e+03 4.598353699999999897e-05
1.670291699999999992e+03 4.598958700000000207e-05
1.670514599999999973e+03 4.599598400000000099e-05
1.670737399999999980e+03 4.600498599999999918e-05
1.670960299999999961e+03 4.601815200000000135e-05
1.671183299999999917e+03 4.603132000000000230e-05
1.671406300000000101e+03 4.604449000000000204e-05
1.671629300000000057e+03 4.606437700000000276e-05
1.672000000000000000e+03 4.615722100000000332e-05
1.677000000000000000e+03 4.729499499999999999e-05
1.685000000000000000e+03 5.174436799999999789e-05
1.695000000000000000e+03 5.100244199999999967e-05
1.705000000000000000e+03 5.226107299999999958e-05
1.715000000000000000e+03 4.895201700000000142e-05
1.725000000000000000e+03 5.030862099999999884e-05
1.735000000000000000e+03 5.550979300000000258e-05
1.745000000000000000e+03 5.369438200000000290e-05
1.755000000000000000e+03 5.876862300000000133e-05
1.765000000000000000e+03 5.858718499999999936e-05
1.775000000000000000e+03 5.754310899999999930e-05
1.785000000000000000e+03 5.937321200000000219e-05
1.795000000000000000e+03 6.180090299999999460e-05
1.805000000000000000e+03 6.114415100000000249e-05
1.806353200000000015e+03 6.118642699999999462e-05
1.806594200000000001e+03 6.123236299999999886e-05
1.806835199999999986e+03 6.127830500000000622e-05
1.807076299999999947e+03 6.132425399999999916e-05
1.807317399999999907e+03 6.137020799999999923e-05
1.807558500000000095e+03 6.141616899999999843e-05
1.807799700000000030e+03 6.146213500000000476e-05
1.808040899999999965e+03 6.150810799999999667e-05
1.808282099999999900e+03 6.155408700000000526e-05
1.808523300000000063e+03 6.160007200000000344e-05
1.808764599999999973e+03 6.164606300000000474e-05
1.809006000000000085e+03 6.169206100000000517e-05
1.809247299999999996e+03 6.173806399999999918e-05
1.809488700000000108e+03 6.178407400000000588e-05
1.809730099999999993e+03 6.183009000000000215e-05
1.809971500000000106e+03 6.187611100000000555e-05
1.810212999999999965e+03 6.192213899999999454e-05
1.810454500000000053e+03 6.196817399999999621e-05
1.810696099999999888e+03 6.201421400000000500e-05
1.810937699999999950e+03 6.206026000000000337e-05
1.811179300000000012e+03 6.210631300000000088e-05
1.811420900000000074e+03 6.215237200000000152e-05
1.811662600000000111e+03 6.219843599999999573e-05
1.811904299999999921e+03 6.224450700000000263e-05
1.812145999999999958e+03 6.229058499999999511e-05
1.812387799999999970e+03 6.233666799999999471e-05
1.812629599999999982e+03 6.238275699999999745e-05
1.812871399999999994e+03 6.242885299999999932e-05
1.813113299999999981e+03 6.247495500000000432e-05
1.813355199999999968e+03 6.252106299999999890e-05
1.813597099999999955e+03 6.256717699999999661e-05
1.813839099999999917e+03 6.261329699999999745e-05
1.814081100000000106e+03 6.265942300000000142e-05
1.814323100000000068e+03 6.270555600000000452e-05
1.814565200000000004e+03 6.275169400000000120e-05
1.814807199999999966e+03 6.279783899999999701e-05
1.815000000000000000e+03 6.283457900000000574e-05
1.815049400000000105e+03 6.284398999999999595e-05
1.815291500000000042e+03 6.289014699999999802e-05
1.815533699999999953e+03 6.293631000000000323e-05
1.815775900000000092e+03 6.298247999999999401e-05
1.816018199999999979e+03 6.298246000000000617e-05
1.816260500000000093e+03 6.296916800000000602e-05
1.816502799999999979e+03 6.295587400000000032e-05
1.816745100000000093e+03 6.294257800000000261e-05
1.816987499999999955e+03 6.292928099999999534e-05
1.817229900000000043e+03 6.291735400000000259e-05
1.817472400000000107e+03 6.291267400000000046e-05
1.817714899999999943e+03 6.290799399999999833e-05
1.817957400000000007e+03 6.290340199999999693e-05
1.818199900000000071e+03 6.289944999999999965e-05
1.825000000000000000e+03 6.321972900000000662e-05
1.835000000000000000e+03 6.418704600000000649e-05
1.845000000000000000e+03 6.335091799999999944e-05
1.848773999999999887e+03 6.370170300000000188e-05
1.849020600000000059e+03 6.374153500000000194e-05
1.849267299999999977e+03 6.378137199999999558e-05
1.849514100000000099e+03 6.382121399999999634e-05
1.849760800000000017e+03 6.386106200000000023e-05
1.850007599999999911e+03 6.390091499999999770e-05
1.850254400000000032e+03 6.394077300000000229e-05
1.850501299999999901e+03 6.398063600000000045e-05
1.850748100000000022e+03 6.402050500000000175e-05
1.850995100000000093e+03 6.406037899999999662e-05
1.851241999999999962e+03 6.410025899999999461e-05
1.851489000000000033e+03 6.414014399999999974e-05
1.851736000000000104e+03 6.418003399999999844e-05
1.851982999999999947e+03 6.421992900000000426e-05
1.852230099999999993e+03 6.425982999999999966e-05
1.852477200000000039e+03 6.429973600000000219e-05
1.852724400000000060e+03 6.433964699999999829e-05
1.852971600000000080e+03 6.437956399999999752e-05
1.853218800000000101e+03 6.441948600000000388e-05
1.853465999999999894e+03 6.445941300000000381e-05
1.853713299999999890e+03 6.449934599999999332e-05
1.853960600000000113e+03 6.453928400000000351e-05
1.854208000000000084e+03 6.457922699999999372e-05
1.854455300000000079e+03 6.461917600000000061e-05
1.854702800000000025e+03 6.465913000000000107e-05
1.854950199999999995e+03 6.469908899999999511e-05
1.855000000000000000e+03 6.470713200000000347e-05
1.855197699999999941e+03 6.473905400000000583e-05
1.855445200000000114e+03 6.477902399999999658e-05
1.855692700000000059e+03 6.481899899999999444e-05
1.855940299999999979e+03 6.485897999999999544e-05
1.856187899999999900e+03 6.491322100000000467e-05
1.856435500000000047e+03 6.498315299999999619e-05
1.856683199999999943e+03 6.505309500000000197e-05
1.856930900000000065e+03 6.512304500000000288e-05
1.857178699999999935e+03 6.519300500000000450e-05
1.857426400000000058e+03 6.526297499999999326e-05
1.857674299999999903e+03 6.533295300000000426e-05
1.857922100000000000e+03 6.540294199999999842e-05
1.858170000000000073e+03 6.547293900000000126e-05
1.858417899999999918e+03 6.554294600000000481e-05
1.858665799999999990e+03 6.561296199999999950e-05
1.858913800000000037e+03 6.568298699999999888e-05
1.859161800000000085e+03 6.575302199999999897e-05
1.859409799999999905e+03 6.582306600000000375e-05
1.859657899999999927e+03 6.589311899999999967e-05
1.859905999999999949e+03 6.596361599999999684e-05
1.860154099999999971e+03 6.603642700000000409e-05
1.860402299999999968e+03 6.610924700000000249e-05
1.860650499999999965e+03 6.618146699999999957e-05
1.860898699999999963e+03 6.624957899999999930e-05
1.861146999999999935e+03 6.631297600000000123e-05
1.861395299999999907e+03 6.637638199999999430e-05
1.861643700000000081e+03 6.643994600000000656e-05
1.861892000000000053e+03 6.650445899999999440e-05
1.862140400000000000e+03 6.656977400000000311e-05
1.862388899999999921e+03 6.663509699999999340e-05
1.862637300000000096e+03 6.670146099999999824e-05
1.862885800000000017e+03 6.677400800000000329e-05
1.863134399999999914e+03 6.685029199999999736e-05
1.863382900000000063e+03 6.692658700000000168e-05
1.863631499999999960e+03 6.700442300000000132e-05
1.863880200000000059e+03 6.709107000000000341e-05
1.864128799999999956e+03 6.718134199999999481e-05
1.864377500000000055e+03 6.727162499999999646e-05
1.864626299999999901e+03 6.736386199999999658e-05
1.864875000000000000e+03 6.746692300000000579e-05
1.865000000000000000e+03 6.752005599999999714e-05
1.865123800000000074e+03 6.757271100000000112e-05
1.865372699999999895e+03 6.767851299999999473e-05
1.865621499999999969e+03 6.778557900000000628e-05
1.865870400000000018e+03 6.789944600000000165e-05
1.866119400000000041e+03 6.801412200000000346e-05
1.866368300000000090e+03 6.812881299999999955e-05
1.866617299999999886e+03 6.824378499999999767e-05
1.866866400000000112e+03 6.836018199999999384e-05
1.867115399999999909e+03 6.847660000000000097e-05
1.867364499999999907e+03 6.859303000000000080e-05
1.867613700000000108e+03 6.870942999999999853e-05
1.867862800000000107e+03 6.882569200000000558e-05
1.868112000000000080e+03 6.894197000000000292e-05
1.868361300000000028e+03 6.905825599999999538e-05
1.868610500000000002e+03 6.917447899999999564e-05
1.868859799999999950e+03 6.929054800000000139e-05
1.875000000000000000e+03 7.150669100000000644e-05
1.885000000000000000e+03 7.330950899999999796e-05
1.895000000000000000e+03 7.809228199999999507e-05
1.900538800000000037e+03 8.130200700000000101e-05
1.900792400000000043e+03 8.145401900000000174e-05
1.901046000000000049e+03 8.160605100000000388e-05
1.901299600000000055e+03 8.175810299999999387e-05
1.901553200000000061e+03 8.191017599999999481e-05
1.901806900000000041e+03 8.206226899999999715e-05
1.902060699999999997e+03 8.221438299999999689e-05
1.902314399999999978e+03 8.236651600000000203e-05
1.902568199999999933e+03 8.251867000000000457e-05
1.902821999999999889e+03 8.267084500000000452e-05
1.903075900000000047e+03 8.282303899999999630e-05
1.903329799999999977e+03 8.297525399999999905e-05
1.903583699999999908e+03 8.312748900000000319e-05
1.903837700000000041e+03 8.327974500000000474e-05
1.904091699999999946e+03 8.343201999999999812e-05
1.904345700000000079e+03 8.358431600000000247e-05
1.904599799999999959e+03 8.373663300000000421e-05
1.904853900000000067e+03 8.388896899999999780e-05
1.905000000000000000e+03 8.397657900000000085e-05
1.905107999999999947e+03 8.404132600000000235e-05
1.905362200000000030e+03 8.419370400000000430e-05
1.905616400000000112e+03 8.434610099999999809e-05
1.905870599999999968e+03 8.449851900000000283e-05
1.906124900000000025e+03 8.465095800000000498e-05
1.906379200000000083e+03 8.479569800000000658e-05
1.906633499999999913e+03 8.473389699999999704e-05
1.906887899999999945e+03 8.467208699999999636e-05
1.907142299999999977e+03 8.461026999999999654e-05
1.907396700000000010e+03 8.454844400000000558e-05
1.907651200000000017e+03 8.448661000000000593e-05
1.907905700000000024e+03 8.442476700000000158e-05
1.908160200000000032e+03 8.436291699999999810e-05
1.908414800000000014e+03 8.430105800000000347e-05
1.908669399999999996e+03 8.423919100000000016e-05
1.908923999999999978e+03 8.417731600000000170e-05
1.909178699999999935e+03 8.411543199999999855e-05
1.909433399999999892e+03 8.405354000000000026e-05
1.909688200000000052e+03 8.399163999999999328e-05
1.909942900000000009e+03 8.392973200000000472e-05
1.910197699999999941e+03 8.386781499999999790e-05
1.910452600000000075e+03 8.380588999999999595e-05
1.910707499999999982e+03 8.374395699999999886e-05
1.910962399999999889e+03 8.368201600000000663e-05
1.911217300000000023e+03 8.362006599999999615e-05
1.911472299999999905e+03 8.355810800000000409e-05
1.911727300000000014e+03 8.349614200000000333e-05
1.911982400000000098e+03 8.342740799999999533e-05
1.912237399999999980e+03 8.332123699999999895e-05
1.912492600000000039e+03 8.320758499999999830e-05
1.912747699999999895e+03 8.309391800000000337e-05
1.913002899999999954e+03 8.298198800000000663e-05
1.913258100000000013e+03 8.288336399999999475e-05
1.913513400000000047e+03 8.280595000000000295e-05
1.913768600000000106e+03 8.272852700000000645e-05
1.914023999999999887e+03 8.265060700000000365e-05
1.914279299999999921e+03 8.256961400000000135e-05
1.914534699999999930e+03 8.248608199999999356e-05
1.914790099999999939e+03 8.240253800000000661e-05
1.915000000000000000e+03 8.233388999999999378e-05
1.915045599999999922e+03 8.231661799999999982e-05
1.925000000000000000e+03 7.851203099999999450e-05
1.935000000000000000e+03 7.536032299999999360e-05
1.945000000000000000e+03 7.104999800000000028e-05
1.955000000000000000e+03 6.646125300000000496e-05
1.967000000000000000e+03 6.796418900000000558e-05
1.976000000000000000e+03 6.702750399999999914e-05
1.984000000000000000e+03 6.650182599999999858e-05
1.995000000000000000e+03 6.582645700000000651e-05
2.005000000000000000e+03 6.530363099999999404e-05
2.015000000000000000e+03 6.529920399999999741e-05
2.025000000000000000e+03 6.388504800000000038e-05
2.035000000000000000e+03 6.214045300000000391e-05
2.045000000000000000e+03 6.255396599999999807e-05
2.055000000000000000e+03 6.197825799999999419e-05
2.065000000000000000e+03 6.125309900000000204e-05
2.074000000000000000e+03 5.970082499999999773e-05
2.078000000000000000e+03 5.894504899999999963e-05
2.085000000000000000e+03 5.845891200000000317e-05
2.095000000000000000e+03 5.904219800000000320e-05
2.105000000000000000e+03 5.812418199999999901e-05
2.115000000000000000e+03 5.751393100000000322e-05
2.125000000000000000e+03 5.776140300000000050e-05
2.135000000000000000e+03 5.744784900000000319e-05
2.135274600000000191e+03 5.743148899999999714e-05
2.135559400000000096e+03 5.741451799999999984e-05
2.135844300000000203e+03 5.739754400000000097e-05
2.136129300000000057e+03 5.738056800000000332e-05
2.136414200000000164e+03 5.736359000000000011e-05
2.136699200000000019e+03 5.734660900000000211e-05
2.136984300000000076e+03 5.732962700000000133e-05
2.137269400000000132e+03 5.731264100000000298e-05
2.137554500000000189e+03 5.729565400000000185e-05
2.137839699999999993e+03 5.728537499999999700e-05
2.138124899999999798e+03 5.728972700000000193e-05
2.138410100000000057e+03 5.729408000000000287e-05
2.138695400000000063e+03 5.729843399999999981e-05
2.138980700000000070e+03 5.730278799999999676e-05
2.139266000000000076e+03 5.730714300000000326e-05
2.139551399999999830e+03 5.731149800000000298e-05
2.139836800000000039e+03 5.731585399999999871e-05
2.140122299999999996e+03 5.732021099999999722e-05
2.140407799999999952e+03 5.732456800000000250e-05
2.140693299999999908e+03 5.732892599999999701e-05
2.140978900000000067e+03 5.733328399999999830e-05
2.141264500000000226e+03 5.733764300000000237e-05
2.141550200000000132e+03 5.734200300000000245e-05
2.141835900000000038e+03 5.734636300000000252e-05
2.142121599999999944e+03 5.735072300000000259e-05
2.142407400000000052e+03 5.735508500000000145e-05
2.142693200000000161e+03 5.735944599999999753e-05
2.142978999999999814e+03 5.736380899999999917e-05
2.143264900000000125e+03 5.736817200000000081e-05
2.143550799999999981e+03 5.737253500000000244e-05
2.143836800000000039e+03 5.737689900000000009e-05
2.144122800000000097e+03 5.738126400000000051e-05
2.144408800000000156e+03 5.738562900000000093e-05
2.144694899999999961e+03 5.738999499999999736e-05
2.144981000000000222e+03 5.739436200000000334e-05
2.145000000000000000e+03 5.739465100000000052e-05
2.145267199999999775e+03 5.739872900000000255e-05
2.145553399999999783e+03 5.740309600000000176e-05
2.145839599999999791e+03 5.740746499999999975e-05
2.146125799999999799e+03 5.741183300000000174e-05
2.146412200000000212e+03 5.741620300000000251e-05
2.146698499999999967e+03 5.742057300000000329e-05
2.146984899999999925e+03 5.742494299999999728e-05
2.147271299999999883e+03 5.742931400000000084e-05
2.147557699999999841e+03 5.743368600000000039e-05
2.147844200000000001e+03 5.743892600000000104e-05
2.148130799999999908e+03 5.745059099999999714e-05
2.148417300000000068e+03 5.746244400000000098e-05
2.148703899999999976e+03 5.747429899999999682e-05
2.148990600000000086e+03 5.748615299999999665e-05
2.149277300000000196e+03 5.749800700000000326e-05
2.155000000000000000e+03 5.769916899999999997e-05
2.165000000000000000e+03 5.787533500000000041e-05
2.175000000000000000e+03 5.841150700000000053e-05
2.185000000000000000e+03 5.931347699999999759e-05
2.195000000000000000e+03 6.064683199999999763e-05
2.205000000000000000e+03 6.195244900000000069e-05
2.215000000000000000e+03 6.333330299999999369e-05
2.225000000000000000e+03 6.518090400000000229e-05
2.235000000000000000e+03 6.746907000000000555e-05
2.245000000000000000e+03 6.963530499999999413e-05
2.255000000000000000e+03 7.195474800000000208e-05
2.265000000000000000e+03 7.480903299999999841e-05
2.275000000000000000e+03 7.808267599999999800e-05
2.285000000000000000e+03 8.146497499999999839e-05
2.295000000000000000e+03 8.496681499999999534e-05
2.305000000000000000e+03 8.903778200000000064e-05
2.314124499999999898e+03 9.207642499999999994e-05
2.314433199999999943e+03 9.215674099999999688e-05
2.314741899999999987e+03 9.223706699999999453e-05
2.315000000000000000e+03 9.230420400000000059e-05
2.315050699999999779e+03 9.231740400000000243e-05
2.315359599999999773e+03 9.239775199999999348e-05
2.315668400000000020e+03 9.247811099999999479e-05
2.315977300000000014e+03 9.255847999999999680e-05
2.316286300000000210e+03 9.263885999999999551e-05
2.316595299999999952e+03 9.271925100000000448e-05
2.316904300000000148e+03 9.279965200000000059e-05
2.317213400000000092e+03 9.288006399999999341e-05
2.317522500000000036e+03 9.296048699999999649e-05
2.317831700000000183e+03 9.304092099999999627e-05
2.318140899999999874e+03 9.312136499999999675e-05
2.318450100000000020e+03 9.320181999999999393e-05
2.318759399999999914e+03 9.328228600000000137e-05
2.319068699999999808e+03 9.334863799999999995e-05
2.319378099999999904e+03 9.341082000000000497e-05
2.319687500000000000e+03 9.347301000000000513e-05
2.319996900000000096e+03 9.353520899999999644e-05
2.320306399999999940e+03 9.359741500000000043e-05
2.320615899999999783e+03 9.365962999999999556e-05
2.320925499999999829e+03 9.372185399999999539e-05
2.321235099999999875e+03 9.378408499999999436e-05
2.321544800000000123e+03 9.384632499999999802e-05
2.321854499999999916e+03 9.390857400000000637e-05
2.322164200000000164e+03 9.397083000000000031e-05
2.322474000000000160e+03 9.403309499999999894e-05
2.322783800000000156e+03 9.409536800000000627e-05
2.323093600000000151e+03 9.415765000000000473e-05
2.323403499999999894e+03 9.421993900000000233e-05
2.323713499999999840e+03 9.428223700000000463e-05
2.324023499999999785e+03 9.434454399999999807e-05
2.324333500000000186e+03 9.440685900000000020e-05
2.324643599999999878e+03 9.446918199999999747e-05
2.324953700000000026e+03 9.453151300000000343e-05
2.325000000000000000e+03 9.454082600000000575e-05
2.325263800000000174e+03 9.459385200000000452e-05
2.325574000000000069e+03 9.465619999999999677e-05
2.325884199999999964e+03 9.471855699999999370e-05
2.326194500000000062e+03 9.478092100000000333e-05
2.326504800000000159e+03 9.484329400000000409e-05
2.326815200000000004e+03 9.490567500000000000e-05
2.327125599999999849e+03 9.496806500000000060e-05
2.327436000000000149e+03 9.503046299999999634e-05
2.327746500000000196e+03 9.509286900000000077e-05
2.328056999999999789e+03 9.516199299999999540e-05
2.328367600000000039e+03 9.526160900000000078e-05
2.328678199999999833e+03 9.532579300000000220e-05
2.328988800000000083e+03 9.538998599999999476e-05
2.329299500000000080e+03 9.545549299999999521e-05
2.329610200000000077e+03 9.552833100000000300e-05
2.329920999999999822e+03 9.560188399999999982e-05
2.330231800000000021e+03 9.567744700000000173e-05
2.330542699999999968e+03 9.576456799999999360e-05
2.330853500000000167e+03 9.585463999999999812e-05
2.331164499999999862e+03 9.595001700000000105e-05
2.331475500000000011e+03 9.607715100000000159e-05
2.331786500000000160e+03 9.621870000000000086e-05
2.332097499999999854e+03 9.636021500000000047e-05
2.332408600000000206e+03 9.650141799999999994e-05
2.332719799999999850e+03 9.664240399999999914e-05
2.333030999999999949e+03 9.678308199999999576e-05
2.333342200000000048e+03 9.692154399999999728e-05
2.333653499999999894e+03 9.705766100000000416e-05
2.333964800000000196e+03 9.719302899999999524e-05
2.334276100000000042e+03 9.732254600000000120e-05
2.334587500000000091e+03 9.744298599999999695e-05
2.334898900000000140e+03 9.756355699999999780e-05
2.335000000000000000e+03 9.760288999999999955e-05
2.335210399999999936e+03 9.768523200000000541e-05
2.335521900000000187e+03 9.780943000000000113e-05
2.335833500000000186e+03 9.793289400000000243e-05
2.336145100000000184e+03 9.804450899999999746e-05
2.336456700000000183e+03 9.811354600000000092e-05
2.345000000000000000e+03 9.983404200000000153e-05
2.355000000000000000e+03 1.018337099999999944e-04
2.365000000000000000e+03 1.035031399999999978e-04
2.375000000000000000e+03 1.054509099999999976e-04
2.385000000000000000e+03 1.078692099999999945e-04
2.395000000000000000e+03 1.104266999999999976e-04
2.405000000000000000e+03 1.128054699999999938e-04
2.415000000000000000e+03 1.154988600000000036e-04
2.425000000000000000e+03 1.182375399999999969e-04
2.435000000000000000e+03 1.209020699999999935e-04
2.445000000000000000e+03 1.236900899999999960e-04
2.455000000000000000e+03 1.262761799999999942e-04
2.462862200000000030e+03 1.280354299999999926e-04
2.463190799999999854e+03 1.281013800000000119e-04
2.463519400000000132e+03 1.281673399999999912e-04
2.463847999999999956e+03 1.282333100000000118e-04
2.464176599999999780e+03 1.282992899999999925e-04
2.464505400000000009e+03 1.283652799999999874e-04
2.464834100000000035e+03 1.284312700000000095e-04
2.465000000000000000e+03 1.284645700000000080e-04
2.465162899999999809e+03 1.284972800000000058e-04
2.465491799999999785e+03 1.285632900000000022e-04
2.465820600000000013e+03 1.286293100000000128e-04
2.466149600000000191e+03 1.286953400000000105e-04
2.466478599999999915e+03 1.287613799999999954e-04
2.466807600000000093e+03 1.288274299999999945e-04
2.467136599999999817e+03 1.288934900000000079e-04
2.467465700000000197e+03 1.289595499999999942e-04
2.467794899999999870e+03 1.290256300000000090e-04
2.468124099999999999e+03 1.290917099999999967e-04
2.468453300000000127e+03 1.291577999999999986e-04
2.468782600000000002e+03 1.292238999999999877e-04
2.469111899999999878e+03 1.292900099999999910e-04
2.469441299999999956e+03 1.293561300000000086e-04
2.469770700000000033e+03 1.294224199999999974e-04
2.470100199999999859e+03 1.294898500000000118e-04
2.470429700000000139e+03 1.295572900000000133e-04
2.470759199999999964e+03 1.296247299999999877e-04
2.471088799999999992e+03 1.296921899999999906e-04
2.471418400000000020e+03 1.297596499999999935e-04
2.471748099999999795e+03 1.298271299999999978e-04
2.472077800000000025e+03 1.298946100000000021e-04
2.472407600000000002e+03 1.299620999999999936e-04
2.472737399999999980e+03 1.300295999999999993e-04
2.473067300000000159e+03 1.300971099999999922e-04
2.473397199999999884e+03 1.301646299999999993e-04
2.473727100000000064e+03 1.302321599999999935e-04
2.474057099999999991e+03 1.302996899999999878e-04
2.474387099999999919e+03 1.303672400000000105e-04
2.474717200000000048e+03 1.304347900000000062e-04
2.475000000000000000e+03 1.304926699999999894e-04
2.475047300000000178e+03 1.305023600000000032e-04
2.475377500000000055e+03 1.305699300000000003e-04
2.475707699999999932e+03 1.306375100000000116e-04
2.476037899999999809e+03 1.307051000000000100e-04
2.476368199999999888e+03 1.307726999999999956e-04
2.476698600000000170e+03 1.308403099999999955e-04
2.477028999999999996e+03 1.309079300000000096e-04
2.477359399999999823e+03 1.309755499999999966e-04
2.477689800000000105e+03 1.310414700000000002e-04
2.478020399999999881e+03 1.310977900000000098e-04
2.478350899999999911e+03 1.311538200000000127e-04
2.478681500000000142e+03 1.312130499999999956e-04
2.479012200000000121e+03 1.312902900000000050e-04
2.485000000000000000e+03 1.325250200000000107e-04
2.495000000000000000e+03 1.339722399999999870e-04
2.505000000000000000e+03 1.359047000000000000e-04
2.513000000000000000e+03 1.370788400000000091e-04
2.518000000000000000e+03 1.378144100000000072e-04
2.525000000000000000e+03 1.387233700000000053e-04
2.535000000000000000e+03 1.402491799999999907e-04
2.545000000000000000e+03 1.421372599999999890e-04
2.555000000000000000e+03 1.442475699999999888e-04
2.565000000000000000e+03 1.463785300000000102e-04
2.575000000000000000e+03 1.485667799999999871e-04
2.585000000000000000e+03 1.503284099999999894e-04
2.595000000000000000e+03 1.517164900000000027e-04
2.605000000000000000e+03 1.527969800000000063e-04
2.615000000000000000e+03 1.543476699999999974e-04
2.625000000000000000e+03 1.570387799999999967e-04
2.635000000000000000e+03 1.607828300000000105e-04
2.645000000000000000e+03 1.650978099999999974e-04
2.652457399999999780e+03 1.677759699999999989e-04
2.652811200000000099e+03 1.678415500000000058e-04
2.653165100000000166e+03 1.679071300000000127e-04
2.653518999999999778e+03 1.679727099999999925e-04
2.653872899999999845e+03 1.680383100000000008e-04
2.654226999999999862e+03 1.681039199999999963e-04
2.654581000000000131e+03 1.681695299999999918e-04
2.654935100000000148e+03 1.682351599999999886e-04
2.655000000000000000e+03 1.682471799999999892e-04
2.655289299999999912e+03 1.683007900000000126e-04
2.655643500000000131e+03 1.683664299999999966e-04
2.655997699999999895e+03 1.684320799999999949e-04
2.656351999999999862e+03 1.684977400000000074e-04
2.656706299999999828e+03 1.685634100000000070e-04
2.657060699999999997e+03 1.686290800000000067e-04
2.657415100000000166e+03 1.686947700000000078e-04
2.657769600000000082e+03 1.687604600000000088e-04
2.658124099999999999e+03 1.688261599999999970e-04
2.658478700000000117e+03 1.688918699999999995e-04
2.658833299999999781e+03 1.689575899999999891e-04
2.659188000000000102e+03 1.690233199999999930e-04
2.659542699999999968e+03 1.690890600000000111e-04
2.659897500000000036e+03 1.691548099999999892e-04
2.660252300000000105e+03 1.692205599999999945e-04
2.660607199999999921e+03 1.692863199999999869e-04
2.660962100000000191e+03 1.693457300000000094e-04
2.661317000000000007e+03 1.693869600000000070e-04
2.661672000000000025e+03 1.694281900000000046e-04
2.662027099999999791e+03 1.694694299999999893e-04
2.662382099999999809e+03 1.695106799999999882e-04
2.662737299999999777e+03 1.695519299999999872e-04
2.663092500000000200e+03 1.695931900000000004e-04
2.663447700000000168e+03 1.696344499999999865e-04
2.663802999999999884e+03 1.696757199999999869e-04
2.664158300000000054e+03 1.697169899999999873e-04
2.664513699999999972e+03 1.697582700000000019e-04
2.664869099999999889e+03 1.697995600000000037e-04
2.665000000000000000e+03 1.698147600000000099e-04
2.665224600000000009e+03 1.698408500000000054e-04
2.665580100000000130e+03 1.698821400000000072e-04
2.665935699999999997e+03 1.699234399999999961e-04
2.666291299999999865e+03 1.699647499999999993e-04
2.666646999999999935e+03 1.700060600000000025e-04
2.667002700000000004e+03 1.700473799999999928e-04
2.667358400000000074e+03 1.700887000000000102e-04
2.667714199999999892e+03 1.701300299999999877e-04
2.668070099999999911e+03 1.701713700000000065e-04
2.668425999999999931e+03 1.702066500000000079e-04
2.668781899999999951e+03 1.702147700000000068e-04
2.669137900000000172e+03 1.702624300000000069e-04
2.669494000000000142e+03 1.703178399999999936e-04
2.669850100000000111e+03 1.703748399999999966e-04
2.670206200000000081e+03 1.704371399999999909e-04
2.670562399999999798e+03 1.704994000000000095e-04
2.670918599999999969e+03 1.705613600000000071e-04
2.671274899999999889e+03 1.706229299999999910e-04
2.671631199999999808e+03 1.706840100000000084e-04
2.671987599999999929e+03 1.707420300000000014e-04
2.672344000000000051e+03 1.707986100000000022e-04
2.672700499999999920e+03 1.708529599999999960e-04
2.673056999999999789e+03 1.708945600000000059e-04
2.673413599999999860e+03 1.709345600000000123e-04
2.673770199999999932e+03 1.709670800000000104e-04
2.674126800000000003e+03 1.709833600000000109e-04
2.674483600000000024e+03 1.709981599999999891e-04
2.674840299999999843e+03 1.710031299999999980e-04
2.675000000000000000e+03 1.710016500000000029e-04
2.675197099999999864e+03 1.709998100000000097e-04
2.675554000000000087e+03 1.709955599999999970e-04
2.675910899999999856e+03 1.709858300000000075e-04
2.676267800000000079e+03 1.709746500000000114e-04
2.676624800000000050e+03 1.709631699999999944e-04
2.676981800000000021e+03 1.709505100000000032e-04
2.677338900000000194e+03 1.709378500000000121e-04
2.677696100000000115e+03 1.709251200000000024e-04
2.678053199999999833e+03 1.709123200000000015e-04
2.678410499999999956e+03 1.708995200000000005e-04
2.678767800000000079e+03 1.708867100000000124e-04
2.685000000000000000e+03 1.705733499999999921e-04
2.695000000000000000e+03 1.696475199999999928e-04
2.705000000000000000e+03 1.702205999999999945e-04
2.715000000000000000e+03 1.707339100000000026e-04
2.725000000000000000e+03 1.723740000000000135e-04
2.735000000000000000e+03 1.743544999999999991e-04
2.745000000000000000e+03 1.746976300000000013e-04
2.755000000000000000e+03 1.769212099999999967e-04
2.765000000000000000e+03 1.818218799999999865e-04
2.775000000000000000e+03 1.879113399999999938e-04
2.785000000000000000e+03 1.924673099999999934e-04
2.787387499999999818e+03 1.928958699999999953e-04
2.787759300000000167e+03 1.929626100000000021e-04
2.788131199999999808e+03 1.930293599999999960e-04
2.788503099999999904e+03 1.930961200000000041e-04
2.788875000000000000e+03 1.931628899999999994e-04
2.789246999999999844e+03 1.932296599999999947e-04
2.789619099999999889e+03 1.932964499999999914e-04
2.789991199999999935e+03 1.933632399999999881e-04
2.790363400000000183e+03 1.934300399999999991e-04
2.790735599999999977e+03 1.934968499999999971e-04
2.791107800000000225e+03 1.935636799999999966e-04
2.791480100000000220e+03 1.936305099999999961e-04
2.791852499999999964e+03 1.937048899999999952e-04
2.792224900000000162e+03 1.937856199999999913e-04
2.792597299999999905e+03 1.938663600000000017e-04
2.792969799999999850e+03 1.939471099999999992e-04
2.793342399999999998e+03 1.940278799999999981e-04
2.793715000000000146e+03 1.941086499999999969e-04
2.794087700000000041e+03 1.941894300000000101e-04
2.794460399999999936e+03 1.942702299999999975e-04
2.794833099999999831e+03 1.943510300000000121e-04
2.795000000000000000e+03 1.943872099999999952e-04
2.795205899999999929e+03 1.944318500000000009e-04
2.795578799999999774e+03 1.945126800000000040e-04
2.795951700000000073e+03 1.945935100000000071e-04
2.796324599999999919e+03 1.946743600000000116e-04
2.796697599999999966e+03 1.947552200000000032e-04
2.797070700000000215e+03 1.948360900000000091e-04
2.797443800000000010e+03 1.949169700000000021e-04
2.797816899999999805e+03 1.949978600000000094e-04
2.798190099999999802e+03 1.950787699999999910e-04
2.798563400000000001e+03 1.951596799999999997e-04
2.798936700000000201e+03 1.952405999999999955e-04
2.799309999999999945e+03 1.953215399999999927e-04
2.799683399999999892e+03 1.954024799999999899e-04
2.800056900000000041e+03 1.954834399999999886e-04
2.800430400000000191e+03 1.955644100000000015e-04
2.800803899999999885e+03 1.956453799999999872e-04
2.801177499999999782e+03 1.957263700000000015e-04
2.801551199999999881e+03 1.958073700000000029e-04
2.801924899999999980e+03 1.958832900000000014e-04
2.802298600000000079e+03 1.959554399999999935e-04
2.802672399999999925e+03 1.960276000000000000e-04
2.803046299999999974e+03 1.960997800000000078e-04
2.803420200000000023e+03 1.961719599999999885e-04
2.803794100000000071e+03 1.962441500000000106e-04
2.804168099999999868e+03 1.963132499999999927e-04
2.804542100000000119e+03 1.963631800000000026e-04
2.804916200000000117e+03 1.964034499999999872e-04
2.805000000000000000e+03 1.964116800000000073e-04
2.805290399999999863e+03 1.964400499999999997e-04
2.805664600000000064e+03 1.964748000000000048e-04
2.806038799999999810e+03 1.965038000000000006e-04
2.806413100000000213e+03 1.965326400000000123e-04
2.806787499999999909e+03 1.965604400000000055e-04
2.807161900000000060e+03 1.965874500000000112e-04
2.807536300000000210e+03 1.966146499999999896e-04
2.807910800000000108e+03 1.966428700000000121e-04
2.808285400000000209e+03 1.966712000000000017e-04
2.808659999999999854e+03 1.966999499999999936e-04
2.809034599999999955e+03 1.967292700000000118e-04
2.809409299999999803e+03 1.967585700000000016e-04
2.809784099999999853e+03 1.967878099999999871e-04
2.810158800000000156e+03 1.968168300000000114e-04
2.810533699999999953e+03 1.968438599999999914e-04
2.810908600000000206e+03 1.968658200000000097e-04
2.811283500000000004e+03 1.968857599999999952e-04
2.811658500000000004e+03 1.968928499999999897e-04
2.812033600000000206e+03 1.968920299999999866e-04
2.812408699999999953e+03 1.968931700000000121e-04
2.812783800000000156e+03 1.969051700000000113e-04
2.815000000000000000e+03 1.967944200000000022e-04
2.825000000000000000e+03 1.934508100000000019e-04
2.835000000000000000e+03 1.905378200000000120e-04
2.845000000000000000e+03 1.892073399999999895e-04
2.855000000000000000e+03 1.897366399999999914e-04
2.865000000000000000e+03 1.916881000000000054e-04
2.875000000000000000e+03 1.930159400000000058e-04
2.885000000000000000e+03 1.944118899999999870e-04
2.895000000000000000e+03 1.958326900000000124e-04
2.910000000000000000e+03 1.990812400000000035e-04
2.930000000000000000e+03 2.012851600000000059e-04
2.950000000000000000e+03 2.036943299999999875e-04
2.970000000000000000e+03 2.066754499999999865e-04
2.990000000000000000e+03 2.095146300000000036e-04
3.010000000000000000e+03 2.123084200000000031e-04
3.030000000000000000e+03 2.150497299999999906e-04
3.050000000000000000e+03 2.177987499999999889e-04
3.070000000000000000e+03 2.206862699999999995e-04
3.090000000000000000e+03 2.236360500000000016e-04
3.100016999999999825e+03 2.248386400000000087e-04
3.100430499999999938e+03 2.248882800000000118e-04
3.100844099999999798e+03 2.249379300000000021e-04
3.101257700000000114e+03 2.249875799999999924e-04
3.101671299999999974e+03 2.250372500000000111e-04
3.102085099999999784e+03 2.250869099999999886e-04
3.102498799999999846e+03 2.251365899999999945e-04
3.102912699999999859e+03 2.251862700000000004e-04
3.103326500000000124e+03 2.252359599999999935e-04
3.103740499999999884e+03 2.252856499999999866e-04
3.104154500000000098e+03 2.253353600000000082e-04
3.104568499999999858e+03 2.253850599999999884e-04
3.104982599999999820e+03 2.254347799999999972e-04
3.105396799999999985e+03 2.254845000000000059e-04
3.105811000000000149e+03 2.255342300000000018e-04
3.106225300000000061e+03 2.255839599999999976e-04
3.106639599999999973e+03 2.256337000000000078e-04
3.107054000000000087e+03 2.256834500000000051e-04
3.107468400000000202e+03 2.257332099999999895e-04
3.107882900000000063e+03 2.257829700000000010e-04
3.108297399999999925e+03 2.258327300000000125e-04
3.108711999999999989e+03 2.258793299999999928e-04
3.109126699999999801e+03 2.259214399999999977e-04
3.109541400000000067e+03 2.259635500000000026e-04
3.109956200000000081e+03 2.260056699999999947e-04
3.110000000000000000e+03 2.260101199999999943e-04
3.110371000000000095e+03 2.260478000000000010e-04
3.110785899999999856e+03 2.260899300000000073e-04
3.111200800000000072e+03 2.261320599999999865e-04
3.111615800000000036e+03 2.261742099999999942e-04
3.112030799999999999e+03 2.262163600000000020e-04
3.112445900000000165e+03 2.262585100000000097e-04
3.112861100000000079e+03 2.263006700000000045e-04
3.113276299999999992e+03 2.263428299999999994e-04
3.113691600000000108e+03 2.263850099999999957e-04
3.114106900000000223e+03 2.264271800000000048e-04
3.114522300000000087e+03 2.264693600000000011e-04
3.114937699999999950e+03 2.265115500000000116e-04
3.115353200000000015e+03 2.265537500000000092e-04
3.115768700000000081e+03 2.265959399999999927e-04
3.116184299999999894e+03 2.266381500000000046e-04
3.116599999999999909e+03 2.266803599999999894e-04
3.117015699999999924e+03 2.267225799999999885e-04
3.117431399999999940e+03 2.267647999999999875e-04
3.117847299999999905e+03 2.268070199999999866e-04
3.118263100000000122e+03 2.268492599999999870e-04
3.118679099999999835e+03 2.268914200000000090e-04
3.119094999999999800e+03 2.269331499999999874e-04
3.119511100000000170e+03 2.269748500000000042e-04
3.119927200000000084e+03 2.270165400000000069e-04
3.120343299999999999e+03 2.270581799999999925e-04
3.130000000000000000e+03 2.280816299999999903e-04
3.150000000000000000e+03 2.307333800000000009e-04
3.170000000000000000e+03 2.330428900000000038e-04
3.190000000000000000e+03 2.354162600000000018e-04
3.210000000000000000e+03 2.402739299999999921e-04
3.230000000000000000e+03 2.408494599999999890e-04
3.250000000000000000e+03 2.436349500000000042e-04
3.270000000000000000e+03 2.464606099999999971e-04
3.290000000000000000e+03 2.490607300000000144e-04
3.310000000000000000e+03 2.516499799999999897e-04
3.330000000000000000e+03 2.544180199999999904e-04
3.332413300000000163e+03 2.546800199999999957e-04
3.332857800000000225e+03 2.547282700000000235e-04
3.333302299999999832e+03 2.547765300000000115e-04
3.333746900000000096e+03 2.548248000000000136e-04
3.334191600000000108e+03 2.548730700000000158e-04
3.334636300000000119e+03 2.549213499999999780e-04
3.335081099999999878e+03 2.549696400000000087e-04
3.335525999999999840e+03 2.550179299999999851e-04
3.335970899999999801e+03 2.550662299999999758e-04
3.336415800000000218e+03 2.551145300000000208e-04
3.336860799999999927e+03 2.551628400000000257e-04
3.337305899999999838e+03 2.552111599999999907e-04
3.337751000000000204e+03 2.552594900000000242e-04
3.338196199999999862e+03 2.553078200000000035e-04
3.338641500000000178e+03 2.553561599999999970e-04
3.339086800000000039e+03 2.554044999999999905e-04
3.339532200000000103e+03 2.554528499999999982e-04
3.339977600000000166e+03 2.555012100000000203e-04
3.340423099999999977e+03 2.555495699999999881e-04
3.340868699999999990e+03 2.555979400000000243e-04
3.341314300000000003e+03 2.556463200000000206e-04
3.341760000000000218e+03 2.556947000000000169e-04
3.342205699999999979e+03 2.557430899999999733e-04
3.342651499999999942e+03 2.557914799999999838e-04
3.343097299999999905e+03 2.558398900000000229e-04
3.343543200000000070e+03 2.558882899999999935e-04
3.343989199999999983e+03 2.559367099999999926e-04
3.344435199999999895e+03 2.559851299999999917e-04
3.344881300000000010e+03 2.560335600000000051e-04
3.345327499999999873e+03 2.560819900000000184e-04
3.345773700000000190e+03 2.561304299999999918e-04
3.346219900000000052e+03 2.561788799999999795e-04
3.346666299999999865e+03 2.562273300000000214e-04
3.347112700000000132e+03 2.562757900000000233e-04
3.347559099999999944e+03 2.563242599999999852e-04
3.348005599999999959e+03 2.563727300000000014e-04
3.348452200000000175e+03 2.564212099999999776e-04
3.348898799999999937e+03 2.564697000000000222e-04
3.349345499999999902e+03 2.565181900000000127e-04
3.349792199999999866e+03 2.565666900000000174e-04
3.350000000000000000e+03 2.565891799999999779e-04
3.350239000000000033e+03 2.566142499999999834e-04
3.350685899999999947e+03 2.566611300000000103e-04
3.351132799999999861e+03 2.567080199999999973e-04
3.351579799999999977e+03 2.567549099999999842e-04
3.352026800000000094e+03 2.568018099999999854e-04
3.352473899999999958e+03 2.568487000000000266e-04
3.352921100000000024e+03 2.568954700000000051e-04
3.353368300000000090e+03 2.569421699999999923e-04
3.353815599999999904e+03 2.569888699999999795e-04
3.354262900000000172e+03 2.570356299999999980e-04
3.370000000000000000e+03 2.580477399999999886e-04
3.390000000000000000e+03 2.606663600000000262e-04
3.410000000000000000e+03 2.634750399999999967e-04
3.430000000000000000e+03 2.638727300000000210e-04
3.450000000000000000e+03 2.625180299999999847e-04
3.470000000000000000e+03 2.641896800000000079e-04
3.490000000000000000e+03 2.676257700000000267e-04
3.510000000000000000e+03 2.696830599999999766e-04
3.530000000000000000e+03 2.719876500000000148e-04
3.550000000000000000e+03 2.749115499999999954e-04
3.570000000000000000e+03 2.766379099999999834e-04
3.590000000000000000e+03 2.794353499999999808e-04
3.601827400000000125e+03 2.805996199999999906e-04
3.602727499999999964e+03 2.806826499999999849e-04
3.603627899999999954e+03 2.807657000000000078e-04
3.604527999999999793e+03 2.808487199999999879e-04
3.605428199999999833e+03 2.809317599999999965e-04
3.606328599999999824e+03 2.810148100000000194e-04
3.607228700000000117e+03 2.810978400000000137e-04
3.608129100000000108e+03 2.811808899999999824e-04
3.609029199999999946e+03 2.812639199999999767e-04
3.609929299999999785e+03 2.813469400000000111e-04
3.610829699999999775e+03 2.814299999999999940e-04
3.611729899999999816e+03 2.815190600000000171e-04
3.612630200000000059e+03 2.816306600000000179e-04
3.613530400000000100e+03 2.817422600000000187e-04
3.614430499999999938e+03 2.818538399999999909e-04
3.615330899999999929e+03 2.819654600000000202e-04
3.616231000000000222e+03 2.820770500000000067e-04
3.617131400000000212e+03 2.821886699999999817e-04
3.618031500000000051e+03 2.823002500000000082e-04
3.618931700000000092e+03 2.824118399999999947e-04
3.619831999999999880e+03 2.825234500000000097e-04
3.620732199999999921e+03 2.826350500000000105e-04
3.621632599999999911e+03 2.827466699999999855e-04
3.622532700000000204e+03 2.828582500000000120e-04
3.623432800000000043e+03 2.829698299999999843e-04
3.624333200000000033e+03 2.825762900000000199e-04
3.625233299999999872e+03 2.813692099999999833e-04
3.626133699999999862e+03 2.815557300000000210e-04
3.627033899999999903e+03 2.817514499999999975e-04
3.627934000000000196e+03 2.816675500000000100e-04
3.628834400000000187e+03 2.812810899999999988e-04
3.629734500000000025e+03 2.807464900000000057e-04
3.630634900000000016e+03 2.802525799999999994e-04
3.631534999999999854e+03 2.798090500000000209e-04
3.632435100000000148e+03 2.793851099999999899e-04
3.633335500000000138e+03 2.790066700000000247e-04
3.634235700000000179e+03 2.785525999999999866e-04
3.635135999999999967e+03 2.776683800000000115e-04
3.636036200000000008e+03 2.760045000000000033e-04
3.636936299999999846e+03 2.737283799999999916e-04
3.637836699999999837e+03 2.721775899999999936e-04
3.638736800000000130e+03 2.680684600000000006e-04
3.639637200000000121e+03 2.653903800000000047e-04
3.640537299999999959e+03 2.616420099999999869e-04
3.641437500000000000e+03 2.566420899999999794e-04
3.642337899999999991e+03 2.511258600000000249e-04
3.643237999999999829e+03 2.465096500000000124e-04
3.644138399999999820e+03 2.432301899999999868e-04
3.645038500000000113e+03 2.399206099999999953e-04
3.645938599999999951e+03 2.364484499999999875e-04
3.646838999999999942e+03 2.334650200000000031e-04
3.647739099999999780e+03 2.309516400000000092e-04
3.648639500000000226e+03 2.287270799999999995e-04
3.649539699999999812e+03 2.265941400000000023e-04
3.650439800000000105e+03 2.240469400000000006e-04
3.651340200000000095e+03 2.216080200000000115e-04
3.652240299999999934e+03 2.192124900000000083e-04
3.653140699999999924e+03 2.173584399999999917e-04
3.654040800000000218e+03 2.151650300000000062e-04
3.654940999999999804e+03 2.128432700000000002e-04
3.655841300000000047e+03 2.105634999999999907e-04
3.656741500000000087e+03 2.086527200000000035e-04
3.657641900000000078e+03 2.067175300000000028e-04
3.658541999999999916e+03 2.046399399999999881e-04
3.659442100000000210e+03 2.025425000000000077e-04
3.660342500000000200e+03 2.005903800000000017e-04
3.661242600000000039e+03 1.987641999999999968e-04
3.662143000000000029e+03 1.969710599999999992e-04
3.663043200000000070e+03 1.954266499999999867e-04
3.663943299999999908e+03 1.939568199999999873e-04
3.664843699999999899e+03 1.927300200000000077e-04
3.665743800000000192e+03 1.914552099999999900e-04
3.666644200000000183e+03 1.904665200000000115e-04
3.667544300000000021e+03 1.898827700000000089e-04
3.668444500000000062e+03 1.895026700000000089e-04
3.669344799999999850e+03 1.894474600000000091e-04
3.670244999999999891e+03 1.894243999999999952e-04
3.671145300000000134e+03 1.893220799999999931e-04
3.672045500000000175e+03 1.892417999999999878e-04
3.672945600000000013e+03 1.892272600000000006e-04
3.673846000000000004e+03 1.892633699999999924e-04
3.674746099999999842e+03 1.893518700000000035e-04
3.675646499999999833e+03 1.894516299999999891e-04
3.676546600000000126e+03 1.894644099999999887e-04
3.677446800000000167e+03 1.895415299999999898e-04
3.678347200000000157e+03 1.897171600000000110e-04
3.679247299999999996e+03 1.900362899999999877e-04
3.680147699999999986e+03 1.903700200000000100e-04
3.681047799999999825e+03 1.904230899999999956e-04
3.681947900000000118e+03 1.903061999999999907e-04
3.682848300000000108e+03 1.904239300000000001e-04
3.683748500000000149e+03 1.907872499999999918e-04
3.684648799999999937e+03 1.912441400000000104e-04
3.685548999999999978e+03 1.918074000000000027e-04
3.686449099999999817e+03 1.923774699999999970e-04
3.687349499999999807e+03 1.928691800000000120e-04
3.688249600000000100e+03 1.934793400000000055e-04
3.689150000000000091e+03 1.942777399999999943e-04
3.690050099999999929e+03 1.949696399999999868e-04
3.690950299999999970e+03 1.955631600000000089e-04
3.691850699999999961e+03 1.961474099999999923e-04
3.692750799999999799e+03 1.967004000000000116e-04
3.693651199999999790e+03 1.972830699999999929e-04
3.694551300000000083e+03 1.978330799999999934e-04
3.695451399999999921e+03 1.982888100000000122e-04
3.696351799999999912e+03 1.987948100000000104e-04
3.697251999999999953e+03 1.993391300000000059e-04
3.698152300000000196e+03 1.996916700000000023e-04
3.699052499999999782e+03 1.997327799999999915e-04
3.699952600000000075e+03 1.996649700000000048e-04
3.700853000000000065e+03 1.997793599999999974e-04
3.701753099999999904e+03 2.000166600000000095e-04
3.702653499999999894e+03 2.002272100000000070e-04
3.703553600000000188e+03 2.004828700000000025e-04
3.704453799999999774e+03 2.008858700000000052e-04
3.705354100000000017e+03 2.014665099999999936e-04
3.706254300000000057e+03 2.019315000000000096e-04
3.707154700000000048e+03 2.022193899999999965e-04
3.708054799999999886e+03 2.025878000000000054e-04
3.708954900000000180e+03 2.030558000000000016e-04
3.709855300000000170e+03 2.040073799999999997e-04
3.710601500000000215e+03 2.050349600000000018e-04
3.710755400000000009e+03 2.052185900000000134e-04
3.711096500000000106e+03 2.056256300000000006e-04
3.711591399999999794e+03 2.063793599999999952e-04
3.711655799999999999e+03 2.064904000000000110e-04
3.712086499999999887e+03 2.072333900000000132e-04
3.712556000000000040e+03 2.080458700000000112e-04
3.712581599999999980e+03 2.080901899999999945e-04
3.713076799999999821e+03 2.089478100000000062e-04
3.713456099999999878e+03 2.098447399999999895e-04
3.713572000000000116e+03 2.101227299999999885e-04
3.714067300000000159e+03 2.114277400000000046e-04
3.714356499999999869e+03 2.126382000000000066e-04
3.714562699999999950e+03 2.135012999999999950e-04
3.715058100000000195e+03 2.161733499999999892e-04
3.715256600000000162e+03 2.177911799999999879e-04
3.715553600000000188e+03 2.202126499999999896e-04
3.716049199999999928e+03 2.256637799999999978e-04
3.716157000000000153e+03 2.271866299999999929e-04
3.716544899999999870e+03 2.326666999999999928e-04
3.717040599999999813e+03 2.408467399999999884e-04
3.717057099999999991e+03 2.411407899999999996e-04
3.717536300000000210e+03 2.496627099999999778e-04
3.717957300000000032e+03 2.591420499999999832e-04
3.718032200000000103e+03 2.609214799999999839e-04
3.718528099999999995e+03 2.727070000000000167e-04
3.718857599999999820e+03 2.913100700000000195e-04
3.719023999999999887e+03 3.007372600000000223e-04
3.719520100000000184e+03 3.325684300000000078e-04
3.719757799999999861e+03 3.565358100000000168e-04
3.720016200000000026e+03 3.825872800000000074e-04
3.720512400000000071e+03 4.438203500000000002e-04
3.720658199999999852e+03 4.680759499999999785e-04
3.721008600000000115e+03 5.263495599999999967e-04
3.721504899999999907e+03 6.179829799999999804e-04
3.721558300000000145e+03 6.287473899999999893e-04
3.722001299999999901e+03 7.180235299999999758e-04
3.722458399999999983e+03 8.538313100000000534e-04
3.722497699999999895e+03 8.673563599999999790e-04
3.722994200000000092e+03 1.038265299999999907e-03
3.723358799999999974e+03 1.143448000000000034e-03
3.723490800000000036e+03 1.179950799999999978e-03
3.723987399999999980e+03 1.322365199999999893e-03
3.724258899999999812e+03 1.454952600000000013e-03
3.724484100000000126e+03 1.564917699999999893e-03
3.724980900000000020e+03 1.789915499999999949e-03
3.725159299999999803e+03 1.848892800000000039e-03
3.725477699999999913e+03 1.954117400000000143e-03
3.725974600000000009e+03 2.089496699999999953e-03
3.726059499999999844e+03 2.105294599999999947e-03
3.726471500000000106e+03 2.181945700000000044e-03
3.726959600000000137e+03 2.261218699999999974e-03
3.726968600000000151e+03 2.262517099999999948e-03
3.727465700000000197e+03 2.334471800000000128e-03
3.727860000000000127e+03 2.324684400000000175e-03
3.727962799999999788e+03 2.314453900000000043e-03
3.728460099999999784e+03 2.264983899999999800e-03
3.728760099999999966e+03 2.130602000000000103e-03
3.728957399999999780e+03 2.034120800000000211e-03
3.729454699999999775e+03 1.782848700000000093e-03
3.729660499999999956e+03 1.653358499999999908e-03
3.729952099999999973e+03 1.469848499999999898e-03
3.730449599999999919e+03 1.178841500000000087e-03
3.730560599999999795e+03 1.125706399999999892e-03
3.730947200000000066e+03 9.405940399999999490e-04
3.731444800000000214e+03 7.331831600000000013e-04
3.731460799999999836e+03 7.276191200000000497e-04
3.731942500000000109e+03 5.599174599999999502e-04
3.732361100000000079e+03 4.511907799999999953e-04
3.732440300000000207e+03 4.355044200000000258e-04
3.732938099999999849e+03 3.432219600000000121e-04
3.733261300000000119e+03 3.139485600000000223e-04
3.733436000000000149e+03 2.993373600000000224e-04
3.733933899999999994e+03 2.611898699999999889e-04
3.734161700000000110e+03 2.550551399999999996e-04
3.734431999999999789e+03 2.477753200000000142e-04
3.734930100000000039e+03 2.356784399999999925e-04
3.735061799999999948e+03 2.341082099999999898e-04
3.735428199999999833e+03 2.297408600000000120e-04
3.735926399999999830e+03 2.243355900000000135e-04
3.735961899999999787e+03 2.240784299999999945e-04
3.736424700000000030e+03 2.207219700000000032e-04
3.736862299999999777e+03 2.177865000000000128e-04
3.736923099999999977e+03 2.175262300000000066e-04
3.737421499999999924e+03 2.153921300000000095e-04
3.737762400000000071e+03 2.141060399999999888e-04
3.737920000000000073e+03 2.136863299999999962e-04
3.738418599999999969e+03 2.128255300000000060e-04
3.738662800000000061e+03 2.124792300000000124e-04
3.738917199999999866e+03 2.121899600000000104e-04
3.739415899999999965e+03 2.119074299999999919e-04
3.739563000000000102e+03 2.118284299999999949e-04
3.739914600000000064e+03 2.116450800000000028e-04
3.740413399999999911e+03 2.114123999999999886e-04
3.740463099999999940e+03 2.113880799999999949e-04
3.740912299999999959e+03 2.111643999999999869e-04
3.741363499999999931e+03 2.109217499999999936e-04
3.741411300000000210e+03 2.108974999999999912e-04
3.741910300000000007e+03 2.106475799999999907e-04
3.742263600000000224e+03 2.104845199999999951e-04
3.743164000000000215e+03 2.097257200000000117e-04
3.744064100000000053e+03 2.089294899999999985e-04
3.744964300000000094e+03 2.082221599999999973e-04
3.745864599999999882e+03 2.076377099999999999e-04
3.746764799999999923e+03 2.074524099999999933e-04
3.747665199999999913e+03 2.077909399999999991e-04
3.748565300000000207e+03 2.088931700000000056e-04
3.749465400000000045e+03 2.096188000000000131e-04
3.750365800000000036e+03 2.112852000000000079e-04
3.751265899999999874e+03 2.125421400000000087e-04
3.752166299999999865e+03 2.136994299999999910e-04
3.753066499999999905e+03 2.140602000000000075e-04
3.753966600000000199e+03 2.143974300000000036e-04
3.754867000000000189e+03 2.143128699999999971e-04
3.755767100000000028e+03 2.144893399999999958e-04
3.756667500000000018e+03 2.150890100000000008e-04
3.757567599999999857e+03 2.153563700000000016e-04
3.758467799999999897e+03 2.153468100000000105e-04
3.759368100000000140e+03 2.154501999999999925e-04
3.760268300000000181e+03 2.150749400000000059e-04
3.761168700000000172e+03 2.146540300000000106e-04
3.762068800000000010e+03 2.140105800000000058e-04
3.762968899999999849e+03 2.133013300000000058e-04
3.763869299999999839e+03 2.131216500000000129e-04
3.764769400000000132e+03 2.125667199999999935e-04
3.765669800000000123e+03 2.117306399999999980e-04
3.766570000000000164e+03 2.110480000000000027e-04
3.767470100000000002e+03 2.104753099999999877e-04
3.768370499999999993e+03 2.106135199999999933e-04
3.769270599999999831e+03 2.115442100000000073e-04
3.770170999999999822e+03 2.129271300000000120e-04
3.771071100000000115e+03 2.141177700000000098e-04
3.771971300000000156e+03 2.147008500000000062e-04
3.772871599999999944e+03 2.156920199999999956e-04
3.773771799999999985e+03 2.164867100000000095e-04
3.774672199999999975e+03 2.175341299999999901e-04
3.775572299999999814e+03 2.179764199999999902e-04
3.776472400000000107e+03 2.190128700000000029e-04
3.777372800000000097e+03 2.195968300000000067e-04
3.778272899999999936e+03 2.203324699999999962e-04
3.779173299999999927e+03 2.211001599999999916e-04
3.780073499999999967e+03 2.219804900000000062e-04
3.780973599999999806e+03 2.223023200000000092e-04
3.781873999999999796e+03 2.223177099999999881e-04
3.782774100000000089e+03 2.221981599999999868e-04
3.783674500000000080e+03 2.218594600000000098e-04
3.784574599999999919e+03 2.214296100000000126e-04
3.785474799999999959e+03 2.215389899999999936e-04
3.786375100000000202e+03 2.227075600000000060e-04
3.786590799999999945e+03 2.228884499999999886e-04
3.787095800000000054e+03 2.231545100000000069e-04
3.787275299999999788e+03 2.232490700000000082e-04
3.787600899999999911e+03 2.240385099999999937e-04
3.788106099999999969e+03 2.255897399999999954e-04
3.788175699999999779e+03 2.258034699999999985e-04
3.788611300000000028e+03 2.271388599999999986e-04
3.789075800000000072e+03 2.285619300000000067e-04
3.789116700000000037e+03 2.286871199999999959e-04
3.789621999999999844e+03 2.294867500000000030e-04
3.789975899999999911e+03 2.299855199999999969e-04
3.790127500000000055e+03 2.305940299999999969e-04
3.790632999999999811e+03 2.351033499999999994e-04
3.790876299999999901e+03 2.372735599999999882e-04
3.791138600000000224e+03 2.400734999999999978e-04
3.791644200000000183e+03 2.460580999999999879e-04
3.791776499999999942e+03 2.476233799999999832e-04
3.792150000000000091e+03 2.547507599999999841e-04
3.792655799999999999e+03 2.659287600000000184e-04
3.792676800000000185e+03 2.663939100000000185e-04
3.793161599999999908e+03 2.759565800000000121e-04
3.793577000000000226e+03 2.838424200000000267e-04
3.793667500000000018e+03 2.855610299999999740e-04
3.794173499999999876e+03 3.013119800000000031e-04
3.794477100000000064e+03 3.109945299999999804e-04
3.794679599999999937e+03 3.177736099999999833e-04
3.795185699999999997e+03 3.360430400000000107e-04
3.795377500000000055e+03 3.429664000000000237e-04
3.795691899999999805e+03 3.531795199999999968e-04
3.796198199999999815e+03 3.683138900000000170e-04
3.796277599999999893e+03 3.706889800000000268e-04
3.796704499999999825e+03 3.814047499999999942e-04
3.797177999999999884e+03 3.922209800000000233e-04
3.797210900000000038e+03 3.929718500000000075e-04
3.797717299999999796e+03 3.945347199999999833e-04
3.798078100000000177e+03 3.936851200000000177e-04
3.798223899999999958e+03 3.933418499999999786e-04
3.798730500000000120e+03 3.713499899999999861e-04
3.798978300000000218e+03 3.605533200000000243e-04
3.799237099999999828e+03 3.482729699999999751e-04
3.799743899999999940e+03 3.213881400000000166e-04
3.799878700000000208e+03 3.142339900000000268e-04
3.800250700000000052e+03 2.986534399999999918e-04
3.800757500000000164e+03 2.816171900000000107e-04
3.800778800000000047e+03 2.809020799999999802e-04
3.801264500000000226e+03 2.684592600000000173e-04
3.801679200000000037e+03 2.595189199999999876e-04
3.801771499999999833e+03 2.575300999999999892e-04
3.802278499999999894e+03 2.506297700000000017e-04
3.802579299999999876e+03 2.469640499999999788e-04
3.802785699999999906e+03 2.446152000000000157e-04
3.803292899999999918e+03 2.410925500000000131e-04
3.803479400000000169e+03 2.397970900000000009e-04
3.803800099999999929e+03 2.374046900000000135e-04
3.804307499999999891e+03 2.332870599999999951e-04
3.804379800000000159e+03 2.327001600000000025e-04
3.804814899999999852e+03 2.302967800000000058e-04
3.805280000000000200e+03 2.286232499999999866e-04
3.805322400000000016e+03 2.284707900000000006e-04
3.805829900000000180e+03 2.278540900000000104e-04
3.806180299999999988e+03 2.277733000000000101e-04
3.806337500000000091e+03 2.277370500000000086e-04
3.806845200000000204e+03 2.276481400000000095e-04
3.807080500000000029e+03 2.276080199999999947e-04
3.807353000000000065e+03 2.275347399999999912e-04
3.807860799999999927e+03 2.272560299999999960e-04
3.807980599999999868e+03 2.271902599999999894e-04
3.808368599999999788e+03 2.269804200000000009e-04
3.808876600000000053e+03 2.267104299999999923e-04
3.808880999999999858e+03 2.267080899999999912e-04
3.809384599999999864e+03 2.264768699999999979e-04
3.809781100000000151e+03 2.263832900000000109e-04
3.809892699999999877e+03 2.263703099999999973e-04
3.810400900000000092e+03 2.263163499999999901e-04
3.810681500000000142e+03 2.262047899999999922e-04
3.810909099999999853e+03 2.261007300000000039e-04
3.811417399999999816e+03 2.258080200000000051e-04
3.811581599999999980e+03 2.257179199999999905e-04
3.812481800000000021e+03 2.252226299999999961e-04
3.813382200000000012e+03 2.246517300000000115e-04
3.814282299999999850e+03 2.241454299999999923e-04
3.815182699999999841e+03 2.235194100000000006e-04
3.816082800000000134e+03 2.230470099999999948e-04
3.816983000000000175e+03 2.226585799999999948e-04
3.817883299999999963e+03 2.221598100000000010e-04
3.818783500000000004e+03 2.217249299999999907e-04
3.819683799999999792e+03 2.212917499999999908e-04
3.820583999999999833e+03 2.208964599999999989e-04
3.821484100000000126e+03 2.206186399999999982e-04
3.822384500000000116e+03 2.201729199999999886e-04
3.823284599999999955e+03 2.199304199999999921e-04
3.824146600000000035e+03 2.206974499999999955e-04
3.824184999999999945e+03 2.207199200000000089e-04
3.824656700000000001e+03 2.210171200000000100e-04
3.825085199999999986e+03 2.213954399999999939e-04
3.825166799999999967e+03 2.217550799999999992e-04
3.825677000000000135e+03 2.241551600000000089e-04
3.825985299999999825e+03 2.255442400000000108e-04
3.826187199999999848e+03 2.263710499999999949e-04
3.826697599999999966e+03 2.281595899999999959e-04
3.826885699999999815e+03 2.289420999999999980e-04
3.827208000000000084e+03 2.304354699999999908e-04
3.827718400000000202e+03 2.339240100000000060e-04
3.827785800000000108e+03 2.346305699999999940e-04
3.828228999999999814e+03 2.403699199999999986e-04
3.828686200000000099e+03 2.494242199999999773e-04
3.828739599999999882e+03 2.504852999999999919e-04
3.829250199999999950e+03 2.607090499999999904e-04
3.829586299999999937e+03 2.674908100000000181e-04
3.829760999999999967e+03 2.710823800000000173e-04
3.830271799999999985e+03 2.855353800000000092e-04
3.830486499999999978e+03 2.923313400000000003e-04
3.830782600000000002e+03 3.017028200000000226e-04
3.831293599999999969e+03 3.145146799999999979e-04
3.831386800000000221e+03 3.167183699999999978e-04
3.831804599999999937e+03 3.289754799999999933e-04
3.832286999999999807e+03 3.571667600000000145e-04
3.832315599999999904e+03 3.590848199999999960e-04
3.832826799999999821e+03 3.927484700000000205e-04
3.833187399999999798e+03 4.141889900000000142e-04
3.833338000000000193e+03 4.230651299999999980e-04
3.833849299999999857e+03 4.504130200000000138e-04
3.834087500000000091e+03 4.563054600000000078e-04
3.834360599999999977e+03 4.630112500000000200e-04
3.834871999999999844e+03 4.734280799999999729e-04
3.834987599999999929e+03 4.756900199999999955e-04
3.835383499999999913e+03 4.816635899999999865e-04
3.835887999999999920e+03 4.581449900000000115e-04
3.835895100000000184e+03 4.578150200000000083e-04
3.836406700000000001e+03 4.286143000000000071e-04
3.836788100000000213e+03 3.966860500000000066e-04
3.836918400000000020e+03 3.857794199999999962e-04
3.837430100000000039e+03 3.497377599999999744e-04
3.837688500000000204e+03 3.348105400000000119e-04
3.837942000000000007e+03 3.201658199999999981e-04
3.838453899999999976e+03 2.994242200000000000e-04
3.838588699999999790e+03 2.947677800000000057e-04
3.838965799999999945e+03 2.817445100000000270e-04
3.839477899999999863e+03 2.667131699999999907e-04
3.839488800000000083e+03 2.663933000000000165e-04
3.839989900000000034e+03 2.534857099999999986e-04
3.840389200000000073e+03 2.484120299999999812e-04
3.840502100000000155e+03 2.469770999999999837e-04
3.841014400000000023e+03 2.415178900000000066e-04
3.841289299999999912e+03 2.393144199999999949e-04
3.841526699999999892e+03 2.374122599999999874e-04
3.842039000000000215e+03 2.338071099999999868e-04
3.842189699999999903e+03 2.328197900000000093e-04
3.842551500000000033e+03 2.304492999999999960e-04
3.843063999999999851e+03 2.285703799999999879e-04
3.843089800000000196e+03 2.284838299999999913e-04
3.843576500000000124e+03 2.271173900000000010e-04
3.843989999999999782e+03 2.273167499999999882e-04
3.844089199999999892e+03 2.273645799999999867e-04
3.844601900000000114e+03 2.276085400000000039e-04
3.844890400000000227e+03 2.277426600000000080e-04
3.845114700000000084e+03 2.278469299999999974e-04
3.845627500000000055e+03 2.281080899999999982e-04
3.845790500000000065e+03 2.281958500000000117e-04
3.846140499999999975e+03 2.283843200000000096e-04
3.846653400000000147e+03 2.285181799999999955e-04
3.846690900000000056e+03 2.285259199999999948e-04
3.847166499999999814e+03 2.286294899999999895e-04
3.847590999999999894e+03 2.288163600000000110e-04
3.847679599999999937e+03 2.288786499999999910e-04
3.848192799999999806e+03 2.292374800000000074e-04
3.848491100000000188e+03 2.293564800000000108e-04
3.848706099999999878e+03 2.294229100000000094e-04
3.849219399999999951e+03 2.294951899999999971e-04
3.849391500000000178e+03 2.295189399999999916e-04
3.850291700000000219e+03 2.296213499999999864e-04
3.851192000000000007e+03 2.295664299999999934e-04
3.852092200000000048e+03 2.294565199999999889e-04
3.852992299999999886e+03 2.298597899999999970e-04
3.853892699999999877e+03 2.306178999999999998e-04
3.854792800000000170e+03 2.312635600000000102e-04
3.855693200000000161e+03 2.323077499999999952e-04
3.856593299999999999e+03 2.346594399999999943e-04
3.857442000000000007e+03 2.367185400000000031e-04
3.857493500000000040e+03 2.367730599999999953e-04
3.857956499999999778e+03 2.372628300000000101e-04
3.858393900000000031e+03 2.391734699999999874e-04
3.858471000000000004e+03 2.395653400000000112e-04
3.858985700000000179e+03 2.432447399999999882e-04
3.859293999999999869e+03 2.491589400000000136e-04
3.859500300000000152e+03 2.533555099999999977e-04
3.860015100000000075e+03 2.654503899999999879e-04
3.860194399999999860e+03 2.708585300000000110e-04
3.860530000000000200e+03 2.810238099999999985e-04
3.861044899999999870e+03 2.992833299999999967e-04
3.861094500000000153e+03 3.020197199999999924e-04
3.861559799999999996e+03 3.276704200000000143e-04
3.861994700000000194e+03 3.604315600000000176e-04
3.862074900000000071e+03 3.729007300000000214e-04
3.862590000000000146e+03 4.576515100000000218e-04
3.862894999999999982e+03 5.163498599999999644e-04
3.863105199999999968e+03 5.627581499999999510e-04
3.863620399999999790e+03 7.014637499999999736e-04
3.863795200000000023e+03 7.460046700000000147e-04
3.864135699999999815e+03 8.308681100000000087e-04
3.864651100000000042e+03 9.692385000000000410e-04
3.864695600000000013e+03 9.913389600000000954e-04
3.865166600000000017e+03 1.244210799999999990e-03
3.865595699999999852e+03 1.564995100000000049e-03
3.865682099999999991e+03 1.629758100000000065e-03
3.866197700000000168e+03 2.016519300000000139e-03
3.866495800000000145e+03 2.240495800000000173e-03
3.866713299999999890e+03 2.373761099999999874e-03
3.867229100000000017e+03 2.523713800000000184e-03
3.867396200000000135e+03 2.552816299999999955e-03
3.867744900000000143e+03 2.615734599999999972e-03
3.868260699999999815e+03 2.723208500000000136e-03
3.868296299999999974e+03 2.730743299999999988e-03
3.868776699999999892e+03 2.771933099999999896e-03
3.869196699999999964e+03 2.516567400000000072e-03
3.869292699999999968e+03 2.456367599999999870e-03
3.869808799999999792e+03 2.119239699999999997e-03
3.870096900000000005e+03 1.894003700000000028e-03
3.870324900000000071e+03 1.716734599999999913e-03
3.870841100000000097e+03 1.346110400000000108e-03
3.870996999999999844e+03 1.251201599999999950e-03
3.871357399999999870e+03 1.031791000000000002e-03
3.871873700000000099e+03 8.165422600000000076e-04
3.871897399999999834e+03 8.112135900000000009e-04
3.872390199999999822e+03 7.002461400000000542e-04
3.872797500000000127e+03 6.030129299999999627e-04
3.872906599999999798e+03 5.764958199999999783e-04
3.873423200000000179e+03 4.546464699999999757e-04
3.873697900000000118e+03 4.216383900000000178e-04
3.873939800000000105e+03 3.925692999999999956e-04
3.874456499999999778e+03 3.375195599999999767e-04
3.874597999999999956e+03 3.268446199999999790e-04
3.874973300000000108e+03 2.985303700000000154e-04
3.875490099999999984e+03 2.707908600000000069e-04
3.875498199999999997e+03 2.704994700000000192e-04
3.876007000000000062e+03 2.521787400000000080e-04
3.876398499999999785e+03 2.452962100000000189e-04
3.876523999999999887e+03 2.439185099999999998e-04
3.877041000000000167e+03 2.384224100000000035e-04
3.877298699999999826e+03 2.374608899999999876e-04
3.877558100000000195e+03 2.364928999999999935e-04
3.878075299999999970e+03 2.348716599999999867e-04
3.878199099999999817e+03 2.346581700000000003e-04
3.878592500000000200e+03 2.339796899999999980e-04
3.879099200000000110e+03 2.342994300000000038e-04
3.879109899999999925e+03 2.343278399999999990e-04
3.879627199999999903e+03 2.357070799999999903e-04
3.879999299999999948e+03 2.392647000000000133e-04
3.880144699999999830e+03 2.410523400000000056e-04
3.880662200000000212e+03 2.482548100000000145e-04
3.880899699999999939e+03 2.538115800000000132e-04
3.881179799999999886e+03 2.603009300000000089e-04
3.881697500000000218e+03 2.718522700000000039e-04
3.881799899999999980e+03 2.740815499999999915e-04
3.882215200000000095e+03 2.837679000000000178e-04
3.882700200000000223e+03 3.004010699999999905e-04
3.882733000000000175e+03 3.016463799999999774e-04
3.883250799999999799e+03 3.231432799999999850e-04
3.883600399999999809e+03 3.495999900000000267e-04
3.883768799999999828e+03 3.633230799999999827e-04
3.884286799999999857e+03 4.062606099999999782e-04
3.884500500000000102e+03 4.261962299999999993e-04
3.884804900000000089e+03 4.545869199999999976e-04
3.885322999999999865e+03 5.124054799999999904e-04
3.885400900000000092e+03 5.254767000000000032e-04
3.885841199999999844e+03 5.993571699999999860e-04
3.886300999999999931e+03 6.757896599999999553e-04
3.886359500000000025e+03 6.852939200000000234e-04
3.886877800000000207e+03 7.695228100000000388e-04
3.887201399999999921e+03 8.133874900000000446e-04
3.887396299999999883e+03 8.349323399999999777e-04
3.887914699999999812e+03 8.810128799999999809e-04
3.888101500000000215e+03 8.936746599999999740e-04
3.888433300000000145e+03 9.146738899999999834e-04
3.888951900000000023e+03 9.258597999999999611e-04
3.889001699999999801e+03 9.192292400000000481e-04
3.889470600000000104e+03 8.481736200000000421e-04
3.889902099999999791e+03 7.417747700000000164e-04
3.889989399999999932e+03 7.223886800000000165e-04
3.890508200000000215e+03 6.098204700000000320e-04
3.890802200000000084e+03 5.484588500000000047e-04
3.891027099999999791e+03 5.074586099999999671e-04
3.891546100000000024e+03 4.407151600000000090e-04
3.891702600000000075e+03 4.221061700000000257e-04
3.892065099999999802e+03 3.812256299999999863e-04
3.892584199999999782e+03 3.352280099999999834e-04
3.892602699999999913e+03 3.336934100000000201e-04
3.893103399999999965e+03 2.950847599999999811e-04
3.893502899999999954e+03 2.778068199999999925e-04
3.893622699999999895e+03 2.731994799999999906e-04
3.894141999999999825e+03 2.562107299999999985e-04
3.894403200000000197e+03 2.522205299999999905e-04
3.894661399999999958e+03 2.484732600000000226e-04
3.895180800000000090e+03 2.421762799999999994e-04
3.895303399999999783e+03 2.410932100000000051e-04
3.895700400000000172e+03 2.376393599999999907e-04
3.896203799999999774e+03 2.337205100000000002e-04
3.896219999999999800e+03 2.336056899999999911e-04
3.896739599999999882e+03 2.300369399999999890e-04
3.897103900000000067e+03 2.284983700000000055e-04
3.897259300000000167e+03 2.280759599999999867e-04
3.897779199999999946e+03 2.267221999999999890e-04
3.898003999999999905e+03 2.266031699999999970e-04
3.898298999999999978e+03 2.266219700000000111e-04
3.898818999999999960e+03 2.266550099999999914e-04
3.898904399999999896e+03 2.266603500000000126e-04
3.899338999999999942e+03 2.266875200000000024e-04
3.899804500000000189e+03 2.267252400000000119e-04
3.899859100000000126e+03 2.267367099999999876e-04
3.900379199999999855e+03 2.268460899999999957e-04
3.900704900000000180e+03 2.269275500000000022e-04
3.900899399999999787e+03 2.269960699999999979e-04
3.901419699999999921e+03 2.272206400000000004e-04
3.901605100000000220e+03 2.273107399999999879e-04
3.901940099999999802e+03 2.274868499999999885e-04
3.902460500000000138e+03 2.278076800000000028e-04
3.902505200000000059e+03 2.278407400000000116e-04
3.902981000000000222e+03 2.282045000000000070e-04
3.903405600000000049e+03 2.285851799999999933e-04
3.904305699999999888e+03 2.299394199999999974e-04
3.905206099999999878e+03 2.305467499999999963e-04
3.906106200000000172e+03 2.311256299999999971e-04
3.907006400000000212e+03 2.317179899999999922e-04
3.907906800000000203e+03 2.319831399999999874e-04
3.908806900000000041e+03 2.320996299999999915e-04
3.909707300000000032e+03 2.321466099999999983e-04
3.910607399999999870e+03 2.322481200000000114e-04
3.911507500000000164e+03 2.324512799999999934e-04
3.912407900000000154e+03 2.322962799999999924e-04
3.913308100000000195e+03 2.318671400000000041e-04
3.914208399999999983e+03 2.314683100000000085e-04
3.915108600000000024e+03 2.310568300000000088e-04
3.916008699999999862e+03 2.309705699999999918e-04
3.916909099999999853e+03 2.307838699999999958e-04
3.917809200000000146e+03 2.305349700000000124e-04
3.918709600000000137e+03 2.303934599999999929e-04
3.919609800000000178e+03 2.300633799999999955e-04
3.920509900000000016e+03 2.296126900000000041e-04
3.921410300000000007e+03 2.292387200000000128e-04
3.922310399999999845e+03 2.287929399999999989e-04
3.923210799999999836e+03 2.285361499999999922e-04
3.924110900000000129e+03 2.282804899999999967e-04
3.925011100000000170e+03 2.279714100000000048e-04
3.925911399999999958e+03 2.274843799999999919e-04
3.926811599999999999e+03 2.267338999999999943e-04
3.927711999999999989e+03 2.257866899999999902e-04
3.928612099999999828e+03 2.248459299999999901e-04
3.929512200000000121e+03 2.237363600000000122e-04
3.930412600000000111e+03 2.232355799999999996e-04
3.931312800000000152e+03 2.232548199999999903e-04
3.932213099999999940e+03 2.231526199999999966e-04
3.933113299999999981e+03 2.235917200000000040e-04
3.934013399999999820e+03 2.246951600000000003e-04
3.934913799999999810e+03 2.254822800000000132e-04
3.935813900000000103e+03 2.261315200000000030e-04
3.936714300000000094e+03 2.267529599999999995e-04
3.937614399999999932e+03 2.263111100000000030e-04
3.938514599999999973e+03 2.268882200000000020e-04
3.939414999999999964e+03 2.274002000000000120e-04
3.940315099999999802e+03 2.280678599999999892e-04
3.941215499999999793e+03 2.286581600000000029e-04
3.942115600000000086e+03 2.289077099999999910e-04
3.943015800000000127e+03 2.295521499999999973e-04
3.943916099999999915e+03 2.298730900000000058e-04
3.944816299999999956e+03 2.301111099999999870e-04
3.945716699999999946e+03 2.300897300000000092e-04
3.946616799999999785e+03 2.300202200000000120e-04
3.947516900000000078e+03 2.301194999999999912e-04
3.948417300000000068e+03 2.301077499999999959e-04
3.949317399999999907e+03 2.299567100000000008e-04
3.950217799999999897e+03 2.294357100000000104e-04
3.951117999999999938e+03 2.291118699999999887e-04
3.952018099999999777e+03 2.289847399999999993e-04
3.952918500000000222e+03 2.284327899999999986e-04
3.953818600000000060e+03 2.280644100000000054e-04
3.954719000000000051e+03 2.287349200000000058e-04
3.955382599999999911e+03 2.292815800000000024e-04
3.955619099999999889e+03 2.294599499999999985e-04
3.955910199999999804e+03 2.298819500000000022e-04
3.956437800000000152e+03 2.313087699999999880e-04
3.956519299999999930e+03 2.315291300000000077e-04
3.956965499999999793e+03 2.327217799999999970e-04
3.957419699999999921e+03 2.339249299999999890e-04
3.957493300000000090e+03 2.341198200000000024e-04
3.958021099999999933e+03 2.357894099999999899e-04
3.958319800000000214e+03 2.367814499999999994e-04
3.958548999999999978e+03 2.377332800000000015e-04
3.959077000000000226e+03 2.433973200000000097e-04
3.959220200000000204e+03 2.449336899999999748e-04
3.959605000000000018e+03 2.505893800000000087e-04
3.960120300000000043e+03 2.605821300000000021e-04
3.960133100000000013e+03 2.608312899999999765e-04
3.960661300000000210e+03 2.800429700000000134e-04
3.961020500000000084e+03 2.968665700000000128e-04
3.961189600000000155e+03 3.047869000000000142e-04
3.961717900000000100e+03 3.455936799999999895e-04
3.961920799999999872e+03 3.619155500000000047e-04
3.962246299999999792e+03 3.918739799999999807e-04
3.962774800000000141e+03 4.541919799999999895e-04
3.962820999999999913e+03 4.596419200000000094e-04
3.963303300000000036e+03 5.380490599999999480e-04
3.963721399999999903e+03 6.230938700000000123e-04
3.963831900000000132e+03 6.455779399999999734e-04
3.964360599999999977e+03 7.532746400000000023e-04
3.964621500000000196e+03 8.064435999999999913e-04
3.964889400000000023e+03 8.651654800000000214e-04
3.965418200000000070e+03 1.055189100000000031e-03
3.965521600000000035e+03 1.092351099999999903e-03
3.965947099999999864e+03 1.230299800000000075e-03
3.966422000000000025e+03 1.361274200000000059e-03
3.966476000000000113e+03 1.376175500000000052e-03
3.967005099999999857e+03 1.464953800000000014e-03
3.967322099999999864e+03 1.497705999999999907e-03
3.967534200000000055e+03 1.519614299999999963e-03
3.968063299999999799e+03 1.550708700000000056e-03
3.968222499999999854e+03 1.559395000000000095e-03
3.968592599999999948e+03 1.545902499999999994e-03
3.969121900000000096e+03 1.408729500000000011e-03
3.969122699999999895e+03 1.408521999999999942e-03
3.969651299999999992e+03 1.260939599999999971e-03
3.970022800000000188e+03 1.149532599999999972e-03
3.970180699999999888e+03 1.102171000000000097e-03
3.970710300000000188e+03 9.334797400000000500e-04
3.970923200000000179e+03 8.645313200000000024e-04
3.971239900000000034e+03 7.646953399999999656e-04
3.971769499999999880e+03 6.309591200000000096e-04
3.971823300000000017e+03 6.173826499999999834e-04
3.972299300000000130e+03 5.142221400000000341e-04
3.972723700000000008e+03 4.447798099999999803e-04
3.972829099999999926e+03 4.275389400000000235e-04
3.973358999999999924e+03 3.661277099999999817e-04
3.973623799999999846e+03 3.421686100000000097e-04
3.973888899999999921e+03 3.181859100000000132e-04
3.974418900000000122e+03 2.930620000000000208e-04
3.974523999999999887e+03 2.883547099999999794e-04
3.974949000000000069e+03 2.712043399999999839e-04
3.975424399999999878e+03 2.571361199999999941e-04
3.975479200000000219e+03 2.555150100000000099e-04
3.976009399999999914e+03 2.449512799999999991e-04
3.976324500000000171e+03 2.414134600000000059e-04
3.976539699999999812e+03 2.389970199999999901e-04
3.977070099999999911e+03 2.351795899999999931e-04
3.977224900000000162e+03 2.342037300000000041e-04
3.977600500000000011e+03 2.319859100000000050e-04
3.978125000000000000e+03 2.300127699999999923e-04
3.978130999999999858e+03 2.299900200000000135e-04
3.978661599999999908e+03 2.280867200000000075e-04
3.979025200000000041e+03 2.268764399999999911e-04
3.979192300000000159e+03 2.264091599999999910e-04
3.979722999999999956e+03 2.263864499999999880e-04
3.979925499999999829e+03 2.265653399999999933e-04
3.980253799999999956e+03 2.268550600000000133e-04
3.980784700000000157e+03 2.269306700000000036e-04
3.980825699999999870e+03 2.269362499999999874e-04
3.981315599999999904e+03 2.270668699999999905e-04
3.981726099999999860e+03 2.274222200000000074e-04
3.981846599999999853e+03 2.275265700000000024e-04
3.982377700000000004e+03 2.278566700000000012e-04
3.982626200000000154e+03 2.278925699999999918e-04
3.982908899999999903e+03 2.279334199999999899e-04
3.983440099999999802e+03 2.282151100000000038e-04
3.983526299999999992e+03 2.282924899999999959e-04
3.983971399999999903e+03 2.286958699999999981e-04
3.984426699999999983e+03 2.291273899999999903e-04
3.985326799999999821e+03 2.298226200000000124e-04
3.986227199999999812e+03 2.301527299999999983e-04
3.987127399999999852e+03 2.307263300000000092e-04
3.988027500000000146e+03 2.314391799999999900e-04
3.988927900000000136e+03 2.318563000000000048e-04
3.989827999999999975e+03 2.320110799999999904e-04
3.990728399999999965e+03 2.321167200000000079e-04
3.991628499999999804e+03 2.321480899999999934e-04
3.992528699999999844e+03 2.322519000000000048e-04
3.993429099999999835e+03 2.323994500000000133e-04
3.994329200000000128e+03 2.325509600000000006e-04
3.995229600000000119e+03 2.326859200000000092e-04
3.996129699999999957e+03 2.327566799999999990e-04
3.997029899999999998e+03 2.327749299999999882e-04
3.997930199999999786e+03 2.327847499999999975e-04
3.998830399999999827e+03 2.326748199999999916e-04
3.999730799999999817e+03 2.325833300000000018e-04
4.000630900000000111e+03 2.326420400000000024e-04
4.001530999999999949e+03 2.327201700000000064e-04
4.002431399999999940e+03 2.327270799999999883e-04
4.003331499999999778e+03 2.327559299999999872e-04
4.004231900000000223e+03 2.329502200000000127e-04
4.005132099999999809e+03 2.329667899999999928e-04
4.006032200000000103e+03 2.330851500000000057e-04
4.006932600000000093e+03 2.333130399999999965e-04
4.007832699999999932e+03 2.334896100000000022e-04
4.008733099999999922e+03 2.336201400000000126e-04
4.009633200000000215e+03 2.337167300000000069e-04
4.010533399999999801e+03 2.338094800000000036e-04
4.011433799999999792e+03 2.339242299999999943e-04
4.012333900000000085e+03 2.340496600000000003e-04
4.013234300000000076e+03 2.341300200000000112e-04
4.014134399999999914e+03 2.341535400000000031e-04
4.015034599999999955e+03 2.341469099999999865e-04
4.015934900000000198e+03 2.341208900000000094e-04
4.016835099999999784e+03 2.340387100000000068e-04
4.017735499999999774e+03 2.339311899999999933e-04
4.018635600000000068e+03 2.339384100000000105e-04
4.019535699999999906e+03 2.339644899999999918e-04
4.020436099999999897e+03 2.337689799999999893e-04
4.021336299999999937e+03 2.334387400000000078e-04
4.022236600000000180e+03 2.330289799999999930e-04
4.023136800000000221e+03 2.326621500000000133e-04
4.024036900000000060e+03 2.324498499999999883e-04
4.024937300000000050e+03 2.323448699999999898e-04
4.025837399999999889e+03 2.321664399999999896e-04
4.026737799999999879e+03 2.319451200000000111e-04
4.027637900000000172e+03 2.318794899999999872e-04
4.028538100000000213e+03 2.319298199999999979e-04
4.029438500000000204e+03 2.320042399999999998e-04
4.030338600000000042e+03 2.322078900000000025e-04
4.031239000000000033e+03 2.326458700000000128e-04
4.032139099999999871e+03 2.331643699999999910e-04
4.033039299999999912e+03 2.336047799999999952e-04
4.033939600000000155e+03 2.340554300000000109e-04
4.034839800000000196e+03 2.343250300000000058e-04
4.035740200000000186e+03 2.345531900000000019e-04
4.036640300000000025e+03 2.348751900000000032e-04
4.037540399999999863e+03 2.348237500000000097e-04
4.038440799999999854e+03 2.347962300000000090e-04
4.039340999999999894e+03 2.345779099999999965e-04
4.040241300000000138e+03 2.342199500000000003e-04
4.041141500000000178e+03 2.338049400000000112e-04
4.042041600000000017e+03 2.335811999999999990e-04
4.042942000000000007e+03 2.335746100000000124e-04
4.043842099999999846e+03 2.338395300000000051e-04
4.044742499999999836e+03 2.343374700000000086e-04
4.045642699999999877e+03 2.344058499999999946e-04
4.046542800000000170e+03 2.341107799999999934e-04
4.047443200000000161e+03 2.344373900000000055e-04
4.048343299999999999e+03 2.344746799999999985e-04
4.049243699999999990e+03 2.346129100000000055e-04
4.050143799999999828e+03 2.345339500000000112e-04
4.051043999999999869e+03 2.343884200000000086e-04
4.051944300000000112e+03 2.342397700000000045e-04
4.052844500000000153e+03 2.339780299999999903e-04
4.053744900000000143e+03 2.337298000000000132e-04
4.054644999999999982e+03 2.336713399999999893e-04
4.055545099999999820e+03 2.338379599999999901e-04
4.056350300000000061e+03 2.342182699999999912e-04
4.056445499999999811e+03 2.342934099999999893e-04
4.056891299999999774e+03 2.346453999999999879e-04
4.057345699999999852e+03 2.350212300000000009e-04
4.057432400000000143e+03 2.351034300000000050e-04
4.057973599999999806e+03 2.356163499999999994e-04
4.058246000000000095e+03 2.359051700000000106e-04
4.058514799999999923e+03 2.362401000000000084e-04
4.059056099999999788e+03 2.369205299999999981e-04
4.059146200000000135e+03 2.371072200000000070e-04
4.059597499999999854e+03 2.380426799999999887e-04
4.060046299999999974e+03 2.390821299999999945e-04
4.060139000000000124e+03 2.393845799999999970e-04
4.060680499999999938e+03 2.411521799999999968e-04
4.060946699999999964e+03 2.417954200000000005e-04
4.061222099999999955e+03 2.419761200000000105e-04
4.061763699999999972e+03 2.423315500000000058e-04
4.061846799999999803e+03 2.426847499999999942e-04
4.062305499999999938e+03 2.446738699999999865e-04
4.062747199999999793e+03 2.465727500000000085e-04
4.062847299999999905e+03 2.469847200000000018e-04
4.063389200000000073e+03 2.492151099999999992e-04
4.063647399999999834e+03 2.506908300000000177e-04
4.063931099999999788e+03 2.535235499999999895e-04
4.064473199999999906e+03 2.589351799999999992e-04
4.064547500000000127e+03 2.594118799999999806e-04
4.065015300000000025e+03 2.621633099999999984e-04
4.065447900000000118e+03 2.647064699999999884e-04
4.065557400000000143e+03 2.653473799999999782e-04
4.066099700000000212e+03 2.685205599999999958e-04
4.066347999999999956e+03 2.698375200000000212e-04
4.066641999999999825e+03 2.708181199999999894e-04
4.067184400000000096e+03 2.726272899999999835e-04
4.067248399999999947e+03 2.726993399999999958e-04
4.067726799999999912e+03 2.729062099999999798e-04
4.068148499999999785e+03 2.729412200000000031e-04
4.068269400000000132e+03 2.725827199999999962e-04
4.068811999999999898e+03 2.709732900000000159e-04
4.069048699999999826e+03 2.702196199999999985e-04
4.069354600000000119e+03 2.688946899999999983e-04
4.069897399999999834e+03 2.665442700000000202e-04
4.069949099999999817e+03 2.663193100000000040e-04
4.070440200000000004e+03 2.641765399999999831e-04
4.070849200000000110e+03 2.623601300000000247e-04
4.070983099999999922e+03 2.616178499999999773e-04
4.071526100000000042e+03 2.586082499999999918e-04
4.071749600000000100e+03 2.573834100000000139e-04
4.072069100000000162e+03 2.558195700000000109e-04
4.072612200000000030e+03 2.531613999999999848e-04
4.072649699999999939e+03 2.529863800000000198e-04
4.073155400000000100e+03 2.507697500000000091e-04
4.073549899999999980e+03 2.490589299999999970e-04
4.073698699999999917e+03 2.486596300000000091e-04
4.074242000000000189e+03 2.472013800000000066e-04
4.074450200000000223e+03 2.466513700000000061e-04
4.074785400000000209e+03 2.462825499999999820e-04
4.075328899999999976e+03 2.456845799999999875e-04
4.075350399999999809e+03 2.456608499999999944e-04
4.075872400000000198e+03 2.448859100000000204e-04
4.076250799999999799e+03 2.443242200000000160e-04
4.076416000000000167e+03 2.439606699999999947e-04
4.076959699999999884e+03 2.427519799999999946e-04
4.077150900000000092e+03 2.423270100000000135e-04
4.077503499999999804e+03 2.414255999999999878e-04
4.078047300000000178e+03 2.400296700000000081e-04
4.078050999999999931e+03 2.400202700000000011e-04
4.078591199999999844e+03 2.385043400000000022e-04
4.078951399999999921e+03 2.374910599999999975e-04
4.079135200000000168e+03 2.369206300000000051e-04
4.079679299999999785e+03 2.352115599999999934e-04
4.079851599999999962e+03 2.346702599999999923e-04
4.080223399999999856e+03 2.337897200000000036e-04
4.080751900000000205e+03 2.326029899999999947e-04
4.080767600000000130e+03 2.325749399999999976e-04
4.081311900000000151e+03 2.316884100000000100e-04
4.081652099999999791e+03 2.312501700000000086e-04
4.081856200000000172e+03 2.309976699999999902e-04
4.082400599999999940e+03 2.303845999999999965e-04
4.082552200000000084e+03 2.302408700000000113e-04
4.082945099999999911e+03 2.298780000000000105e-04
4.083452600000000075e+03 2.294628399999999973e-04
4.083489700000000084e+03 2.294352199999999896e-04
4.084034299999999803e+03 2.290628300000000005e-04
4.084352699999999913e+03 2.289587399999999965e-04
4.084579000000000178e+03 2.289054299999999942e-04
4.085123799999999846e+03 2.288290699999999921e-04
4.085253099999999904e+03 2.288542000000000018e-04
4.085668700000000172e+03 2.289264099999999981e-04
4.086153200000000197e+03 2.289624900000000014e-04
4.086213600000000042e+03 2.289495000000000007e-04
4.086758600000000115e+03 2.288451100000000028e-04
4.087053399999999783e+03 2.288294699999999929e-04
4.087303699999999935e+03 2.288663999999999879e-04
4.087848800000000210e+03 2.290036599999999947e-04
4.087953799999999774e+03 2.290460600000000064e-04
4.088393999999999778e+03 2.293293699999999981e-04
4.088853900000000067e+03 2.296481400000000039e-04
4.088939300000000003e+03 2.297190899999999934e-04
4.089484699999999975e+03 2.302618199999999996e-04
4.089754300000000057e+03 2.305301400000000134e-04
4.090030099999999948e+03 2.311706199999999866e-04
4.090575600000000122e+03 2.329640400000000037e-04
4.090654399999999896e+03 2.332230399999999889e-04
4.091121200000000044e+03 2.346355600000000043e-04
4.091554599999999937e+03 2.358718599999999979e-04
4.091666900000000169e+03 2.362016499999999885e-04
4.092212599999999838e+03 2.381333500000000025e-04
4.092454900000000180e+03 2.390563700000000085e-04
4.092758400000000165e+03 2.414694799999999946e-04
4.093304200000000037e+03 2.524796600000000254e-04
4.093355100000000220e+03 2.536626499999999895e-04
4.093850199999999859e+03 2.640833999999999998e-04
4.094255500000000211e+03 2.690531399999999832e-04
4.094396200000000135e+03 2.711846900000000051e-04
4.094942300000000159e+03 2.888854799999999892e-04
4.095155600000000049e+03 3.024787399999999838e-04
4.095488499999999931e+03 3.252456300000000243e-04
4.096034700000000157e+03 3.724022299999999786e-04
4.096055699999999888e+03 3.745897999999999893e-04
4.096581000000000131e+03 4.285073100000000171e-04
4.096956100000000333e+03 4.638812799999999918e-04
4.097127400000000307e+03 4.797132500000000238e-04
4.097673799999999574e+03 5.444610799999999957e-04
4.097856499999999869e+03 5.963868800000000263e-04
4.098220400000000154e+03 7.038579799999999942e-04
4.098756599999999708e+03 8.618211100000000222e-04
4.098766999999999825e+03 8.646108700000000244e-04
4.099313600000000406e+03 1.006237400000000023e-03
4.099656799999999748e+03 1.074478100000000056e-03
4.099860399999999572e+03 1.105986900000000082e-03
4.100407199999999648e+03 1.154761899999999899e-03
4.100556899999999587e+03 1.170915100000000054e-03
4.100954099999999926e+03 1.220607899999999945e-03
4.101457099999999627e+03 1.281876200000000004e-03
4.101501000000000204e+03 1.279200700000000107e-03
4.102048099999999977e+03 1.171506400000000029e-03
4.102357699999999568e+03 1.098077000000000037e-03
4.102595199999999750e+03 1.034618400000000089e-03
4.103142399999999725e+03 8.557895700000000281e-04
4.103257800000000316e+03 8.180671499999999556e-04
4.103689599999999700e+03 6.951631200000000068e-04
4.104158000000000357e+03 5.778309499999999873e-04
4.104237000000000080e+03 5.580503699999999701e-04
4.104784399999999550e+03 4.626320299999999732e-04
4.105058100000000195e+03 4.254635199999999844e-04
4.105331799999999930e+03 3.914728899999999896e-04
4.105879399999999805e+03 3.400560699999999759e-04
4.105958200000000033e+03 3.335659699999999955e-04
4.106426999999999680e+03 2.976108800000000260e-04
4.106858900000000176e+03 2.764090200000000040e-04
4.106974699999999757e+03 2.707912999999999835e-04
4.107522500000000036e+03 2.511300199999999907e-04
4.107759000000000015e+03 2.480735499999999925e-04
4.108070300000000316e+03 2.442324300000000051e-04
4.108618199999999888e+03 2.386374300000000019e-04
4.108659099999999853e+03 2.383238400000000062e-04
4.109166199999999662e+03 2.344541199999999968e-04
4.109559299999999894e+03 2.315370200000000040e-04
4.109714299999999639e+03 2.303971800000000091e-04
4.110262399999999616e+03 2.266818099999999960e-04
4.110459399999999732e+03 2.259438799999999954e-04
4.110810599999999795e+03 2.247285899999999944e-04
4.111358900000000176e+03 2.233919300000000003e-04
4.111359999999999673e+03 2.233919500000000017e-04
4.111907199999999648e+03 2.234171399999999885e-04
4.112260199999999713e+03 2.234910200000000068e-04
4.112455700000000434e+03 2.235595699999999911e-04
4.113004100000000108e+03 2.238371399999999878e-04
4.113160299999999552e+03 2.238703899999999964e-04
4.113552700000000186e+03 2.238993899999999922e-04
4.114060499999999593e+03 2.238498699999999975e-04
4.114101399999999558e+03 2.238551600000000016e-04
4.114650099999999838e+03 2.239779100000000099e-04
4.114960600000000341e+03 2.240659499999999888e-04
4.115198900000000322e+03 2.241512000000000029e-04
4.115747699999999895e+03 2.244292599999999933e-04
4.115861200000000281e+03 2.244876000000000087e-04
4.116296699999999873e+03 2.247271399999999878e-04
4.116761400000000322e+03 2.250037900000000015e-04
4.117661500000000160e+03 2.255229000000000088e-04
4.118561599999999999e+03 2.257360999999999884e-04
4.119461800000000039e+03 2.258225599999999923e-04
4.120362399999999980e+03 2.261543699999999887e-04
4.121262499999999818e+03 2.266835100000000065e-04
4.122162699999999859e+03 2.271763199999999900e-04
4.123062799999999697e+03 2.276181100000000093e-04
4.123962999999999738e+03 2.278358300000000070e-04
4.124863599999999678e+03 2.278672999999999994e-04
4.125763700000000426e+03 2.278495499999999910e-04
4.126663899999999558e+03 2.278992799999999869e-04
4.127564000000000306e+03 2.279971800000000050e-04
4.128464100000000144e+03 2.280829299999999999e-04
4.129364800000000287e+03 2.281372599999999923e-04
4.130264900000000125e+03 2.283708000000000125e-04
4.131164999999999964e+03 2.286887100000000123e-04
4.132065200000000004e+03 2.290102599999999957e-04
4.132965299999999843e+03 2.294000799999999980e-04
4.133865899999999783e+03 2.298079199999999869e-04
4.134766099999999824e+03 2.301227100000000124e-04
4.135666199999999662e+03 2.302713900000000050e-04
4.136566399999999703e+03 2.299295200000000096e-04
4.137466500000000451e+03 2.299825600000000067e-04
4.138367100000000391e+03 2.298595300000000059e-04
4.139267300000000432e+03 2.298619899999999883e-04
4.140167400000000271e+03 2.296816700000000049e-04
4.141067500000000109e+03 2.294763399999999931e-04
4.141967700000000150e+03 2.296915299999999899e-04
4.142868300000000090e+03 2.299150800000000024e-04
4.143768399999999929e+03 2.298015400000000014e-04
4.144668599999999969e+03 2.297604499999999865e-04
4.145568699999999808e+03 2.299397500000000070e-04
4.146468899999999849e+03 2.300302200000000068e-04
4.147369499999999789e+03 2.299897100000000054e-04
4.148269599999999627e+03 2.300295900000000034e-04
4.149169799999999668e+03 2.301181000000000016e-04
4.150069900000000416e+03 2.301126300000000120e-04
4.150970000000000255e+03 2.301142299999999884e-04
4.151870700000000397e+03 2.301950300000000030e-04
4.152770800000000236e+03 2.303293600000000082e-04
4.153670900000000074e+03 2.304163999999999984e-04
4.154571100000000115e+03 2.303899300000000034e-04
4.155471199999999953e+03 2.304447400000000023e-04
4.156371799999999894e+03 2.306624599999999999e-04
4.157271999999999935e+03 2.308960599999999972e-04
4.158172099999999773e+03 2.310095300000000068e-04
4.159072299999999814e+03 2.309696300000000074e-04
4.159972399999999652e+03 2.309552599999999914e-04
4.160872999999999593e+03 2.309662100000000121e-04
4.161773199999999633e+03 2.308682699999999911e-04
4.162673300000000381e+03 2.306898799999999936e-04
4.163573400000000220e+03 2.305530700000000047e-04
4.164473600000000260e+03 2.303823499999999881e-04
4.165374200000000201e+03 2.301343699999999878e-04
4.166274300000000039e+03 2.298509500000000020e-04
4.167174500000000080e+03 2.295613499999999904e-04
4.168074599999999919e+03 2.293205300000000031e-04
4.168974799999999959e+03 2.290596000000000049e-04
4.169875399999999900e+03 2.287456500000000111e-04
4.170775499999999738e+03 2.286511100000000111e-04
4.171675699999999779e+03 2.287654899999999895e-04
4.172575799999999617e+03 2.288875800000000058e-04
4.173475900000000365e+03 2.288931300000000011e-04
4.174376599999999598e+03 2.290284599999999949e-04
4.175276700000000346e+03 2.291916800000000018e-04
4.176176800000000185e+03 2.293648399999999993e-04
4.177077000000000226e+03 2.295392499999999894e-04
4.177977100000000064e+03 2.296844199999999940e-04
4.178877700000000004e+03 2.297768400000000082e-04
4.179777900000000045e+03 2.297981099999999919e-04
4.180677999999999884e+03 2.297927299999999950e-04
4.181578199999999924e+03 2.298110199999999870e-04
4.182478299999999763e+03 2.298572599999999962e-04
4.183378899999999703e+03 2.299850700000000061e-04
4.184279099999999744e+03 2.301211599999999989e-04
4.185179199999999582e+03 2.302058999999999909e-04
4.186079300000000330e+03 2.301728800000000120e-04
4.186979500000000371e+03 2.301345000000000105e-04
4.187880100000000311e+03 2.301145700000000122e-04
4.188780200000000150e+03 2.299476000000000005e-04
4.189680400000000191e+03 2.298775000000000026e-04
4.190580500000000029e+03 2.299413799999999990e-04
4.191480700000000070e+03 2.299746900000000118e-04
4.192381300000000010e+03 2.299275400000000066e-04
4.193281399999999849e+03 2.298503699999999885e-04
4.194181599999999889e+03 2.296501299999999940e-04
4.195081699999999728e+03 2.292677800000000128e-04
4.195981799999999566e+03 2.290077099999999935e-04
4.196882499999999709e+03 2.290786800000000115e-04
4.197782599999999547e+03 2.292313099999999959e-04
4.198682700000000295e+03 2.293169200000000081e-04
4.199582900000000336e+03 2.292119099999999940e-04
4.200483000000000175e+03 2.293552000000000026e-04
4.201383600000000115e+03 2.296212300000000052e-04
4.202283800000000156e+03 2.299201099999999883e-04
4.203183899999999994e+03 2.301653899999999895e-04
4.204084100000000035e+03 2.303157699999999926e-04
4.204984199999999873e+03 2.302976200000000104e-04
4.205884799999999814e+03 2.301814700000000030e-04
4.206784999999999854e+03 2.301732000000000073e-04
4.207685099999999693e+03 2.302332800000000089e-04
4.208585200000000441e+03 2.301137900000000118e-04
4.209485399999999572e+03 2.298841000000000035e-04
4.210386000000000422e+03 2.297401700000000044e-04
4.211286100000000260e+03 2.296557799999999962e-04
4.212186300000000301e+03 2.296467999999999914e-04
4.213086400000000140e+03 2.297196900000000083e-04
4.213986600000000180e+03 2.297955999999999924e-04
4.214887200000000121e+03 2.297472700000000132e-04
4.215787299999999959e+03 2.296471000000000124e-04
4.216687500000000000e+03 2.295308499999999981e-04
4.217587599999999838e+03 2.293829199999999902e-04
4.218487699999999677e+03 2.293841399999999942e-04
4.219388399999999820e+03 2.293204699999999989e-04
4.220288499999999658e+03 2.290937099999999923e-04
4.221188600000000406e+03 2.286877700000000007e-04
4.222088800000000447e+03 2.281542000000000119e-04
4.222988900000000285e+03 2.280035599999999905e-04
4.223889500000000226e+03 2.276448799999999982e-04
4.224789700000000266e+03 2.278266600000000025e-04
4.225689800000000105e+03 2.278242300000000086e-04
4.226590000000000146e+03 2.275786600000000008e-04
4.227490099999999984e+03 2.278795000000000126e-04
4.228390699999999924e+03 2.279822900000000069e-04
4.229290899999999965e+03 2.282439600000000027e-04
4.230190999999999804e+03 2.283906500000000052e-04
4.231091099999999642e+03 2.285502399999999885e-04
4.231991299999999683e+03 2.285562299999999874e-04
4.232891899999999623e+03 2.285548499999999993e-04
4.233792099999999664e+03 2.286220100000000083e-04
4.234692200000000412e+03 2.286143800000000031e-04
4.235592300000000250e+03 2.285825699999999869e-04
4.236492500000000291e+03 2.285675099999999905e-04
4.237393100000000231e+03 2.286519200000000000e-04
4.238293200000000070e+03 2.287917300000000091e-04
4.239193400000000111e+03 2.289412300000000049e-04
4.240093499999999949e+03 2.288147000000000032e-04
4.240993599999999788e+03 2.287820700000000110e-04
4.241894299999999930e+03 2.288856699999999942e-04
4.242794399999999769e+03 2.288733000000000098e-04
4.243694599999999809e+03 2.288827500000000068e-04
4.244594699999999648e+03 2.287342599999999868e-04
4.245494800000000396e+03 2.284731199999999874e-04
4.246395499999999629e+03 2.282044400000000028e-04
4.247295600000000377e+03 2.279321600000000102e-04
4.248195700000000215e+03 2.277539299999999968e-04
4.249095900000000256e+03 2.277944300000000111e-04
4.249996000000000095e+03 2.279380900000000049e-04
4.250896600000000035e+03 2.280197299999999969e-04
4.251796800000000076e+03 2.278726500000000077e-04
4.252696899999999914e+03 2.278601099999999979e-04
4.253597099999999955e+03 2.278827799999999981e-04
4.254497199999999793e+03 2.275146100000000060e-04
4.255397799999999734e+03 2.275218900000000003e-04
4.256297999999999774e+03 2.276086499999999981e-04
4.257198099999999613e+03 2.276322000000000057e-04
4.258098200000000361e+03 2.278043500000000003e-04
4.258998400000000402e+03 2.279669400000000038e-04
4.259899000000000342e+03 2.280545699999999947e-04
4.260799100000000180e+03 2.279638899999999937e-04
4.261699300000000221e+03 2.276620000000000033e-04
4.262599400000000060e+03 2.275727500000000075e-04
4.263499600000000100e+03 2.278966999999999961e-04
4.264400200000000041e+03 2.281523799999999930e-04
4.265300299999999879e+03 2.279122300000000119e-04
4.266200499999999920e+03 2.276606500000000037e-04
4.267100599999999758e+03 2.272551400000000015e-04
4.268000699999999597e+03 2.268156599999999947e-04
4.268901399999999740e+03 2.264306099999999872e-04
4.269801499999999578e+03 2.262702499999999907e-04
4.270701600000000326e+03 2.264072300000000051e-04
4.271601800000000367e+03 2.265596600000000026e-04
4.272501900000000205e+03 2.264714000000000082e-04
4.273402600000000348e+03 2.264437199999999963e-04
4.274302700000000186e+03 2.266584899999999909e-04
4.275202800000000025e+03 2.269019700000000017e-04
4.276103000000000065e+03 2.270413600000000085e-04
4.277003099999999904e+03 2.270266299999999945e-04
4.277903699999999844e+03 2.271202100000000086e-04
4.278803899999999885e+03 2.272622600000000117e-04
4.279703999999999724e+03 2.271698399999999974e-04
4.280604199999999764e+03 2.269754899999999948e-04
4.281504299999999603e+03 2.267743699999999929e-04
4.282404900000000453e+03 2.265943500000000034e-04
4.283305099999999584e+03 2.265012400000000086e-04
4.284205200000000332e+03 2.263576500000000062e-04
4.285105300000000170e+03 2.260913900000000010e-04
4.286005500000000211e+03 2.257401300000000128e-04
4.286906100000000151e+03 2.255108299999999911e-04
4.287806199999999990e+03 2.255210099999999985e-04
4.288706400000000031e+03 2.255922400000000077e-04
4.289606499999999869e+03 2.255782600000000055e-04
4.290506699999999910e+03 2.254475900000000124e-04
4.291407299999999850e+03 2.251834699999999943e-04
4.292307399999999689e+03 2.249603699999999998e-04
4.293207599999999729e+03 2.248310599999999934e-04
4.294107699999999568e+03 2.246523599999999878e-04
4.295007800000000316e+03 2.243356899999999934e-04
4.295908499999999549e+03 2.239694499999999873e-04
4.296808600000000297e+03 2.235880199999999891e-04
4.297708700000000135e+03 2.232412100000000005e-04
4.298608900000000176e+03 2.230610799999999897e-04
4.299509000000000015e+03 2.230046100000000102e-04
4.300409700000000157e+03 2.228993200000000036e-04
4.301309799999999996e+03 2.226880300000000086e-04
4.302209899999999834e+03 2.224968800000000130e-04
4.303110099999999875e+03 2.224047399999999912e-04
4.304010199999999713e+03 2.223525800000000015e-04
4.304910799999999654e+03 2.223913200000000011e-04
4.305810999999999694e+03 2.225044100000000112e-04
4.306711100000000442e+03 2.226120399999999917e-04
4.307611299999999574e+03 2.228771100000000085e-04
4.308511400000000322e+03 2.232381599999999904e-04
4.309412000000000262e+03 2.234115400000000033e-04
4.310312200000000303e+03 2.236372399999999900e-04
4.311212300000000141e+03 2.241112399999999993e-04
4.312112399999999980e+03 2.244265399999999927e-04
4.313012600000000020e+03 2.244802000000000060e-04
4.313913199999999961e+03 2.244375499999999904e-04
4.314813299999999799e+03 2.243600099999999871e-04
4.315713499999999840e+03 2.242882700000000101e-04
4.316613599999999678e+03 2.242048300000000006e-04
4.317513799999999719e+03 2.239544400000000079e-04
4.318414399999999659e+03 2.235627999999999867e-04
4.319314500000000407e+03 2.231755800000000036e-04
4.320214700000000448e+03 2.226604500000000037e-04
4.321114800000000287e+03 2.220761100000000004e-04
4.322014900000000125e+03 2.216748199999999953e-04
4.322915600000000268e+03 2.214691100000000111e-04
4.323815700000000106e+03 2.214804899999999941e-04
4.324715799999999945e+03 2.215909299999999950e-04
4.325615999999999985e+03 2.216748899999999866e-04
4.326516099999999824e+03 2.222674499999999958e-04
4.327395000000000437e+03 2.240001299999999922e-04
4.327416799999999967e+03 2.240737000000000024e-04
4.327972099999999955e+03 2.259462300000000107e-04
4.328316899999999805e+03 2.269511599999999869e-04
4.328549399999999878e+03 2.276103399999999943e-04
4.329126699999999801e+03 2.291987800000000106e-04
4.329216999999999643e+03 2.294327200000000045e-04
4.329704099999999926e+03 2.306943899999999974e-04
4.330117199999999684e+03 2.339651899999999865e-04
4.330281500000000051e+03 2.356691199999999911e-04
4.330859099999999671e+03 2.427801700000000015e-04
4.331017300000000432e+03 2.459158700000000264e-04
4.331436700000000201e+03 2.542280299999999946e-04
4.331917900000000373e+03 2.660126499999999916e-04
4.332014400000000023e+03 2.687225400000000037e-04
4.332592200000000048e+03 2.870660100000000064e-04
4.332818100000000413e+03 3.051395199999999892e-04
4.333170000000000073e+03 3.332925499999999774e-04
4.333718200000000252e+03 3.893572000000000200e-04
4.333747999999999593e+03 3.931281699999999925e-04
4.334326000000000022e+03 4.663875399999999755e-04
4.334618400000000292e+03 5.021660499999999793e-04
4.334904000000000451e+03 5.369328299999999920e-04
4.335482200000000375e+03 6.374219799999999818e-04
4.335518500000000131e+03 6.469560600000000489e-04
4.336060400000000300e+03 7.892869199999999474e-04
4.336419100000000071e+03 9.410235700000000323e-04
4.336638700000000426e+03 1.050289700000000062e-03
4.337217099999999846e+03 1.353872299999999990e-03
4.337319300000000112e+03 1.416469299999999947e-03
4.337795600000000377e+03 1.708313300000000035e-03
4.338219399999999951e+03 1.879856899999999935e-03
4.338374200000000201e+03 1.916477499999999935e-03
4.338952800000000025e+03 2.048879100000000012e-03
4.339119499999999789e+03 2.076183599999999879e-03
4.339531500000000051e+03 2.143650699999999788e-03
4.340019699999999830e+03 2.152582100000000141e-03
4.340110200000000077e+03 2.138574600000000062e-03
4.340689099999999598e+03 2.049027299999999809e-03
4.340920299999999770e+03 1.941724799999999980e-03
4.341268000000000029e+03 1.773886899999999999e-03
4.341820399999999609e+03 1.490595699999999963e-03
4.341846999999999753e+03 1.475648200000000045e-03
4.342426099999999678e+03 1.150710299999999986e-03
4.342720599999999649e+03 1.013438400000000105e-03
4.343005299999999806e+03 8.920966700000000247e-04
4.343584499999999935e+03 6.775603399999999537e-04
4.343620700000000397e+03 6.692071300000000276e-04
4.344163800000000265e+03 5.437900300000000388e-04
4.344520900000000438e+03 4.793998799999999892e-04
4.344743199999999888e+03 4.485437299999999882e-04
4.345322699999999713e+03 3.739489400000000166e-04
4.345421500000000378e+03 3.664721100000000050e-04
4.345902299999999741e+03 3.300879399999999972e-04
4.346321600000000217e+03 3.008896799999999784e-04
4.346481899999999769e+03 2.909513899999999730e-04
4.347061599999999999e+03 2.558126699999999890e-04
4.347221800000000258e+03 2.523060799999999985e-04
4.347641400000000431e+03 2.431232899999999895e-04
4.348121900000000096e+03 2.347728299999999983e-04
4.348221199999999953e+03 2.338294500000000047e-04
4.348801199999999881e+03 2.283210199999999995e-04
4.349021999999999935e+03 2.271671199999999969e-04
4.349381199999999808e+03 2.257624399999999878e-04
4.349922700000000077e+03 2.236068600000000060e-04
4.349961299999999937e+03 2.234472099999999914e-04
4.350541400000000067e+03 2.210449299999999904e-04
4.350822799999999916e+03 2.208246599999999905e-04
4.351121699999999691e+03 2.213663700000000067e-04
4.351702000000000226e+03 2.224594500000000102e-04
4.351722999999999956e+03 2.225040699999999874e-04
4.352282400000000052e+03 2.236922399999999886e-04
4.352623099999999795e+03 2.244809600000000050e-04
4.352862900000000081e+03 2.250956700000000051e-04
4.353443400000000111e+03 2.267419500000000018e-04
4.353523199999999633e+03 2.271407999999999988e-04
4.354024099999999635e+03 2.299141599999999922e-04
4.354423899999999776e+03 2.331946400000000079e-04
4.354604800000000068e+03 2.351497200000000041e-04
4.355185499999999593e+03 2.433581200000000050e-04
4.355323999999999614e+03 2.455606999999999950e-04
4.355766400000000431e+03 2.523676700000000109e-04
4.356224100000000362e+03 2.584060799999999842e-04
4.356347300000000359e+03 2.608077800000000259e-04
4.356928399999999783e+03 2.751265299999999911e-04
4.357124300000000403e+03 2.825360000000000068e-04
4.357509500000000116e+03 2.953011800000000233e-04
4.358024400000000242e+03 3.024416800000000204e-04
4.358090600000000450e+03 3.028769600000000045e-04
4.358671900000000278e+03 3.109068999999999895e-04
4.358925000000000182e+03 3.252321900000000056e-04
4.359253200000000106e+03 3.445797900000000099e-04
4.359825200000000223e+03 3.841165400000000037e-04
4.359834600000000137e+03 3.849089899999999964e-04
4.360416100000000370e+03 4.318864699999999971e-04
4.360725300000000061e+03 4.474744499999999963e-04
4.360997699999999895e+03 4.550112899999999910e-04
4.361579300000000330e+03 4.717111899999999833e-04
4.361625500000000102e+03 4.732832499999999921e-04
4.362161000000000058e+03 4.915073199999999906e-04
4.362525599999999940e+03 4.994552600000000397e-04
4.362742799999999988e+03 4.956541000000000289e-04
4.363324700000000121e+03 4.846886399999999822e-04
4.363426199999999881e+03 4.788007400000000077e-04
4.363906600000000253e+03 4.460022699999999815e-04
4.364326399999999921e+03 4.142832000000000047e-04
4.364488699999999881e+03 4.014783099999999884e-04
4.365070800000000418e+03 3.540354300000000108e-04
4.365226499999999760e+03 3.430259099999999990e-04
4.365652900000000045e+03 3.200786100000000095e-04
4.366126599999999598e+03 3.030592199999999881e-04
4.366235200000000077e+03 2.996226099999999871e-04
4.366817500000000109e+03 2.821176999999999908e-04
4.367026799999999639e+03 2.762895799999999969e-04
4.367399999999999636e+03 2.668705199999999800e-04
4.367927399999999579e+03 2.576212299999999810e-04
4.367982399999999870e+03 2.567609100000000245e-04
4.368564999999999600e+03 2.479502299999999850e-04
4.368827599999999620e+03 2.447616499999999743e-04
4.369147700000000441e+03 2.412153899999999870e-04
4.369727700000000368e+03 2.366528500000000021e-04
4.369730400000000373e+03 2.366356699999999928e-04
4.370313199999999597e+03 2.329367100000000028e-04
4.370627800000000207e+03 2.310096899999999908e-04
4.370896099999999933e+03 2.294811899999999935e-04
4.371479000000000269e+03 2.268957500000000002e-04
4.371528000000000247e+03 2.267741599999999918e-04
4.372062100000000100e+03 2.255475599999999991e-04
4.372428600000000188e+03 2.250927299999999891e-04
4.372645199999999932e+03 2.249821300000000041e-04
4.373228399999999965e+03 2.246947100000000095e-04
4.373328700000000026e+03 2.246540300000000098e-04
4.373811599999999999e+03 2.244649599999999970e-04
4.374228900000000067e+03 2.243333200000000038e-04
4.374395000000000437e+03 2.243178200000000037e-04
4.374978399999999965e+03 2.242550899999999929e-04
4.375128999999999905e+03 2.242228199999999987e-04
4.375561899999999696e+03 2.240229600000000036e-04
4.376029199999999946e+03 2.238080200000000107e-04
4.376145499999999629e+03 2.237688000000000047e-04
4.376729199999999764e+03 2.235745399999999948e-04
4.376929799999999886e+03 2.235080600000000062e-04
4.377312899999999900e+03 2.234402800000000080e-04
4.377829899999999725e+03 2.233664900000000095e-04
4.377896700000000237e+03 2.233574799999999891e-04
4.378480599999999868e+03 2.232792300000000039e-04
4.378730099999999766e+03 2.232463500000000077e-04
4.379630199999999604e+03 2.231133799999999892e-04
4.380530300000000352e+03 2.229091500000000001e-04
4.381430999999999585e+03 2.224806300000000011e-04
4.382331100000000333e+03 2.222313499999999911e-04
4.383231200000000172e+03 2.223124200000000110e-04
4.384131400000000212e+03 2.223987600000000065e-04
4.385031500000000051e+03 2.224112799999999879e-04
4.385932200000000194e+03 2.225775500000000049e-04
4.386832300000000032e+03 2.228689100000000041e-04
4.387732399999999870e+03 2.230956900000000121e-04
4.388632599999999911e+03 2.234697299999999947e-04
4.389532699999999750e+03 2.237099600000000085e-04
4.390433299999999690e+03 2.239461199999999950e-04
4.391333499999999731e+03 2.240483700000000058e-04
4.392233599999999569e+03 2.239737699999999913e-04
4.393133799999999610e+03 2.239643599999999971e-04
4.394033900000000358e+03 2.240836100000000045e-04
4.394934500000000298e+03 2.242198099999999914e-04
4.395834700000000339e+03 2.242970799999999894e-04
4.396734800000000178e+03 2.242822400000000084e-04
4.397634900000000016e+03 2.241483300000000054e-04
4.398535100000000057e+03 2.239645099999999940e-04
4.399435699999999997e+03 2.237432299999999913e-04
4.400335900000000038e+03 2.235448699999999927e-04
4.401235999999999876e+03 2.233949099999999919e-04
4.402136099999999715e+03 2.233624400000000108e-04
4.403036299999999756e+03 2.236388199999999921e-04
4.403936899999999696e+03 2.240098600000000088e-04
4.404837000000000444e+03 2.241654100000000076e-04
4.405737199999999575e+03 2.242613299999999957e-04
4.406637300000000323e+03 2.243054600000000064e-04
4.407537500000000364e+03 2.244106900000000088e-04
4.408438100000000304e+03 2.243405100000000053e-04
4.409338200000000143e+03 2.242640400000000091e-04
4.410238400000000183e+03 2.242057700000000121e-04
4.411138500000000022e+03 2.240541900000000064e-04
4.412038599999999860e+03 2.239408400000000052e-04
4.412939300000000003e+03 2.239859599999999902e-04
4.413839399999999841e+03 2.242248099999999888e-04
4.414739499999999680e+03 2.244906699999999931e-04
4.415639699999999721e+03 2.244171900000000027e-04
4.416539799999999559e+03 2.241975599999999934e-04
4.417440499999999702e+03 2.242149500000000038e-04
4.418340600000000450e+03 2.242858799999999919e-04
4.419240700000000288e+03 2.242671299999999949e-04
4.420140900000000329e+03 2.243178000000000023e-04
4.421041000000000167e+03 2.243225899999999986e-04
4.421941600000000108e+03 2.242879800000000033e-04
4.422841800000000148e+03 2.242712700000000134e-04
4.423741899999999987e+03 2.243899000000000045e-04
4.424642100000000028e+03 2.245361100000000006e-04
4.425542199999999866e+03 2.245001300000000043e-04
4.426442799999999806e+03 2.243614500000000065e-04
4.427342999999999847e+03 2.240909000000000130e-04
4.428243099999999686e+03 2.237523700000000073e-04
4.429143200000000434e+03 2.233403699999999983e-04
4.430043399999999565e+03 2.232226999999999931e-04
4.430944000000000415e+03 2.233011699999999937e-04
4.431844199999999546e+03 2.238157000000000059e-04
4.432744300000000294e+03 2.242342299999999973e-04
4.433644400000000132e+03 2.244655099999999948e-04
4.434544600000000173e+03 2.244698299999999989e-04
4.435445200000000114e+03 2.243607700000000132e-04
4.436345299999999952e+03 2.243310299999999927e-04
4.437245499999999993e+03 2.242414600000000016e-04
4.438145599999999831e+03 2.240229400000000022e-04
4.439045799999999872e+03 2.238179100000000114e-04
4.439946399999999812e+03 2.237430500000000058e-04
4.440846499999999651e+03 2.238988900000000114e-04
4.441746699999999691e+03 2.241704799999999964e-04
4.442646800000000439e+03 2.242296199999999865e-04
4.443546900000000278e+03 2.239442300000000119e-04
4.444447600000000421e+03 2.237149899999999944e-04
4.445347700000000259e+03 2.237110699999999913e-04
4.446247900000000300e+03 2.237540299999999879e-04
4.447148000000000138e+03 2.236938999999999963e-04
4.448048099999999977e+03 2.235419199999999897e-04
4.448948800000000119e+03 2.233894800000000051e-04
4.449848899999999958e+03 2.232115500000000127e-04
4.450748999999999796e+03 2.229426699999999869e-04
4.451649199999999837e+03 2.225775100000000021e-04
4.452549299999999675e+03 2.222025300000000079e-04
4.453449899999999616e+03 2.219820100000000041e-04
4.454350099999999657e+03 2.220651000000000027e-04
4.455250200000000405e+03 2.223456699999999924e-04
4.456150400000000445e+03 2.226206799999999998e-04
4.457050500000000284e+03 2.227077100000000030e-04
4.457951100000000224e+03 2.231388800000000112e-04
4.458024999999999636e+03 2.232231500000000110e-04
4.458619599999999991e+03 2.237332900000000007e-04
4.458851300000000265e+03 2.237864900000000089e-04
4.459214200000000346e+03 2.238697999999999958e-04
4.459751400000000103e+03 2.249829900000000101e-04
4.459809000000000196e+03 2.251349899999999910e-04
4.460403800000000047e+03 2.266752000000000079e-04
4.460651600000000144e+03 2.272819699999999946e-04
4.460998700000000099e+03 2.281317799999999884e-04
4.461551699999999983e+03 2.295688599999999872e-04
4.461593600000000151e+03 2.296802800000000025e-04
4.462188699999999699e+03 2.312913600000000033e-04
4.462452299999999923e+03 2.320530800000000012e-04
4.462783800000000156e+03 2.330111100000000033e-04
4.463352499999999964e+03 2.370999700000000013e-04
4.463378999999999905e+03 2.373434899999999877e-04
4.463974299999999857e+03 2.434044399999999927e-04
4.464252599999999802e+03 2.475406499999999827e-04
4.464569700000000012e+03 2.522541700000000128e-04
4.465152699999999641e+03 2.619305300000000043e-04
4.465165200000000368e+03 2.621489000000000067e-04
4.465760699999999815e+03 2.724874999999999758e-04
4.466052899999999681e+03 2.772326000000000196e-04
4.466356300000000374e+03 2.821590799999999853e-04
4.466952000000000226e+03 2.937876799999999912e-04
4.466953499999999622e+03 2.938205799999999888e-04
4.467547700000000077e+03 3.078899399999999770e-04
4.467853600000000370e+03 3.212643399999999755e-04
4.468143600000000333e+03 3.339448399999999772e-04
4.468739499999999680e+03 3.589012300000000142e-04
4.468753800000000410e+03 3.594799200000000153e-04
4.469335500000000138e+03 3.825264399999999797e-04
4.469653900000000249e+03 3.904007700000000159e-04
4.469931599999999889e+03 3.972690599999999846e-04
4.470527799999999843e+03 4.110333100000000011e-04
4.470554100000000290e+03 4.116038000000000249e-04
4.471123999999999796e+03 4.235716700000000069e-04
4.471454700000000230e+03 4.178418599999999920e-04
4.471720299999999952e+03 4.132392500000000093e-04
4.472316700000000310e+03 3.865693499999999752e-04
4.472354800000000068e+03 3.838158499999999888e-04
4.472913199999999961e+03 3.434199699999999997e-04
4.473255000000000109e+03 3.312204799999999964e-04
4.473509799999999814e+03 3.224710899999999754e-04
4.474106399999999667e+03 3.030272100000000121e-04
4.474155099999999948e+03 3.015402199999999778e-04
4.474703099999999722e+03 2.847991400000000049e-04
4.475055299999999988e+03 2.763950099999999861e-04
4.475299899999999980e+03 2.707271500000000088e-04
4.475896800000000439e+03 2.586066300000000140e-04
4.475955899999999929e+03 2.576346599999999854e-04
4.476493800000000192e+03 2.487852700000000162e-04
4.476855999999999767e+03 2.443388700000000244e-04
4.477090799999999945e+03 2.416289699999999980e-04
4.477687899999999900e+03 2.357474100000000062e-04
4.477756199999999808e+03 2.352535400000000027e-04
4.478285100000000057e+03 2.314267000000000114e-04
4.478656299999999646e+03 2.294430399999999946e-04
4.478882400000000416e+03 2.283409699999999992e-04
4.479479800000000068e+03 2.257968600000000105e-04
4.479556400000000394e+03 2.255542200000000043e-04
4.480077199999999721e+03 2.239050599999999958e-04
4.480457099999999627e+03 2.233779400000000109e-04
4.480674699999999575e+03 2.232021599999999928e-04
4.481272299999999632e+03 2.227863799999999905e-04
4.481357200000000375e+03 2.227467800000000121e-04
4.481869999999999891e+03 2.225074900000000098e-04
4.482257300000000214e+03 2.223320199999999998e-04
4.482467800000000352e+03 2.222378300000000108e-04
4.483065599999999904e+03 2.220335900000000074e-04
4.483157500000000255e+03 2.220250999999999963e-04
4.483663499999999658e+03 2.219783400000000049e-04
4.484057600000000093e+03 2.219816500000000060e-04
4.484261499999999614e+03 2.219933899999999871e-04
4.484859599999999773e+03 2.220553599999999989e-04
4.484958300000000236e+03 2.220779499999999936e-04
4.485457699999999932e+03 2.221922299999999921e-04
4.485858400000000074e+03 2.221586299999999997e-04
4.486055999999999585e+03 2.221018399999999979e-04
4.486654300000000148e+03 2.219496099999999873e-04
4.486758499999999913e+03 2.219617800000000119e-04
4.487252700000000004e+03 2.220222999999999901e-04
4.487658699999999953e+03 2.220735399999999968e-04
4.488558799999999792e+03 2.221306299999999925e-04
4.489459399999999732e+03 2.221132899999999992e-04
4.490359599999999773e+03 2.221252800000000113e-04
4.491259699999999611e+03 2.221941899999999937e-04
4.492159899999999652e+03 2.222400399999999892e-04
4.493060000000000400e+03 2.223918200000000089e-04
4.493960600000000341e+03 2.225049600000000090e-04
4.494860800000000381e+03 2.225498800000000072e-04
4.495760900000000220e+03 2.226901299999999929e-04
4.496661100000000260e+03 2.229413900000000058e-04
4.497561200000000099e+03 2.232015200000000022e-04
4.498461800000000039e+03 2.234170099999999929e-04
4.499362000000000080e+03 2.234346500000000072e-04
4.500262099999999919e+03 2.234850500000000093e-04
4.501162199999999757e+03 2.234187300000000048e-04
4.502062399999999798e+03 2.234201400000000086e-04
4.502962999999999738e+03 2.234554600000000129e-04
4.503863099999999577e+03 2.235139499999999981e-04
4.504763299999999617e+03 2.234937499999999945e-04
4.505663400000000365e+03 2.234457999999999876e-04
4.506563600000000406e+03 2.233766600000000027e-04
4.507464200000000346e+03 2.233061600000000040e-04
4.508364300000000185e+03 2.231753099999999983e-04
4.509264500000000226e+03 2.229516400000000045e-04
4.510164600000000064e+03 2.226857700000000131e-04
4.511064800000000105e+03 2.223851400000000024e-04
4.511965400000000045e+03 2.221788100000000020e-04
4.512865499999999884e+03 2.220826499999999971e-04
4.513765699999999924e+03 2.220681300000000114e-04
4.514665799999999763e+03 2.220686400000000064e-04
4.515565899999999601e+03 2.220328100000000071e-04
4.516466599999999744e+03 2.219669100000000049e-04
4.517366699999999582e+03 2.218511399999999970e-04
4.518266899999999623e+03 2.216912099999999899e-04
4.519167000000000371e+03 2.215335299999999911e-04
4.520067100000000210e+03 2.214216200000000093e-04
4.520967800000000352e+03 2.213025800000000031e-04
4.521867900000000191e+03 2.210663099999999953e-04
4.522768000000000029e+03 2.207284099999999930e-04
4.523668200000000070e+03 2.204151399999999925e-04
4.524568299999999908e+03 2.200991200000000029e-04
4.525468899999999849e+03 2.199091799999999971e-04
4.526369099999999889e+03 2.199108600000000062e-04
4.527269199999999728e+03 2.199466099999999999e-04
4.528169399999999769e+03 2.199550299999999926e-04
4.529069499999999607e+03 2.201539399999999889e-04
4.529970099999999547e+03 2.201908300000000082e-04
4.530870299999999588e+03 2.204221199999999929e-04
4.531770400000000336e+03 2.208739100000000071e-04
4.532670600000000377e+03 2.211272799999999914e-04
4.533570700000000215e+03 2.210911400000000111e-04
4.534471300000000156e+03 2.209937800000000036e-04
4.535371500000000196e+03 2.209422099999999874e-04
4.536271600000000035e+03 2.209266599999999974e-04
4.537171699999999873e+03 2.209543400000000093e-04
4.538071899999999914e+03 2.211241599999999900e-04
4.538972499999999854e+03 2.210058600000000084e-04
4.539872699999999895e+03 2.208753499999999994e-04
4.540772799999999734e+03 2.207393700000000007e-04
4.541672899999999572e+03 2.207737499999999934e-04
4.542573099999999613e+03 2.207279199999999993e-04
4.543473699999999553e+03 2.204593199999999931e-04
4.544373800000000301e+03 2.201302600000000129e-04
4.545274000000000342e+03 2.197997099999999962e-04
4.546174100000000180e+03 2.195560200000000114e-04
4.547074300000000221e+03 2.194200299999999985e-04
4.547974900000000162e+03 2.193389200000000030e-04
4.548875000000000000e+03 2.193394700000000008e-04
4.549775200000000041e+03 2.194834299999999885e-04
4.550675299999999879e+03 2.197062899999999933e-04
4.551575399999999718e+03 2.198739800000000012e-04
4.552476099999999860e+03 2.201657600000000027e-04
4.553376199999999699e+03 2.205974200000000046e-04
4.554276399999999740e+03 2.206610600000000113e-04
4.555176499999999578e+03 2.205153899999999988e-04
4.556076600000000326e+03 2.205679099999999866e-04
4.556977299999999559e+03 2.207169300000000030e-04
4.557877400000000307e+03 2.207602999999999877e-04
4.558777500000000146e+03 2.208615199999999941e-04
4.559677700000000186e+03 2.208527099999999877e-04
4.560577800000000025e+03 2.207126200000000132e-04
4.561478500000000167e+03 2.207055200000000044e-04
4.562378600000000006e+03 2.208735500000000090e-04
4.563278699999999844e+03 2.210612800000000093e-04
4.564178899999999885e+03 2.211103199999999976e-04
4.565078999999999724e+03 2.209631400000000015e-04
4.565979599999999664e+03 2.208943500000000004e-04
4.566879799999999705e+03 2.206924900000000009e-04
4.567779900000000453e+03 2.205027700000000105e-04
4.568680099999999584e+03 2.204033400000000073e-04
4.569580200000000332e+03 2.203633400000000009e-04
4.570480800000000272e+03 2.203614400000000035e-04
4.571381000000000313e+03 2.204104599999999903e-04
4.572281100000000151e+03 2.205347099999999951e-04
4.573181300000000192e+03 2.205702199999999991e-04
4.574081400000000031e+03 2.204258499999999963e-04
4.574981999999999971e+03 2.201657199999999999e-04
4.575882200000000012e+03 2.198385900000000056e-04
4.576782299999999850e+03 2.194959699999999984e-04
4.577682399999999689e+03 2.191757500000000131e-04
4.578582599999999729e+03 2.189538600000000084e-04
4.579483199999999670e+03 2.188838100000000005e-04
4.580383399999999710e+03 2.188944699999999873e-04
4.581283499999999549e+03 2.189716899999999953e-04
4.582183600000000297e+03 2.191107699999999940e-04
4.583083800000000338e+03 2.192095699999999938e-04
4.583984400000000278e+03 2.191982699999999893e-04
4.584884500000000116e+03 2.191251200000000085e-04
4.585784700000000157e+03 2.190973599999999910e-04
4.586684799999999996e+03 2.190925699999999947e-04
4.587585000000000036e+03 2.190460099999999902e-04
4.588485599999999977e+03 2.189938500000000005e-04
4.589385699999999815e+03 2.189945899999999981e-04
4.590285899999999856e+03 2.190518400000000050e-04
4.591185999999999694e+03 2.191320699999999933e-04
4.592086199999999735e+03 2.192128700000000078e-04
4.592986799999999675e+03 2.192798300000000028e-04
4.593886900000000423e+03 2.192790199999999868e-04
4.594787099999999555e+03 2.192479600000000095e-04
4.595687200000000303e+03 2.192516799999999987e-04
4.596587300000000141e+03 2.192771700000000065e-04
4.597488000000000284e+03 2.193175399999999981e-04
4.598388100000000122e+03 2.193927800000000032e-04
4.599288300000000163e+03 2.195198699999999898e-04
4.600188400000000001e+03 2.196761299999999977e-04
4.601088499999999840e+03 2.198262599999999969e-04
4.601989199999999983e+03 2.199689400000000034e-04
4.602889299999999821e+03 2.200805800000000070e-04
4.603789399999999659e+03 2.201151499999999994e-04
4.604689599999999700e+03 2.201300500000000118e-04
4.605589700000000448e+03 2.202160900000000134e-04
4.606490300000000389e+03 2.203834800000000003e-04
4.607390500000000429e+03 2.205006499999999977e-04
4.607934900000000198e+03 2.205150799999999907e-04
4.608290600000000268e+03 2.205335499999999953e-04
4.608549500000000080e+03 2.205469899999999868e-04
4.609164200000000164e+03 2.204951099999999896e-04
4.609190800000000309e+03 2.204908099999999870e-04
4.609778900000000249e+03 2.203904899999999892e-04
4.610090900000000147e+03 2.203235499999999956e-04
4.610393699999999626e+03 2.202585799999999907e-04
4.610991500000000087e+03 2.201235000000000008e-04
4.611008600000000115e+03 2.201195500000000091e-04
4.611623599999999897e+03 2.199790899999999952e-04
4.611891700000000128e+03 2.199205499999999929e-04
4.612238599999999678e+03 2.198447999999999928e-04
4.612791799999999967e+03 2.197480600000000016e-04
4.612853799999999865e+03 2.197382799999999950e-04
4.613469000000000051e+03 2.196476700000000125e-04
4.613692000000000007e+03 2.196210800000000091e-04
4.614084300000000439e+03 2.195742900000000020e-04
4.614592099999999846e+03 2.195496600000000002e-04
4.614699700000000121e+03 2.195468199999999913e-04
4.615315099999999802e+03 2.195579999999999873e-04
4.615492699999999786e+03 2.195771399999999981e-04
4.615930699999999888e+03 2.196243500000000075e-04
4.616392899999999827e+03 2.196976100000000095e-04
4.616546299999999974e+03 2.197237000000000051e-04
4.617162000000000262e+03 2.198419099999999939e-04
4.617292999999999665e+03 2.198715399999999931e-04
4.617777799999999843e+03 2.199812500000000108e-04
4.618193100000000413e+03 2.201003099999999913e-04
4.618393699999999626e+03 2.201594799999999970e-04
4.619009699999999611e+03 2.202589999999999930e-04
4.619093300000000454e+03 2.202588200000000075e-04
4.619625699999999597e+03 2.202577000000000105e-04
4.619993900000000394e+03 2.202240799999999896e-04
4.620241799999999785e+03 2.202006299999999890e-04
4.620858000000000175e+03 2.201651599999999878e-04
4.620894100000000435e+03 2.201643700000000003e-04
4.621474299999999857e+03 2.201515799999999865e-04
4.621794200000000274e+03 2.201426000000000088e-04
4.622090699999999742e+03 2.201342799999999960e-04
4.622694300000000112e+03 2.201360299999999964e-04
4.622707199999999830e+03 2.201363800000000074e-04
4.623323699999999917e+03 2.201443799999999978e-04
4.623594500000000153e+03 2.201138200000000013e-04
4.623940300000000207e+03 2.200747899999999950e-04
4.624495100000000093e+03 2.200041600000000007e-04
4.624556999999999789e+03 2.199956600000000024e-04
4.625173799999999574e+03 2.199144799999999884e-04
4.625395199999999932e+03 2.198917199999999954e-04
4.625790699999999561e+03 2.198510700000000113e-04
4.626295399999999972e+03 2.198183799999999877e-04
4.626407599999999547e+03 2.198136400000000085e-04
4.627024599999999737e+03 2.197926299999999888e-04
4.627195499999999811e+03 2.197915499999999946e-04
4.627641700000000128e+03 2.197887400000000013e-04
4.628095699999999852e+03 2.197750700000000073e-04
4.628258899999999812e+03 2.197682699999999923e-04
4.628876199999999699e+03 2.197336900000000127e-04
4.628996299999999792e+03 2.197227999999999963e-04
4.629493599999999788e+03 2.196777099999999998e-04
4.629896399999999630e+03 2.196346800000000118e-04
4.630110999999999876e+03 2.196104899999999866e-04
4.630728500000000167e+03 2.195374099999999971e-04
4.630796599999999671e+03 2.195286700000000091e-04
4.631346099999999751e+03 2.194581199999999933e-04
4.631696700000000419e+03 2.194176299999999933e-04
4.631963800000000447e+03 2.193875700000000046e-04
4.632581600000000435e+03 2.193214699999999884e-04
4.632596899999999550e+03 2.193199400000000034e-04
4.633199499999999716e+03 2.192599099999999917e-04
4.633497500000000400e+03 2.192332999999999869e-04
4.633817399999999907e+03 2.192050300000000014e-04
4.634397600000000239e+03 2.191555599999999967e-04
4.634435400000000300e+03 2.191524700000000109e-04
4.635053499999999985e+03 2.191041899999999945e-04
4.635297800000000279e+03 2.191128500000000040e-04
4.635671699999999873e+03 2.191260900000000086e-04
4.636197900000000118e+03 2.191508599999999931e-04
4.636289899999999761e+03 2.191568600000000063e-04
4.636908300000000054e+03 2.192006600000000075e-04
4.637098100000000159e+03 2.192235000000000060e-04
4.637526700000000346e+03 2.192762800000000120e-04
4.637998700000000099e+03 2.193316699999999972e-04
4.638145199999999932e+03 2.193424800000000081e-04
4.638898799999999937e+03 2.193643500000000066e-04
4.639798999999999978e+03 2.193040299999999881e-04
4.640699099999999817e+03 2.191107899999999954e-04
4.641599199999999655e+03 2.188776700000000046e-04
4.642499899999999798e+03 2.186681800000000000e-04
4.643399999999999636e+03 2.184356599999999970e-04
4.644300199999999677e+03 2.183833799999999989e-04
4.645200300000000425e+03 2.185170300000000107e-04
4.646100400000000263e+03 2.187576799999999997e-04
4.647001100000000406e+03 2.189968899999999964e-04
4.647901200000000244e+03 2.190946700000000061e-04
4.648801300000000083e+03 2.191515500000000007e-04
4.649701500000000124e+03 2.193556299999999929e-04
4.650601599999999962e+03 2.195986799999999871e-04
4.651502300000000105e+03 2.197312399999999904e-04
4.652402399999999943e+03 2.197335999999999929e-04
4.653302499999999782e+03 2.199435399999999884e-04
4.654202699999999822e+03 2.200798800000000122e-04
4.655102799999999661e+03 2.202348400000000105e-04
4.656003399999999601e+03 2.202381300000000102e-04
4.656903599999999642e+03 2.202828299999999931e-04
4.657803700000000390e+03 2.204032899999999902e-04
4.658703900000000431e+03 2.204744399999999938e-04
4.659604000000000269e+03 2.203719899999999961e-04
4.660504600000000210e+03 2.200510899999999904e-04
4.661404800000000250e+03 2.197579399999999880e-04
4.662304900000000089e+03 2.196374399999999880e-04
4.663205100000000130e+03 2.195169099999999996e-04
4.664105199999999968e+03 2.197656999999999887e-04
4.665005799999999908e+03 2.202298799999999888e-04
4.665905999999999949e+03 2.206468199999999909e-04
4.666806099999999788e+03 2.207340799999999966e-04
4.667706199999999626e+03 2.208083599999999887e-04
4.668606399999999667e+03 2.210736400000000066e-04
4.669506999999999607e+03 2.213645499999999878e-04
4.670407199999999648e+03 2.215910300000000020e-04
4.671307300000000396e+03 2.218451999999999881e-04
4.672207400000000234e+03 2.221226799999999921e-04
4.673107600000000275e+03 2.224268900000000093e-04
4.674008200000000215e+03 2.227676699999999962e-04
4.674908300000000054e+03 2.229806400000000004e-04
4.675808500000000095e+03 2.231381599999999880e-04
4.676708599999999933e+03 2.233999299999999907e-04
4.677608799999999974e+03 2.236895399999999895e-04
4.678509399999999914e+03 2.239096799999999938e-04
4.679409499999999753e+03 2.239198699999999883e-04
4.680309699999999793e+03 2.240640200000000028e-04
4.681209799999999632e+03 2.241655000000000004e-04
4.682109999999999673e+03 2.242604800000000040e-04
4.683010599999999613e+03 2.243151200000000046e-04
4.683910700000000361e+03 2.243334400000000122e-04
4.684810900000000402e+03 2.243619100000000116e-04
4.685711000000000240e+03 2.243391200000000030e-04
4.686611100000000079e+03 2.242721000000000037e-04
4.687511800000000221e+03 2.241985000000000050e-04
4.688411900000000060e+03 2.240846800000000116e-04
4.689312100000000100e+03 2.239784400000000063e-04
4.690212199999999939e+03 2.239642799999999915e-04
4.691112299999999777e+03 2.237783500000000087e-04
4.692012999999999920e+03 2.235091199999999991e-04
4.692913099999999758e+03 2.231720100000000114e-04
4.693813199999999597e+03 2.228328799999999908e-04
4.694713399999999638e+03 2.224703100000000110e-04
4.695613500000000386e+03 2.221213200000000053e-04
4.696514199999999619e+03 2.217424200000000080e-04
4.697414300000000367e+03 2.212413100000000131e-04
4.698314400000000205e+03 2.206549700000000054e-04
4.699214600000000246e+03 2.201477999999999931e-04
4.700114700000000084e+03 2.197763600000000026e-04
4.701015400000000227e+03 2.194101700000000135e-04
4.701915500000000065e+03 2.191676100000000129e-04
4.702815599999999904e+03 2.190169099999999874e-04
4.703715799999999945e+03 2.188192300000000093e-04
4.704615899999999783e+03 2.185207000000000100e-04
4.705516499999999724e+03 2.182623900000000053e-04
4.706416699999999764e+03 2.180579499999999880e-04
4.707316799999999603e+03 2.179607000000000018e-04
4.708216999999999643e+03 2.179287000000000129e-04
4.709117100000000391e+03 2.178867499999999921e-04
4.709827000000000226e+03 2.178382899999999902e-04
4.710017700000000332e+03 2.178241999999999939e-04
4.710455100000000130e+03 2.178034400000000053e-04
4.710917900000000373e+03 2.177903999999999875e-04
4.711083300000000236e+03 2.177857399999999868e-04
4.711711699999999837e+03 2.178226900000000102e-04
4.711818000000000211e+03 2.178293299999999868e-04
4.712340100000000348e+03 2.178665600000000027e-04
4.712718200000000252e+03 2.178955399999999972e-04
4.712968499999999949e+03 2.179121700000000085e-04
4.713597099999999955e+03 2.179274400000000061e-04
4.713618300000000090e+03 2.179279599999999883e-04
4.714225800000000163e+03 2.179891499999999998e-04
4.714518900000000031e+03 2.180302500000000018e-04
4.714854500000000371e+03 2.180688099999999888e-04
4.715419100000000071e+03 2.181091699999999933e-04
4.715483299999999872e+03 2.181137600000000027e-04
4.716112199999999575e+03 2.181287799999999963e-04
4.716319199999999910e+03 2.181305400000000110e-04
4.716741200000000390e+03 2.181386600000000098e-04
4.717219299999999748e+03 2.181536300000000135e-04
4.717370299999999588e+03 2.181583499999999913e-04
4.717999499999999898e+03 2.180879000000000097e-04
4.718119499999999789e+03 2.180720299999999972e-04
4.718628700000000208e+03 2.180019099999999980e-04
4.719020099999999729e+03 2.179461599999999875e-04
4.719257999999999811e+03 2.179122699999999884e-04
4.719887399999999616e+03 2.178193800000000090e-04
4.719920299999999770e+03 2.178145300000000086e-04
4.720516899999999623e+03 2.177230500000000059e-04
4.720820399999999609e+03 2.176753199999999873e-04
4.721146499999999833e+03 2.176196300000000081e-04
4.721720500000000357e+03 2.174961400000000023e-04
4.721776200000000244e+03 2.174841699999999916e-04
4.722405899999999747e+03 2.172683499999999914e-04
4.722620700000000397e+03 2.171820099999999959e-04
4.723035799999999654e+03 2.170056299999999899e-04
4.723521300000000338e+03 2.167804199999999969e-04
4.723665699999999561e+03 2.167134699999999890e-04
4.724295699999999670e+03 2.164643400000000031e-04
4.724421400000000176e+03 2.164166699999999887e-04
4.724925699999999779e+03 2.162451200000000090e-04
4.725321600000000217e+03 2.161285099999999966e-04
4.725555900000000292e+03 2.160595000000000072e-04
4.726186200000000099e+03 2.159239400000000108e-04
4.726221700000000055e+03 2.159165000000000053e-04
4.726816499999999905e+03 2.158341100000000015e-04
4.727121900000000096e+03 2.158113799999999971e-04
4.727446899999999914e+03 2.157912399999999977e-04
4.728022500000000036e+03 2.158114800000000041e-04
4.728077400000000125e+03 2.158134099999999900e-04
4.728707999999999629e+03 2.158096499999999981e-04
4.728922599999999875e+03 2.158030200000000086e-04
4.729338700000000244e+03 2.157932699999999906e-04
4.729822799999999916e+03 2.157911500000000049e-04
4.729969399999999951e+03 2.157905000000000001e-04
4.730600300000000061e+03 2.158092499999999972e-04
4.730722899999999754e+03 2.158142899999999974e-04
4.731231200000000172e+03 2.158318100000000033e-04
4.731623099999999795e+03 2.158412800000000017e-04
4.731862199999999575e+03 2.158470500000000123e-04
4.732493300000000090e+03 2.158653000000000015e-04
4.732523699999999735e+03 2.158661899999999960e-04
4.733124499999999898e+03 2.158794300000000006e-04
4.733423799999999574e+03 2.158834500000000108e-04
4.733755699999999706e+03 2.158879700000000017e-04
4.734323999999999614e+03 2.159006899999999971e-04
4.734387099999999919e+03 2.159021000000000009e-04
4.735018500000000131e+03 2.159177299999999965e-04
4.735224100000000362e+03 2.159231800000000119e-04
4.735649999999999636e+03 2.159341900000000096e-04
4.736124300000000403e+03 2.159452400000000101e-04
4.736281600000000253e+03 2.159488999999999951e-04
4.736913300000000163e+03 2.159642699999999996e-04
4.737024900000000343e+03 2.159670300000000030e-04
4.737545000000000073e+03 2.159800699999999936e-04
4.737925000000000182e+03 2.159898400000000130e-04
4.738176900000000387e+03 2.159959699999999946e-04
4.738808799999999792e+03 2.160098800000000055e-04
4.738825200000000223e+03 2.160102499999999907e-04
4.739440800000000309e+03 2.160255199999999882e-04
4.739725300000000061e+03 2.160360900000000094e-04
4.740072900000000118e+03 2.160518999999999905e-04
4.740625399999999900e+03 2.160897899999999984e-04
4.740705100000000130e+03 2.160936200000000088e-04
4.741526100000000042e+03 2.161181199999999880e-04
4.742426199999999881e+03 2.160712599999999896e-04
4.743326399999999921e+03 2.160381699999999923e-04
4.744226499999999760e+03 2.160071400000000035e-04
4.745126599999999598e+03 2.159534700000000031e-04
4.746027299999999741e+03 2.158641200000000003e-04
4.746927399999999579e+03 2.157525899999999908e-04
4.747827599999999620e+03 2.156472600000000086e-04
4.748727700000000368e+03 2.155022899999999909e-04
4.749627800000000207e+03 2.153140099999999927e-04
4.750528500000000349e+03 2.152002700000000049e-04
4.751428600000000188e+03 2.151318600000000033e-04
4.752328700000000026e+03 2.150994099999999965e-04
4.753228900000000067e+03 2.150772400000000042e-04
4.754128999999999905e+03 2.150538100000000050e-04
4.755029700000000048e+03 2.149928600000000102e-04
4.755929799999999886e+03 2.148826100000000090e-04
4.756829899999999725e+03 2.148171799999999991e-04
4.757730099999999766e+03 2.146839899999999923e-04
4.758630199999999604e+03 2.145022699999999923e-04
4.759530800000000454e+03 2.143286800000000054e-04
4.760430999999999585e+03 2.141750700000000067e-04
4.761331100000000333e+03 2.142616099999999891e-04
4.762231300000000374e+03 2.144280300000000030e-04
4.763131400000000212e+03 2.146072699999999921e-04
4.764032000000000153e+03 2.148302999999999953e-04
4.764932200000000194e+03 2.149179100000000119e-04
4.765832300000000032e+03 2.148901400000000073e-04
4.766732500000000073e+03 2.148671300000000103e-04
4.767632599999999911e+03 2.149217700000000109e-04
4.768533199999999852e+03 2.149656600000000048e-04
4.769433399999999892e+03 2.150441300000000054e-04
4.770333499999999731e+03 2.150858600000000109e-04
4.771233699999999772e+03 2.150486699999999978e-04
4.772133799999999610e+03 2.150448999999999915e-04
4.773034399999999550e+03 2.150384600000000018e-04
4.773934599999999591e+03 2.149851299999999980e-04
4.774834700000000339e+03 2.148962800000000031e-04
4.775734800000000178e+03 2.147813700000000012e-04
4.776635000000000218e+03 2.146552800000000032e-04
4.777535600000000159e+03 2.145208600000000053e-04
4.778435800000000199e+03 2.143892099999999978e-04
4.779335900000000038e+03 2.142710099999999961e-04
4.780235999999999876e+03 2.141654300000000099e-04
4.781136199999999917e+03 2.140908899999999996e-04
4.782036799999999857e+03 2.140928299999999998e-04
4.782936899999999696e+03 2.141207099999999986e-04
4.783837099999999737e+03 2.141050400000000002e-04
4.784737199999999575e+03 2.141910199999999976e-04
4.785637399999999616e+03 2.143221299999999944e-04
4.786537999999999556e+03 2.144513199999999924e-04
4.787438100000000304e+03 2.145884900000000065e-04
4.788338300000000345e+03 2.146239899999999963e-04
4.789238400000000183e+03 2.145553099999999893e-04
4.790138600000000224e+03 2.145043900000000051e-04
4.791039200000000164e+03 2.145126899999999894e-04
4.791939300000000003e+03 2.144790699999999956e-04
4.792839500000000044e+03 2.143758100000000091e-04
4.793739599999999882e+03 2.142506300000000070e-04
4.794639799999999923e+03 2.141207500000000014e-04
4.795540399999999863e+03 2.139954600000000052e-04
4.796440499999999702e+03 2.139102699999999952e-04
4.797340699999999742e+03 2.139487900000000065e-04
4.798240799999999581e+03 2.141470299999999967e-04
4.799140999999999622e+03 2.140407899999999914e-04
4.800041599999999562e+03 2.139213800000000000e-04
4.800941700000000310e+03 2.137713500000000078e-04
4.801841900000000351e+03 2.134942300000000018e-04
4.802742000000000189e+03 2.133632099999999978e-04
4.803642100000000028e+03 2.133353999999999904e-04
4.804542800000000170e+03 2.134032999999999969e-04
4.805442900000000009e+03 2.134975299999999888e-04
4.806343100000000049e+03 2.135677899999999978e-04
4.807243199999999888e+03 2.136059199999999954e-04
4.808143299999999726e+03 2.136321000000000107e-04
4.809043999999999869e+03 2.136772100000000087e-04
4.809944099999999708e+03 2.137294500000000040e-04
4.810844199999999546e+03 2.137997899999999915e-04
4.811744399999999587e+03 2.138645099999999925e-04
4.812644500000000335e+03 2.138906900000000079e-04
4.813545199999999568e+03 2.138637299999999921e-04
4.814445300000000316e+03 2.137353399999999959e-04
4.815345400000000154e+03 2.136330300000000080e-04
4.816245600000000195e+03 2.134641899999999875e-04
4.817145700000000033e+03 2.131893500000000055e-04
4.818046400000000176e+03 2.128251500000000066e-04
4.818946500000000015e+03 2.124836299999999950e-04
4.819846599999999853e+03 2.121814800000000134e-04
4.820746799999999894e+03 2.120403800000000090e-04
4.821646899999999732e+03 2.121064799999999981e-04
4.822547499999999673e+03 2.121433699999999902e-04
4.823447699999999713e+03 2.121039099999999945e-04
4.824347799999999552e+03 2.120393799999999932e-04
4.825247999999999593e+03 2.118998900000000065e-04
4.826148100000000341e+03 2.118046700000000132e-04
4.827048700000000281e+03 2.116519999999999990e-04
4.827948900000000322e+03 2.115301499999999995e-04
4.828849000000000160e+03 2.114242400000000037e-04
4.829749200000000201e+03 2.113514499999999939e-04
4.830649300000000039e+03 2.112828499999999925e-04
4.831549899999999980e+03 2.111789199999999998e-04
4.832450100000000020e+03 2.108566800000000088e-04
4.833350199999999859e+03 2.106282399999999931e-04
4.834250399999999900e+03 2.105592599999999922e-04
4.835150499999999738e+03 2.103593700000000086e-04
4.836051099999999678e+03 2.100931399999999920e-04
4.836951299999999719e+03 2.098639600000000059e-04
4.837851399999999558e+03 2.096543099999999900e-04
4.838751500000000306e+03 2.094757899999999970e-04
4.839651700000000346e+03 2.093314199999999942e-04
4.840552300000000287e+03 2.093857600000000008e-04
4.841452500000000327e+03 2.090998499999999899e-04
4.842352600000000166e+03 2.087337400000000064e-04
4.843252700000000004e+03 2.083968399999999927e-04
4.844152900000000045e+03 2.092537299999999939e-04
4.845053499999999985e+03 2.098796799999999942e-04
4.845953700000000026e+03 2.099428599999999959e-04
4.846824899999999616e+03 2.113018600000000078e-04
4.846853799999999865e+03 2.113524100000000068e-04
4.847471300000000156e+03 2.127277299999999949e-04
4.847753899999999703e+03 2.133833699999999986e-04
4.848117799999999988e+03 2.140505499999999965e-04
4.848654099999999744e+03 2.149258900000000009e-04
4.848764400000000023e+03 2.151059800000000089e-04
4.849411100000000260e+03 2.177682400000000094e-04
4.849554699999999684e+03 2.183600700000000081e-04
4.850057899999999790e+03 2.230090400000000084e-04
4.850454800000000432e+03 2.272889400000000079e-04
4.850704700000000230e+03 2.317869099999999888e-04
4.851351700000000164e+03 2.478800499999999816e-04
4.851354999999999563e+03 2.479631000000000044e-04
4.851998700000000099e+03 2.684801400000000142e-04
4.852255100000000311e+03 2.770977100000000023e-04
4.852645800000000236e+03 3.001806799999999823e-04
4.853155300000000352e+03 3.370039200000000089e-04
4.853292999999999665e+03 3.469551299999999966e-04
4.853940300000000207e+03 4.491788599999999802e-04
4.854055900000000292e+03 4.674533799999999978e-04
4.854587599999999838e+03 6.176340800000000488e-04
4.854956000000000131e+03 7.386199800000000249e-04
4.855235099999999875e+03 8.187473700000000255e-04
4.855856200000000172e+03 9.676548899999999967e-04
4.855882599999999911e+03 9.739930699999999747e-04
4.856530300000000352e+03 1.456313699999999900e-03
4.856756300000000010e+03 1.652869200000000021e-03
4.857177999999999884e+03 2.094040699999999942e-03
4.857656500000000051e+03 2.646521000000000203e-03
4.857825799999999617e+03 2.841676699999999816e-03
4.858473699999999553e+03 3.539391399999999941e-03
4.858557099999999991e+03 3.629242999999999879e-03
4.859121600000000399e+03 4.092753200000000258e-03
4.859457199999999830e+03 4.331083000000000328e-03
4.859769699999999830e+03 4.525809599999999766e-03
4.860357399999999870e+03 4.826016399999999949e-03
4.860417800000000170e+03 4.856891900000000206e-03
4.861066100000000006e+03 4.795419999999999891e-03
4.861257499999999709e+03 4.750563900000000055e-03
4.861714399999999841e+03 4.374374299999999986e-03
4.862157699999999750e+03 3.827958900000000102e-03
4.862362799999999879e+03 3.574990499999999849e-03
4.863011300000000119e+03 2.767158999999999938e-03
4.863058299999999690e+03 2.708599900000000209e-03
4.863659899999999652e+03 2.059194500000000039e-03
4.863958400000000438e+03 1.761193400000000010e-03
4.864308500000000095e+03 1.433221300000000033e-03
4.864858599999999569e+03 9.646637400000000143e-04
4.864957300000000032e+03 8.806018599999999863e-04
4.865606099999999969e+03 6.198032500000000191e-04
4.865758700000000317e+03 5.725062699999999751e-04
4.866255000000000109e+03 4.410870000000000003e-04
4.866658900000000358e+03 3.480320300000000065e-04
4.866904099999999744e+03 2.964985700000000190e-04
4.867553200000000288e+03 2.728251499999999742e-04
4.867559500000000298e+03 2.725937099999999925e-04
4.868202299999999923e+03 2.530290100000000069e-04
4.868459600000000137e+03 2.460327100000000143e-04
4.868851599999999962e+03 2.372753299999999900e-04
4.869359800000000178e+03 2.294258499999999982e-04
4.869501000000000204e+03 2.272454300000000134e-04
4.870150400000000445e+03 2.196752600000000046e-04
4.870259900000000016e+03 2.184697700000000115e-04
4.870799899999999980e+03 2.139679099999999888e-04
4.871159999999999854e+03 2.117440799999999895e-04
4.871449599999999919e+03 2.100441400000000066e-04
4.872060699999999997e+03 2.075309899999999881e-04
4.872099299999999857e+03 2.073724300000000091e-04
4.872748999999999796e+03 2.055748900000000019e-04
4.872960799999999836e+03 2.051280400000000080e-04
4.873398900000000140e+03 2.045478900000000132e-04
4.873860999999999876e+03 2.044514699999999902e-04
4.874048899999999776e+03 2.044122599999999984e-04
4.874698900000000322e+03 2.047219499999999924e-04
4.874761099999999715e+03 2.047571100000000126e-04
4.875349100000000362e+03 2.050466800000000085e-04
4.875661199999999553e+03 2.051812199999999877e-04
4.875999300000000403e+03 2.052844800000000014e-04
4.876561899999999696e+03 2.052727700000000089e-04
4.876649599999999737e+03 2.052938899999999956e-04
4.877300000000000182e+03 2.054679200000000133e-04
4.877462000000000444e+03 2.055355300000000131e-04
4.877950499999999920e+03 2.057920699999999888e-04
4.878362199999999575e+03 2.060696599999999870e-04
4.878601099999999860e+03 2.062213199999999983e-04
4.879262300000000323e+03 2.065970199999999886e-04
4.880162400000000162e+03 2.070016100000000078e-04
4.881063100000000304e+03 2.072738499999999975e-04
4.881963200000000143e+03 2.075175899999999994e-04
4.882863299999999981e+03 2.077677400000000024e-04
4.883763500000000022e+03 2.079805699999999968e-04
4.884663599999999860e+03 2.081534099999999990e-04
4.885564300000000003e+03 2.083597300000000123e-04
4.886464399999999841e+03 2.086438800000000086e-04
4.887364499999999680e+03 2.090077400000000109e-04
4.888264699999999721e+03 2.093883599999999930e-04
4.889164799999999559e+03 2.097923499999999972e-04
4.890065499999999702e+03 2.101395799999999882e-04
4.890965600000000450e+03 2.103580099999999948e-04
4.891865700000000288e+03 2.105758700000000022e-04
4.892765900000000329e+03 2.107998500000000041e-04
4.893666000000000167e+03 2.108566499999999931e-04
4.894566600000000108e+03 2.109332700000000134e-04
4.895466800000000148e+03 2.110111800000000020e-04
4.896366899999999987e+03 2.109298299999999896e-04
4.897267100000000028e+03 2.107139500000000123e-04
4.898167199999999866e+03 2.105696399999999865e-04
4.899067799999999806e+03 2.106475900000000050e-04
4.899967999999999847e+03 2.107664000000000087e-04
4.900868099999999686e+03 2.108678800000000062e-04
4.901768299999999726e+03 2.108287099999999901e-04
4.902668399999999565e+03 2.107678499999999882e-04
4.903569000000000415e+03 2.106486900000000006e-04
4.904469199999999546e+03 2.103821799999999916e-04
4.905369300000000294e+03 2.100597099999999980e-04
4.906269500000000335e+03 2.098731199999999961e-04
4.907169600000000173e+03 2.099090099999999996e-04
4.908070200000000114e+03 2.100723899999999906e-04
4.908970400000000154e+03 2.102440200000000030e-04
4.909870499999999993e+03 2.102623299999999964e-04
4.910770700000000033e+03 2.101264599999999919e-04
4.911670799999999872e+03 2.098905700000000107e-04
4.912571399999999812e+03 2.093919600000000009e-04
4.913471599999999853e+03 2.087842999999999925e-04
4.914371699999999691e+03 2.084616500000000135e-04
4.915271899999999732e+03 2.084032200000000053e-04
4.916171999999999571e+03 2.083570699999999888e-04
4.917072600000000421e+03 2.082908899999999942e-04
4.917972799999999552e+03 2.081960400000000132e-04
4.918872900000000300e+03 2.080433299999999962e-04
4.919773000000000138e+03 2.080541400000000070e-04
4.920673200000000179e+03 2.083309500000000048e-04
4.921573800000000119e+03 2.087423900000000016e-04
4.922474000000000160e+03 2.090316499999999894e-04
4.923374099999999999e+03 2.090318500000000034e-04
4.924274199999999837e+03 2.089935799999999961e-04
4.925174399999999878e+03 2.089159200000000115e-04
4.926074999999999818e+03 2.089897699999999870e-04
4.926975199999999859e+03 2.091661200000000044e-04
4.927875299999999697e+03 2.092843699999999960e-04
4.928775400000000445e+03 2.091644700000000110e-04
4.929675599999999577e+03 2.090046999999999879e-04
4.930576200000000426e+03 2.088740600000000105e-04
4.931476300000000265e+03 2.086565800000000025e-04
4.932376500000000306e+03 2.084886999999999949e-04
4.933276600000000144e+03 2.085301300000000065e-04
4.934176800000000185e+03 2.088226300000000041e-04
4.935077400000000125e+03 2.091273200000000007e-04
4.935977499999999964e+03 2.092830399999999979e-04
4.936877700000000004e+03 2.094094400000000040e-04
4.937777799999999843e+03 2.095119999999999958e-04
4.938677999999999884e+03 2.096421199999999911e-04
4.939578599999999824e+03 2.098551999999999894e-04
4.940478699999999662e+03 2.101438500000000023e-04
4.941378899999999703e+03 2.104977800000000011e-04
4.942279000000000451e+03 2.110693899999999948e-04
4.943179199999999582e+03 2.124620399999999890e-04
4.944079800000000432e+03 2.145842700000000095e-04
4.944098100000000159e+03 2.146231699999999931e-04
4.944757499999999709e+03 2.160261299999999903e-04
4.944979900000000271e+03 2.163444399999999909e-04
4.945417000000000371e+03 2.169613399999999952e-04
4.945880100000000311e+03 2.182508300000000098e-04
4.946076500000000124e+03 2.191196899999999946e-04
4.946736200000000281e+03 2.234839100000000109e-04
4.946780200000000150e+03 2.240738499999999993e-04
4.947395900000000438e+03 2.323235899999999919e-04
4.947680400000000191e+03 2.423576600000000027e-04
4.948055699999999888e+03 2.590781300000000111e-04
4.948581000000000131e+03 2.793395200000000126e-04
4.948715699999999742e+03 2.831702200000000029e-04
4.949375699999999597e+03 3.068392500000000252e-04
4.949481099999999969e+03 3.159788700000000093e-04
4.950035799999999654e+03 3.640606099999999824e-04
4.950381300000000010e+03 4.366679999999999737e-04
4.950695899999999710e+03 5.368580400000000320e-04
4.951281399999999849e+03 7.791113700000000140e-04
4.951356200000000172e+03 8.263783899999999679e-04
4.952016599999999926e+03 1.244018200000000015e-03
4.952181599999999889e+03 1.357397999999999895e-03
4.952676999999999680e+03 1.697766199999999927e-03
4.953082199999999830e+03 2.054863699999999894e-03
4.953337599999999838e+03 2.350059299999999931e-03
4.953982299999999668e+03 3.240304900000000148e-03
4.953998199999999997e+03 3.272815300000000201e-03
4.954658900000000358e+03 4.625916199999999950e-03
4.954882499999999709e+03 5.201171899999999966e-03
4.955319700000000012e+03 6.423035500000000286e-03
4.955782599999999547e+03 7.628496400000000371e-03
4.955980599999999868e+03 8.066113800000000028e-03
4.956641499999999724e+03 9.414700700000000477e-03
4.956682700000000295e+03 9.461361800000000002e-03
4.957302599999999984e+03 1.016420999999999991e-02
4.957583400000000438e+03 1.039908299999999994e-02
4.957963800000000447e+03 1.060487499999999972e-02
4.958483500000000276e+03 1.065720399999999998e-02
4.958625000000000000e+03 1.049466200000000009e-02
4.959286299999999756e+03 9.659007100000000304e-03
4.959383700000000317e+03 9.320723399999999645e-03
4.959947699999999713e+03 7.361209300000000171e-03
4.960283800000000156e+03 6.357875300000000347e-03
4.960609199999999873e+03 5.657594499999999901e-03
4.961183899999999994e+03 4.362662199999999858e-03
4.961270800000000236e+03 4.132827500000000112e-03
4.961932499999999891e+03 2.383553499999999797e-03
4.962084600000000137e+03 2.203638700000000190e-03
4.962594299999999748e+03 1.850764400000000105e-03
4.962984699999999975e+03 1.565975700000000071e-03
4.963256099999999606e+03 1.341773500000000051e-03
4.963884900000000016e+03 8.605212299999999990e-04
4.963918099999999868e+03 8.453743600000000529e-04
4.964580100000000130e+03 5.432210599999999587e-04
4.964784999999999854e+03 4.765165799999999756e-04
4.965242199999999684e+03 3.939980400000000073e-04
4.965685099999999693e+03 3.244099900000000053e-04
4.965904499999999643e+03 3.095348900000000026e-04
4.966566799999999603e+03 2.672046799999999917e-04
4.966585799999999836e+03 2.666386999999999989e-04
4.967229099999999562e+03 2.475246799999999904e-04
4.967485899999999674e+03 2.409226900000000025e-04
4.967891599999999926e+03 2.339836300000000026e-04
4.968386099999999715e+03 2.261589100000000081e-04
4.968554199999999582e+03 2.246830199999999913e-04
4.969216800000000148e+03 2.188674200000000059e-04
4.969286199999999553e+03 2.185606000000000094e-04
4.969879600000000210e+03 2.159363699999999994e-04
4.970186300000000301e+03 2.146191500000000100e-04
4.970542400000000271e+03 2.132607800000000016e-04
4.971087000000000444e+03 2.112769199999999978e-04
4.971205299999999625e+03 2.110107300000000111e-04
4.971868300000000090e+03 2.095190300000000132e-04
4.971987100000000282e+03 2.093406799999999914e-04
4.972531399999999849e+03 2.090051199999999902e-04
4.972887200000000121e+03 2.088045300000000118e-04
4.973194599999999809e+03 2.087327700000000063e-04
4.973787400000000162e+03 2.085844599999999989e-04
4.973857899999999972e+03 2.085517900000000038e-04
4.974521200000000135e+03 2.082422500000000068e-04
4.974687500000000000e+03 2.081610600000000056e-04
4.975184699999999793e+03 2.079159599999999899e-04
4.975588200000000143e+03 2.077450200000000122e-04
4.975848200000000361e+03 2.077229999999999897e-04
4.976488299999999981e+03 2.076653900000000118e-04
4.976511800000000221e+03 2.076604800000000071e-04
4.977388399999999820e+03 2.074827599999999887e-04
4.978288599999999860e+03 2.075647200000000031e-04
4.979188699999999699e+03 2.069469700000000072e-04
4.980089399999999841e+03 2.070924499999999928e-04
4.980989499999999680e+03 2.072661799999999895e-04
4.981889600000000428e+03 2.073270199999999901e-04
4.982789799999999559e+03 2.071569300000000041e-04
4.983689900000000307e+03 2.069762600000000098e-04
4.984590500000000247e+03 2.070349900000000118e-04
4.985490700000000288e+03 2.071327000000000031e-04
4.986390800000000127e+03 2.072021099999999934e-04
4.987291000000000167e+03 2.075643000000000008e-04
4.988191100000000006e+03 2.079826900000000096e-04
4.989091699999999946e+03 2.080973900000000103e-04
4.989991899999999987e+03 2.083358800000000108e-04
4.990891999999999825e+03 2.112515000000000085e-04
4.991792199999999866e+03 2.127627999999999952e-04
4.991799600000000282e+03 2.127730600000000082e-04
4.992465400000000045e+03 2.133282899999999944e-04
4.992692299999999705e+03 2.134672500000000118e-04
4.993131199999999808e+03 2.146827499999999869e-04
4.993592899999999645e+03 2.175404699999999999e-04
4.993797099999999773e+03 2.195782199999999924e-04
4.994463200000000143e+03 2.295003900000000085e-04
4.994493099999999686e+03 2.300558499999999973e-04
4.995129299999999603e+03 2.456281900000000136e-04
4.995393200000000434e+03 2.548932899999999937e-04
4.995795500000000175e+03 2.745703599999999934e-04
4.996293399999999565e+03 3.209940800000000158e-04
4.996461699999999837e+03 3.400094399999999801e-04
4.997128099999999904e+03 4.318719200000000228e-04
4.997193500000000313e+03 4.433212500000000239e-04
4.997794600000000173e+03 5.983476499999999462e-04
4.998094100000000253e+03 8.066918300000000498e-04
4.998461100000000442e+03 1.105379099999999901e-03
4.998994300000000294e+03 1.574525499999999967e-03
4.999127800000000207e+03 1.697051700000000007e-03
4.999794499999999971e+03 2.418101499999999928e-03
4.999894400000000132e+03 2.614655500000000188e-03
5.000461299999999937e+03 3.847157099999999955e-03
5.000794600000000173e+03 4.644463599999999921e-03
5.001128200000000106e+03 5.530287800000000323e-03
5.001694700000000012e+03 7.128479699999999870e-03
5.001795199999999568e+03 7.708746699999999633e-03
5.002462300000000141e+03 1.172337199999999927e-02
5.002595299999999952e+03 1.260037999999999957e-02
5.003129500000000007e+03 1.740160699999999949e-02
5.003495499999999993e+03 2.097116200000000152e-02
5.003796699999999873e+03 2.309979900000000072e-02
5.004395599999999831e+03 2.600380999999999873e-02
5.004464100000000144e+03 2.633590599999999921e-02
5.005131500000000415e+03 2.916453499999999838e-02
5.005295799999999872e+03 2.983465100000000023e-02
5.005799100000000180e+03 3.130997800000000220e-02
5.006195899999999710e+03 3.192037400000000136e-02
5.006466699999999946e+03 3.163239300000000170e-02
5.007096499999999651e+03 2.796851599999999882e-02
5.007134399999999914e+03 2.774817200000000150e-02
5.007802200000000084e+03 2.315153899999999876e-02
5.007996699999999691e+03 2.176788799999999913e-02
5.008470099999999547e+03 1.801366500000000162e-02
5.008896800000000439e+03 1.444813799999999926e-02
5.009137999999999920e+03 1.258307200000000070e-02
5.009796999999999571e+03 8.413699599999999515e-03
5.009806099999999788e+03 8.356153499999999582e-03
5.010474199999999655e+03 5.362498900000000138e-03
5.010697100000000319e+03 4.497704200000000006e-03
5.011142499999999927e+03 3.158529099999999798e-03
5.011597700000000259e+03 2.055445999999999836e-03
5.011810800000000199e+03 1.586378600000000038e-03
5.012479199999999764e+03 1.026237300000000041e-03
5.012497900000000300e+03 1.010598199999999990e-03
5.013147700000000441e+03 6.140464600000000413e-04
5.013398000000000138e+03 4.846509000000000255e-04
5.013816300000000410e+03 3.616352600000000074e-04
5.014298099999999977e+03 3.129105300000000075e-04
5.014484999999999673e+03 2.940043999999999731e-04
5.015153800000000047e+03 2.645310099999999926e-04
5.015198300000000017e+03 2.626205399999999865e-04
5.015822699999999713e+03 2.434138300000000127e-04
5.016098899999999958e+03 2.365648799999999874e-04
5.016491600000000290e+03 2.289024099999999997e-04
5.016999099999999999e+03 2.220903099999999909e-04
5.017160700000000361e+03 2.199214700000000030e-04
5.017829800000000432e+03 2.149960599999999901e-04
5.017899199999999837e+03 2.145222199999999920e-04
5.018498999999999796e+03 2.114611099999999945e-04
5.018799299999999675e+03 2.102308899999999925e-04
5.019168300000000272e+03 2.088656300000000035e-04
5.019699499999999716e+03 2.072377499999999929e-04
5.019837700000000041e+03 2.068140999999999957e-04
5.020507200000000012e+03 2.059689300000000012e-04
5.020600099999999657e+03 2.058790700000000034e-04
5.021176800000000185e+03 2.056210799999999941e-04
5.021500299999999697e+03 2.055939900000000099e-04
5.021846499999999651e+03 2.055775099999999954e-04
5.022400400000000445e+03 2.055971899999999898e-04
5.022516200000000026e+03 2.055994300000000110e-04
5.023186099999999897e+03 2.056218399999999930e-04
5.023300500000000284e+03 2.056323500000000100e-04
5.023855999999999767e+03 2.056889300000000107e-04
5.024200700000000325e+03 2.057406600000000110e-04
5.024525999999999840e+03 2.057931300000000088e-04
5.025101300000000265e+03 2.059025000000000026e-04
5.026001500000000306e+03 2.060881000000000030e-04
5.026901600000000144e+03 2.061989899999999948e-04
5.027801699999999983e+03 2.061720799999999961e-04
5.028701900000000023e+03 2.060359799999999890e-04
5.029602499999999964e+03 2.058654700000000007e-04
5.030502700000000004e+03 2.055701800000000112e-04
5.031402799999999843e+03 2.051825300000000116e-04
5.032302899999999681e+03 2.050020499999999899e-04
5.033203099999999722e+03 2.047744700000000073e-04
5.034103699999999662e+03 2.044462199999999888e-04
5.035003800000000410e+03 2.042526199999999980e-04
5.035904000000000451e+03 2.041903699999999937e-04
5.036804100000000290e+03 2.043989199999999868e-04
5.037704300000000330e+03 2.046231299999999912e-04
5.038604900000000271e+03 2.046349500000000049e-04
5.039505000000000109e+03 2.047294399999999878e-04
5.040405200000000150e+03 2.046627799999999866e-04
5.041305299999999988e+03 2.045527399999999866e-04
5.042205500000000029e+03 2.046904700000000128e-04
5.043106099999999969e+03 2.046286999999999878e-04
5.044006199999999808e+03 2.045747200000000063e-04
5.044906399999999849e+03 2.045518899999999949e-04
5.045806499999999687e+03 2.045762000000000014e-04
5.046706699999999728e+03 2.047164400000000000e-04
5.047607299999999668e+03 2.049202699999999881e-04
5.048507400000000416e+03 2.050946400000000025e-04
5.049407599999999547e+03 2.051951799999999885e-04
5.050307700000000295e+03 2.052649199999999883e-04
5.051207900000000336e+03 2.054012400000000107e-04
5.052108500000000276e+03 2.055812500000000131e-04
5.053008600000000115e+03 2.056393199999999961e-04
5.053908800000000156e+03 2.055378100000000100e-04
5.054808899999999994e+03 2.055245199999999883e-04
5.055709100000000035e+03 2.056610100000000091e-04
5.056609699999999975e+03 2.057348200000000090e-04
5.057509799999999814e+03 2.056514000000000009e-04
5.058409999999999854e+03 2.054941800000000072e-04
5.059310099999999693e+03 2.052492699999999913e-04
5.060210299999999734e+03 2.049293299999999985e-04
5.061110899999999674e+03 2.046498000000000002e-04
5.062011000000000422e+03 2.045055999999999957e-04
5.062911199999999553e+03 2.044875899999999962e-04
5.063811300000000301e+03 2.045227099999999865e-04
5.064711500000000342e+03 2.045462100000000041e-04
5.065612100000000282e+03 2.045121500000000067e-04
5.066512200000000121e+03 2.044101799999999884e-04
5.067412400000000162e+03 2.042950299999999968e-04
5.068312500000000000e+03 2.042205400000000036e-04
5.069212599999999838e+03 2.041772699999999988e-04
5.070113299999999981e+03 2.041311600000000122e-04
5.071013399999999820e+03 2.040499799999999982e-04
5.071913599999999860e+03 2.039472799999999966e-04
5.072813699999999699e+03 2.038267900000000109e-04
5.073713800000000447e+03 2.036385199999999999e-04
5.074614499999999680e+03 2.034552500000000135e-04
5.075514600000000428e+03 2.033809200000000043e-04
5.076414799999999559e+03 2.034516100000000028e-04
5.077314900000000307e+03 2.036304699999999925e-04
5.078215000000000146e+03 2.037966499999999896e-04
5.079115700000000288e+03 2.038691099999999899e-04
5.080015800000000127e+03 2.038864199999999946e-04
5.080916000000000167e+03 2.039560500000000003e-04
5.081816100000000006e+03 2.040917500000000064e-04
5.082716199999999844e+03 2.042066699999999955e-04
5.083616899999999987e+03 2.042850399999999891e-04
5.084516999999999825e+03 2.043542800000000082e-04
5.085417199999999866e+03 2.044150299999999889e-04
5.086317299999999705e+03 2.044832200000000022e-04
5.087217400000000453e+03 2.045846799999999984e-04
5.088118099999999686e+03 2.045560699999999892e-04
5.089018200000000434e+03 2.043936199999999955e-04
5.089918399999999565e+03 2.042466799999999891e-04
5.090818500000000313e+03 2.041087700000000045e-04
5.091718600000000151e+03 2.038412299999999911e-04
5.092619300000000294e+03 2.035150299999999941e-04
5.093519400000000132e+03 2.032709800000000113e-04
5.094419499999999971e+03 2.031722599999999899e-04
5.095319700000000012e+03 2.032159699999999984e-04
5.096219799999999850e+03 2.033107100000000123e-04
5.097120499999999993e+03 2.033771900000000009e-04
5.098020599999999831e+03 2.034419700000000060e-04
5.098920699999999670e+03 2.034286200000000073e-04
5.099820899999999710e+03 2.032388599999999869e-04
5.100720999999999549e+03 2.031344699999999891e-04
5.101621699999999691e+03 2.030367900000000134e-04
5.102521800000000439e+03 2.029124899999999916e-04
5.103421900000000278e+03 2.028760600000000045e-04
5.104322100000000319e+03 2.029788799999999874e-04
5.105222200000000157e+03 2.031574099999999947e-04
5.106122900000000300e+03 2.033262800000000038e-04
5.107023000000000138e+03 2.033998600000000011e-04
5.107923099999999977e+03 2.034082500000000053e-04
5.108823300000000017e+03 2.034664500000000109e-04
5.109723399999999856e+03 2.035481900000000099e-04
5.110624099999999999e+03 2.035375099999999946e-04
5.111524199999999837e+03 2.034507000000000069e-04
5.112424299999999675e+03 2.034027700000000014e-04
5.113324499999999716e+03 2.035480500000000001e-04
5.114224599999999555e+03 2.034601900000000067e-04
5.115125299999999697e+03 2.031818899999999995e-04
5.116025400000000445e+03 2.029962800000000120e-04
5.116925500000000284e+03 2.027903599999999996e-04
5.117825700000000325e+03 2.026124799999999971e-04
5.118725800000000163e+03 2.023535000000000134e-04
5.119626400000000103e+03 2.020724099999999873e-04
5.120526600000000144e+03 2.018679899999999985e-04
5.121426699999999983e+03 2.017867700000000087e-04
5.122326900000000023e+03 2.018413999999999950e-04
5.123226999999999862e+03 2.019476300000000132e-04
5.124127599999999802e+03 2.020837299999999931e-04
5.125027799999999843e+03 2.022031600000000131e-04
5.125927899999999681e+03 2.022775299999999979e-04
5.126828099999999722e+03 2.022174899999999991e-04
5.127728199999999561e+03 2.022289400000000005e-04
5.128628800000000410e+03 2.022551999999999944e-04
5.129529000000000451e+03 2.022671399999999894e-04
5.130429100000000290e+03 2.022889799999999993e-04
5.131329300000000330e+03 2.022117999999999941e-04
5.132229400000000169e+03 2.020516600000000129e-04
5.133130000000000109e+03 2.018552799999999902e-04
5.134030200000000150e+03 2.016599700000000018e-04
5.134930299999999988e+03 2.014924899999999950e-04
5.135830500000000029e+03 2.013615000000000066e-04
5.136730599999999868e+03 2.012830700000000088e-04
5.137631199999999808e+03 2.012624599999999900e-04
5.138531399999999849e+03 2.012440899999999925e-04
5.139431499999999687e+03 2.012236099999999963e-04
5.140331699999999728e+03 2.011983400000000039e-04
5.141231799999999566e+03 2.011713900000000024e-04
5.142132400000000416e+03 2.011457900000000005e-04
5.143032599999999547e+03 2.011252400000000131e-04
5.143932700000000295e+03 2.010828400000000014e-04
5.144832900000000336e+03 2.010118999999999990e-04
5.145733000000000175e+03 2.009208199999999972e-04
5.146633600000000115e+03 2.008776700000000008e-04
5.147533800000000156e+03 2.009776399999999876e-04
5.148433899999999994e+03 2.011779200000000120e-04
5.149334100000000035e+03 2.013568299999999916e-04
5.150234199999999873e+03 2.014736500000000052e-04
5.151134799999999814e+03 2.014708499999999991e-04
5.152034999999999854e+03 2.014686399999999935e-04
5.152935099999999693e+03 2.014727299999999951e-04
5.153835299999999734e+03 2.013884700000000095e-04
5.154735399999999572e+03 2.013942399999999930e-04
5.155636000000000422e+03 2.013962800000000002e-04
5.156536199999999553e+03 2.013047799999999961e-04
5.157436300000000301e+03 2.009252499999999953e-04
5.158336500000000342e+03 2.002872900000000087e-04
5.159236600000000180e+03 1.998552599999999944e-04
5.160137200000000121e+03 1.996927000000000066e-04
5.161037400000000162e+03 1.995508200000000018e-04
5.161937500000000000e+03 1.992652899999999903e-04
5.162837700000000041e+03 1.987933400000000024e-04
5.163737799999999879e+03 1.982650100000000006e-04
5.164638399999999820e+03 1.979128599999999908e-04
5.165538599999999860e+03 1.976527099999999930e-04
5.166438699999999699e+03 1.975120800000000078e-04
5.167338899999999740e+03 1.974112800000000036e-04
5.168238999999999578e+03 1.973504299999999888e-04
5.169139600000000428e+03 1.976850700000000070e-04
5.170039799999999559e+03 1.979957599999999896e-04
5.170939900000000307e+03 1.983794500000000103e-04
5.171840100000000348e+03 1.987284399999999888e-04
5.172740200000000186e+03 1.989831100000000099e-04
5.173640800000000127e+03 1.994037299999999984e-04
5.174541000000000167e+03 1.995613000000000031e-04
5.175441100000000006e+03 1.992823200000000026e-04
5.176195300000000316e+03 1.991143300000000008e-04
5.176341199999999844e+03 1.990990200000000005e-04
5.176885699999999815e+03 1.990512100000000034e-04
5.177241399999999885e+03 1.990258200000000026e-04
5.177576100000000224e+03 1.990310999999999925e-04
5.178141999999999825e+03 1.992540699999999915e-04
5.178266599999999926e+03 1.993031599999999968e-04
5.178957199999999830e+03 1.992793900000000009e-04
5.179042199999999866e+03 1.992661600000000105e-04
5.179647899999999936e+03 1.994307000000000013e-04
5.179942299999999705e+03 1.996204599999999946e-04
5.180338700000000244e+03 1.998154300000000135e-04
5.180842400000000453e+03 1.998591399999999948e-04
5.181029599999999846e+03 1.998753900000000067e-04
5.181720599999999649e+03 2.003726899999999926e-04
5.181742599999999584e+03 2.003910399999999888e-04
5.182411699999999655e+03 2.012221000000000127e-04
5.182643200000000434e+03 2.015859200000000122e-04
5.183102899999999863e+03 2.022796900000000135e-04
5.183543399999999565e+03 2.028910999999999996e-04
5.183794100000000071e+03 2.032390600000000009e-04
5.184443500000000313e+03 2.038432899999999997e-04
5.184485499999999774e+03 2.038804400000000100e-04
5.185176900000000387e+03 2.043221299999999953e-04
5.185343600000000151e+03 2.044018499999999885e-04
5.185868400000000292e+03 2.045607200000000027e-04
5.186243800000000192e+03 2.045712299999999926e-04
5.186560099999999693e+03 2.045800899999999890e-04
5.187144400000000132e+03 2.050374599999999869e-04
5.187251800000000003e+03 2.051229000000000008e-04
5.187943599999999606e+03 2.056226399999999948e-04
5.188044600000000173e+03 2.056920599999999993e-04
5.188635500000000320e+03 2.058742600000000058e-04
5.188944700000000012e+03 2.058147599999999905e-04
5.189327500000000327e+03 2.057542700000000008e-04
5.189844799999999850e+03 2.058208499999999964e-04
5.190019599999999627e+03 2.058433400000000111e-04
5.190711800000000039e+03 2.062010300000000019e-04
5.190744999999999891e+03 2.062224700000000110e-04
5.191404099999999744e+03 2.065331199999999908e-04
5.191645599999999831e+03 2.065984600000000081e-04
5.192096400000000358e+03 2.066442099999999966e-04
5.192545799999999872e+03 2.063967799999999941e-04
5.192788899999999558e+03 2.062629400000000096e-04
5.193445899999999710e+03 2.057702599999999946e-04
5.193481399999999667e+03 2.057420300000000119e-04
5.194174100000000180e+03 2.054254900000000131e-04
5.194345999999999549e+03 2.054007400000000029e-04
5.194866799999999785e+03 2.051632299999999896e-04
5.195246199999999590e+03 2.046879600000000134e-04
5.195559599999999591e+03 2.042953000000000022e-04
5.196146800000000439e+03 2.037664099999999883e-04
5.196252599999999802e+03 2.036759000000000128e-04
5.196945600000000013e+03 2.029488600000000015e-04
5.197046999999999571e+03 2.028292200000000075e-04
5.197638700000000426e+03 2.021283299999999960e-04
5.197947100000000319e+03 2.017600199999999941e-04
5.198331900000000132e+03 2.013005100000000091e-04
5.198847200000000157e+03 2.011704200000000024e-04
5.199025200000000041e+03 2.011291599999999891e-04
5.199718600000000151e+03 2.010795000000000117e-04
5.199747400000000198e+03 2.010796300000000072e-04
5.200412000000000262e+03 2.009775099999999920e-04
5.200648000000000138e+03 2.008823000000000130e-04
5.201105599999999868e+03 2.006893099999999971e-04
5.201548200000000179e+03 2.004293799999999875e-04
5.201799299999999675e+03 2.002819499999999875e-04
5.202448300000000017e+03 1.998820199999999962e-04
5.202493000000000393e+03 1.998540199999999890e-04
5.203186899999999696e+03 1.994449100000000061e-04
5.203348399999999856e+03 1.993567200000000031e-04
5.203880799999999908e+03 1.990954500000000082e-04
5.204248599999999897e+03 1.989983499999999918e-04
5.204574800000000323e+03 1.989122300000000117e-04
5.205149199999999837e+03 1.987084399999999992e-04
5.205268900000000031e+03 1.986634500000000097e-04
5.205963200000000143e+03 1.986520099999999954e-04
5.206049399999999878e+03 1.986769700000000068e-04
5.206657500000000255e+03 1.988505100000000038e-04
5.206949499999999716e+03 1.989305699999999936e-04
5.207351899999999659e+03 1.990192099999999874e-04
5.207849599999999555e+03 1.989157600000000011e-04
5.208046400000000176e+03 1.988694099999999978e-04
5.208740899999999783e+03 1.988631099999999907e-04
5.208749799999999595e+03 1.988642299999999878e-04
5.209435599999999795e+03 1.989781199999999996e-04
5.209650400000000445e+03 1.990418900000000019e-04
5.210130400000000009e+03 1.991803399999999972e-04
5.210550599999999577e+03 1.991830100000000078e-04
5.210825300000000425e+03 1.991769099999999876e-04
5.211450700000000325e+03 1.991668899999999914e-04
5.211520199999999932e+03 1.991723400000000067e-04
5.212215299999999843e+03 1.992408499999999882e-04
5.212350800000000163e+03 1.992705799999999945e-04
5.212910399999999754e+03 1.993893499999999954e-04
5.213251000000000204e+03 1.994448999999999918e-04
5.213605599999999868e+03 1.994960799999999943e-04
5.214151600000000144e+03 1.995400699999999952e-04
5.214301000000000386e+03 1.995407100000000128e-04
5.214996399999999994e+03 1.995242799999999883e-04
5.215051800000000185e+03 1.995255399999999952e-04
5.215691899999999805e+03 1.995386700000000057e-04
5.215951900000000023e+03 1.995381499999999964e-04
5.216387499999999818e+03 1.995269000000000090e-04
5.216851999999999862e+03 1.994775399999999983e-04
5.217083200000000033e+03 1.994467000000000093e-04
5.217752199999999903e+03 1.993150799999999904e-04
5.217779000000000451e+03 1.993049599999999872e-04
5.218474900000000162e+03 1.989904700000000098e-04
5.218652799999999843e+03 1.988790099999999917e-04
5.219552899999999681e+03 1.983156899999999952e-04
5.220453099999999722e+03 1.981329399999999909e-04
5.221353199999999561e+03 1.981604799999999930e-04
5.222253399999999601e+03 1.981158099999999987e-04
5.223154000000000451e+03 1.981111499999999980e-04
5.224054100000000290e+03 1.980285600000000073e-04
5.224954300000000330e+03 1.978412799999999978e-04
5.225854400000000169e+03 1.980221199999999905e-04
5.226754600000000210e+03 1.979264500000000064e-04
5.227655200000000150e+03 1.979651599999999903e-04
5.228555299999999988e+03 1.980496500000000055e-04
5.229455500000000029e+03 1.980240700000000049e-04
5.230355599999999868e+03 1.981646400000000130e-04
5.231255799999999908e+03 1.984618700000000027e-04
5.232156399999999849e+03 1.987156199999999865e-04
5.233056499999999687e+03 1.988906499999999928e-04
5.233956699999999728e+03 1.989708600000000068e-04
5.234856799999999566e+03 1.989930700000000019e-04
5.235756999999999607e+03 1.991033699999999931e-04
5.236657599999999547e+03 1.991986200000000020e-04
5.237557700000000295e+03 1.991815199999999984e-04
5.238457900000000336e+03 1.993305500000000020e-04
5.239358000000000175e+03 1.994532200000000046e-04
5.240258200000000215e+03 1.992872199999999930e-04
5.241158800000000156e+03 1.990931599999999971e-04
5.242058899999999994e+03 1.989161300000000135e-04
5.242959100000000035e+03 1.987377300000000018e-04
5.243859199999999873e+03 1.985733600000000093e-04
5.244759399999999914e+03 1.984755500000000110e-04
5.245659999999999854e+03 1.984734900000000024e-04
5.246560099999999693e+03 1.985366500000000027e-04
5.247460299999999734e+03 1.986198400000000082e-04
5.248360399999999572e+03 1.987107899999999874e-04
5.249260599999999613e+03 1.987513300000000045e-04
5.250161199999999553e+03 1.986172100000000004e-04
5.251061300000000301e+03 1.985480199999999985e-04
5.251961500000000342e+03 1.984910300000000097e-04
5.252861600000000180e+03 1.984859999999999966e-04
5.253761800000000221e+03 1.984589299999999867e-04
5.254662400000000162e+03 1.982860999999999988e-04
5.255562500000000000e+03 1.977732699999999971e-04
5.256462700000000041e+03 1.971117600000000028e-04
5.257362799999999879e+03 1.967139099999999944e-04
5.258262999999999920e+03 1.966272500000000036e-04
5.259163599999999860e+03 1.965784399999999908e-04
5.260063699999999699e+03 1.963952900000000127e-04
5.260963899999999740e+03 1.959773400000000077e-04
5.261863999999999578e+03 1.955943799999999974e-04
5.262764199999999619e+03 1.953395899999999950e-04
5.263664799999999559e+03 1.953536999999999928e-04
5.264564900000000307e+03 1.953643200000000039e-04
5.265465100000000348e+03 1.953120099999999901e-04
5.266365200000000186e+03 1.952151400000000034e-04
5.267265400000000227e+03 1.951976100000000103e-04
5.268166000000000167e+03 1.952969400000000065e-04
5.269066100000000006e+03 1.954243199999999999e-04
5.269966300000000047e+03 1.955554200000000095e-04
5.270866399999999885e+03 1.957912300000000123e-04
5.271766599999999926e+03 1.961447600000000102e-04
5.272667199999999866e+03 1.964707900000000089e-04
5.273567299999999705e+03 1.966993900000000087e-04
5.274467499999999745e+03 1.968966300000000102e-04
5.275367599999999584e+03 1.971416400000000060e-04
5.276267799999999625e+03 1.972998099999999984e-04
5.277168399999999565e+03 1.972835799999999879e-04
5.278068500000000313e+03 1.974355900000000102e-04
5.278968700000000354e+03 1.976975899999999884e-04
5.279868800000000192e+03 1.977320800000000023e-04
5.280769000000000233e+03 1.977925000000000007e-04
5.281669600000000173e+03 1.979766800000000101e-04
5.282569700000000012e+03 1.981572400000000103e-04
5.283469900000000052e+03 1.982212999999999922e-04
5.284369999999999891e+03 1.983116700000000121e-04
5.285270199999999932e+03 1.984280000000000050e-04
5.286170799999999872e+03 1.983796600000000115e-04
5.287070899999999710e+03 1.983646300000000036e-04
5.287971099999999751e+03 1.985033199999999885e-04
5.288871199999999590e+03 1.983847999999999916e-04
5.289771399999999630e+03 1.981067899999999912e-04
5.290671999999999571e+03 1.977246599999999983e-04
5.291572100000000319e+03 1.973435099999999926e-04
5.292472300000000359e+03 1.971267700000000093e-04
5.293372400000000198e+03 1.970279399999999939e-04
5.294272600000000239e+03 1.971129899999999940e-04
5.295173200000000179e+03 1.971637600000000084e-04
5.296073300000000017e+03 1.970727999999999879e-04
5.296973500000000058e+03 1.970411300000000086e-04
5.297873599999999897e+03 1.970903100000000066e-04
5.298773799999999937e+03 1.971303499999999887e-04
5.299674399999999878e+03 1.971910799999999951e-04
5.300574499999999716e+03 1.972365099999999884e-04
5.301474699999999757e+03 1.974012200000000046e-04
5.302374799999999595e+03 1.975816300000000079e-04
5.303274999999999636e+03 1.976927000000000122e-04
5.304175599999999577e+03 1.976896300000000007e-04
5.305075700000000325e+03 1.977915200000000134e-04
5.305975900000000365e+03 1.978443199999999937e-04
5.306876000000000204e+03 1.977472899999999957e-04
5.307776200000000244e+03 1.975420100000000010e-04
5.308676800000000185e+03 1.973285799999999917e-04
5.309576900000000023e+03 1.971410300000000040e-04
5.310477100000000064e+03 1.969920099999999876e-04
5.311377199999999903e+03 1.969266099999999933e-04
5.312277399999999943e+03 1.969380300000000061e-04
5.313177999999999884e+03 1.969211899999999936e-04
5.314078099999999722e+03 1.968010899999999945e-04
5.314978299999999763e+03 1.966338900000000074e-04
5.315878399999999601e+03 1.965298699999999947e-04
5.316778599999999642e+03 1.965165300000000102e-04
5.317679199999999582e+03 1.964259600000000034e-04
5.318579300000000330e+03 1.962347999999999935e-04
5.319479500000000371e+03 1.958441700000000023e-04
5.320379600000000210e+03 1.953679700000000017e-04
5.321279800000000250e+03 1.952019200000000001e-04
5.322180400000000191e+03 1.952292399999999868e-04
5.323080500000000029e+03 1.952004800000000078e-04
5.323980700000000070e+03 1.951445300000000105e-04
5.324880799999999908e+03 1.950324900000000060e-04
5.325780999999999949e+03 1.949532299999999908e-04
5.326681599999999889e+03 1.951114999999999902e-04
5.327581699999999728e+03 1.952955799999999927e-04
5.328481899999999769e+03 1.954894100000000132e-04
5.329381999999999607e+03 1.956119099999999904e-04
5.330282199999999648e+03 1.958128599999999940e-04
5.331182799999999588e+03 1.959129299999999877e-04
5.332082900000000336e+03 1.959380799999999988e-04
5.332983100000000377e+03 1.960085599999999962e-04
5.333883200000000215e+03 1.960169700000000017e-04
5.334783400000000256e+03 1.960312000000000079e-04
5.335684000000000196e+03 1.961137400000000086e-04
5.336584100000000035e+03 1.961508899999999918e-04
5.337484300000000076e+03 1.960972100000000042e-04
5.338384399999999914e+03 1.960318800000000012e-04
5.339284599999999955e+03 1.959960999999999919e-04
5.340185199999999895e+03 1.959790300000000039e-04
5.341085299999999734e+03 1.960027799999999984e-04
5.341985499999999774e+03 1.960523199999999946e-04
5.342885599999999613e+03 1.960895100000000077e-04
5.343785799999999654e+03 1.961900499999999937e-04
5.344686399999999594e+03 1.962820399999999914e-04
5.345586500000000342e+03 1.962878300000000034e-04
5.346486700000000383e+03 1.963268099999999927e-04
5.347386800000000221e+03 1.964297100000000082e-04
5.348287000000000262e+03 1.965276500000000021e-04
5.349187600000000202e+03 1.966151499999999974e-04
5.350087700000000041e+03 1.967177800000000077e-04
5.350987900000000081e+03 1.968173600000000078e-04
5.351887999999999920e+03 1.968865399999999955e-04
5.352788199999999961e+03 1.969559699999999872e-04
5.353688799999999901e+03 1.970357899999999874e-04
5.354588899999999740e+03 1.970242600000000075e-04
5.355489099999999780e+03 1.968645899999999914e-04
5.356389199999999619e+03 1.966306299999999961e-04
5.357289399999999659e+03 1.963516800000000113e-04
5.358189999999999600e+03 1.960806100000000085e-04
5.359090100000000348e+03 1.958534799999999895e-04
5.359990300000000389e+03 1.956336200000000048e-04
5.360890400000000227e+03 1.954210200000000130e-04
5.361790600000000268e+03 1.952076700000000093e-04
5.362691200000000208e+03 1.950105299999999877e-04
5.363591300000000047e+03 1.949126099999999953e-04
5.364491500000000087e+03 1.949421900000000046e-04
5.365391599999999926e+03 1.950163899999999911e-04
5.366291799999999967e+03 1.950293799999999918e-04
5.367192399999999907e+03 1.949307299999999889e-04
5.368092499999999745e+03 1.948662900000000075e-04
5.368992699999999786e+03 1.949691000000000033e-04
5.369892799999999625e+03 1.951848199999999965e-04
5.370792999999999665e+03 1.953504899999999986e-04
5.371693599999999606e+03 1.953954099999999968e-04
5.372593700000000354e+03 1.955214100000000020e-04
5.373493900000000394e+03 1.956616400000000134e-04
5.374394000000000233e+03 1.957107400000000059e-04
5.375294200000000274e+03 1.957705300000000008e-04
5.376194800000000214e+03 1.958112000000000134e-04
5.377094900000000052e+03 1.958441900000000037e-04
5.377995100000000093e+03 1.958714199999999977e-04
5.378895199999999932e+03 1.958538999999999918e-04
5.379795399999999972e+03 1.958011000000000116e-04
5.380695999999999913e+03 1.957643399999999879e-04
5.381596099999999751e+03 1.957374699999999920e-04
5.382496299999999792e+03 1.956595699999999906e-04
5.383396399999999630e+03 1.955145399999999958e-04
5.384296599999999671e+03 1.953425300000000110e-04
5.385197199999999611e+03 1.951885999999999899e-04
5.386097300000000359e+03 1.950607500000000043e-04
5.386997500000000400e+03 1.949127799999999936e-04
5.387897600000000239e+03 1.947602800000000048e-04
5.388797800000000279e+03 1.946205799999999899e-04
5.389698400000000220e+03 1.945197400000000100e-04
5.390598500000000058e+03 1.945283399999999882e-04
5.391498700000000099e+03 1.946080800000000099e-04
5.392398799999999937e+03 1.946598500000000129e-04
5.393298999999999978e+03 1.946220200000000093e-04
5.394199599999999919e+03 1.945149399999999995e-04
5.395099699999999757e+03 1.944309600000000064e-04
5.395999899999999798e+03 1.944068499999999867e-04
5.396899999999999636e+03 1.943462999999999929e-04
5.397800199999999677e+03 1.942080599999999988e-04
5.398700799999999617e+03 1.940554400000000016e-04
5.399600900000000365e+03 1.939849600000000042e-04
5.400501100000000406e+03 1.940137400000000118e-04
5.401401200000000244e+03 1.941351599999999948e-04
5.402301400000000285e+03 1.941289399999999933e-04
5.403202000000000226e+03 1.940136400000000048e-04
5.404102100000000064e+03 1.939460199999999907e-04
5.405002300000000105e+03 1.939512699999999920e-04
5.405902399999999943e+03 1.940181399999999943e-04
5.406802599999999984e+03 1.941526899999999878e-04
5.407703199999999924e+03 1.942757500000000042e-04
5.408603299999999763e+03 1.943647299999999947e-04
5.409503499999999804e+03 1.945204400000000047e-04
5.410403599999999642e+03 1.947134200000000064e-04
5.411303799999999683e+03 1.948974600000000061e-04
5.412204399999999623e+03 1.950208199999999893e-04
5.413104500000000371e+03 1.950386700000000047e-04
5.414004700000000412e+03 1.950203000000000071e-04
5.414904800000000250e+03 1.950135199999999936e-04
5.415805000000000291e+03 1.949297300000000003e-04
5.416705600000000231e+03 1.947940000000000056e-04
5.417605700000000070e+03 1.946673899999999983e-04
5.418505900000000111e+03 1.945844499999999967e-04
5.419405999999999949e+03 1.945438999999999925e-04
5.420306199999999990e+03 1.945157199999999998e-04
5.421206799999999930e+03 1.944595800000000028e-04
5.422106899999999769e+03 1.943335700000000104e-04
5.423007099999999809e+03 1.941326800000000110e-04
5.423907199999999648e+03 1.939344300000000066e-04
5.424807399999999689e+03 1.938004500000000123e-04
5.425707999999999629e+03 1.936787999999999997e-04
5.426608100000000377e+03 1.935433499999999975e-04
5.427508300000000418e+03 1.935879999999999903e-04
5.428408400000000256e+03 1.937022200000000118e-04
5.429308600000000297e+03 1.937091299999999937e-04
5.430209200000000237e+03 1.936339200000000043e-04
5.431109300000000076e+03 1.935467099999999886e-04
5.432009500000000116e+03 1.935583200000000012e-04
5.432909599999999955e+03 1.936118899999999946e-04
5.433809799999999996e+03 1.937717199999999947e-04
5.434710399999999936e+03 1.938952900000000062e-04
5.435610499999999774e+03 1.938899899999999878e-04
5.436510699999999815e+03 1.940158399999999961e-04
5.437410799999999654e+03 1.941271400000000029e-04
5.438310999999999694e+03 1.940018500000000067e-04
5.439211599999999635e+03 1.937713500000000095e-04
5.440111700000000383e+03 1.933880700000000039e-04
5.441011900000000423e+03 1.933607600000000044e-04
5.441912000000000262e+03 1.933952800000000069e-04
5.442812200000000303e+03 1.934005999999999996e-04
5.443712800000000243e+03 1.932794899999999976e-04
5.444612900000000081e+03 1.931418400000000041e-04
5.445513100000000122e+03 1.931102399999999890e-04
5.446413199999999961e+03 1.930639299999999884e-04
5.447313400000000001e+03 1.930466599999999865e-04
5.448213999999999942e+03 1.930440799999999957e-04
5.449114199999999983e+03 1.929828199999999929e-04
5.450014299999999821e+03 1.929915400000000066e-04
5.450914399999999659e+03 1.930592300000000120e-04
5.451814599999999700e+03 1.930424900000000065e-04
5.452715199999999641e+03 1.928863399999999927e-04
5.453615399999999681e+03 1.927951200000000082e-04
5.454515500000000429e+03 1.928436200000000129e-04
5.455415600000000268e+03 1.927197999999999975e-04
5.456315800000000309e+03 1.927025299999999956e-04
5.457216400000000249e+03 1.927440599999999870e-04
5.458116600000000290e+03 1.927990200000000100e-04
5.459016700000000128e+03 1.928593400000000013e-04
5.459916799999999967e+03 1.928483700000000064e-04
5.460817000000000007e+03 1.927523599999999985e-04
5.461717599999999948e+03 1.926627799999999931e-04
5.462617799999999988e+03 1.926240999999999978e-04
5.463517899999999827e+03 1.925936000000000054e-04
5.464417999999999665e+03 1.925525299999999919e-04
5.465318199999999706e+03 1.924688200000000042e-04
5.466218799999999646e+03 1.923977500000000063e-04
5.467118999999999687e+03 1.922645199999999967e-04
5.468019100000000435e+03 1.920764900000000025e-04
5.468919200000000274e+03 1.918530899999999870e-04
5.469819400000000314e+03 1.916748699999999879e-04
5.470720000000000255e+03 1.916275899999999872e-04
5.471620200000000295e+03 1.916283300000000119e-04
5.472520300000000134e+03 1.916417900000000048e-04
5.473420399999999972e+03 1.916250400000000121e-04
5.474320600000000013e+03 1.915548699999999958e-04
5.475221199999999953e+03 1.914608199999999895e-04
5.476121399999999994e+03 1.914169499999999970e-04
5.477021499999999833e+03 1.914848100000000007e-04
5.477921599999999671e+03 1.916163300000000127e-04
5.478821799999999712e+03 1.917511199999999958e-04
5.479722399999999652e+03 1.918547200000000061e-04
5.480622599999999693e+03 1.919350300000000000e-04
5.481522700000000441e+03 1.918862100000000000e-04
5.482422800000000279e+03 1.918636000000000039e-04
5.483323000000000320e+03 1.918920500000000019e-04
5.484223600000000260e+03 1.919266300000000086e-04
5.485123800000000301e+03 1.919532099999999978e-04
5.486023900000000140e+03 1.919567099999999987e-04
5.486923999999999978e+03 1.919308599999999929e-04
5.487824200000000019e+03 1.918978900000000039e-04
5.488724799999999959e+03 1.918615799999999981e-04
5.489625000000000000e+03 1.918383800000000015e-04
5.490525099999999838e+03 1.918609299999999933e-04
5.491425199999999677e+03 1.918669399999999936e-04
5.492325399999999718e+03 1.918443999999999889e-04
5.493225999999999658e+03 1.917957699999999887e-04
5.494126199999999699e+03 1.917376100000000130e-04
5.495026300000000447e+03 1.916669900000000058e-04
5.495926499999999578e+03 1.915749499999999910e-04
5.496826600000000326e+03 1.914814999999999996e-04
5.497727200000000266e+03 1.913820899999999978e-04
5.498627400000000307e+03 1.912728999999999894e-04
5.499527500000000146e+03 1.912180400000000006e-04
5.500427700000000186e+03 1.911597900000000050e-04
5.501327800000000025e+03 1.910625199999999903e-04
5.501468399999999747e+03 1.910469299999999974e-04
5.502202199999999721e+03 1.909903000000000067e-04
5.502228399999999965e+03 1.909887699999999946e-04
5.502935999999999694e+03 1.909533500000000104e-04
5.503128600000000006e+03 1.909458799999999893e-04
5.503669899999999870e+03 1.909371699999999898e-04
5.504028699999999844e+03 1.909583500000000078e-04
5.504403900000000249e+03 1.909804999999999988e-04
5.504928899999999885e+03 1.911909800000000049e-04
5.505137999999999920e+03 1.912816800000000073e-04
5.505828999999999724e+03 1.920679500000000014e-04
5.505872199999999793e+03 1.921310400000000103e-04
5.506606499999999869e+03 1.931619199999999993e-04
5.506729599999999664e+03 1.933268399999999896e-04
5.507340900000000147e+03 1.940995399999999966e-04
5.507629799999999705e+03 1.944101700000000022e-04
5.508075399999999718e+03 1.948907899999999867e-04
5.508529900000000453e+03 1.956312400000000009e-04
5.508810000000000400e+03 1.960874600000000133e-04
5.509430099999999584e+03 1.974782100000000101e-04
5.509544700000000375e+03 1.977612600000000108e-04
5.510279400000000351e+03 1.995328599999999922e-04
5.510330200000000332e+03 1.996526399999999960e-04
5.511014299999999821e+03 2.018208799999999961e-04
5.511230800000000272e+03 2.028641400000000109e-04
5.511749300000000403e+03 2.052950899999999982e-04
5.512131000000000313e+03 2.066595699999999869e-04
5.512484400000000278e+03 2.079228900000000004e-04
5.513031100000000151e+03 2.103914300000000017e-04
5.513219600000000355e+03 2.112903500000000022e-04
5.513931300000000192e+03 2.138793999999999906e-04
5.513954899999999725e+03 2.139470899999999960e-04
5.514690200000000004e+03 2.157965999999999932e-04
5.514831400000000031e+03 2.160684800000000120e-04
5.515425699999999779e+03 2.170861300000000106e-04
5.515731999999999971e+03 2.173173500000000040e-04
5.516161299999999756e+03 2.176413999999999996e-04
5.516632200000000012e+03 2.175979100000000066e-04
5.516896899999999732e+03 2.175396699999999981e-04
5.517532299999999850e+03 2.174966200000000088e-04
5.517632700000000114e+03 2.174986099999999989e-04
5.518368599999999788e+03 2.164275400000000038e-04
5.518432499999999891e+03 2.162210600000000064e-04
5.519104500000000371e+03 2.141079099999999976e-04
5.519332599999999729e+03 2.134512799999999924e-04
5.519840600000000450e+03 2.119885999999999917e-04
5.520233199999999670e+03 2.098870599999999955e-04
5.520576799999999821e+03 2.080371200000000090e-04
5.521133399999999710e+03 2.054796599999999943e-04
5.521313000000000102e+03 2.047190900000000092e-04
5.522033499999999549e+03 2.019042600000000014e-04
5.522049399999999878e+03 2.018469499999999903e-04
5.522785799999999654e+03 1.991341199999999893e-04
5.522933699999999590e+03 1.985636400000000070e-04
5.523522399999999834e+03 1.963653599999999925e-04
5.523833800000000338e+03 1.955842300000000056e-04
5.524259000000000015e+03 1.945175500000000059e-04
5.524734400000000278e+03 1.937883100000000033e-04
5.524995799999999690e+03 1.934682999999999921e-04
5.525634600000000319e+03 1.929128499999999905e-04
5.525732600000000275e+03 1.928553500000000068e-04
5.526469600000000355e+03 1.928238600000000129e-04
5.526534700000000157e+03 1.928774599999999949e-04
5.527206600000000435e+03 1.934446399999999904e-04
5.527434900000000198e+03 1.936602600000000038e-04
5.527943800000000010e+03 1.941409500000000068e-04
5.528335000000000036e+03 1.946616500000000033e-04
5.528680999999999585e+03 1.951429900000000112e-04
5.529235599999999977e+03 1.960961700000000128e-04
5.529418399999999565e+03 1.964499800000000032e-04
5.530135800000000017e+03 1.979678999999999922e-04
5.530155800000000454e+03 1.980144799999999981e-04
5.530893299999999726e+03 1.998670299999999911e-04
5.531035899999999856e+03 2.003059800000000015e-04
5.531631000000000313e+03 2.021344200000000019e-04
5.531936099999999897e+03 2.029757799999999874e-04
5.532368699999999990e+03 2.041686499999999921e-04
5.532836199999999735e+03 2.053407299999999926e-04
5.533106499999999869e+03 2.059846499999999896e-04
5.533736799999999675e+03 2.079729900000000086e-04
5.533844500000000153e+03 2.084005400000000076e-04
5.534582500000000437e+03 2.103495000000000093e-04
5.534636999999999716e+03 2.103489100000000087e-04
5.535320600000000013e+03 2.103088400000000110e-04
5.535537099999999555e+03 2.102393499999999880e-04
5.536058799999999792e+03 2.100718599999999942e-04
5.536437299999999595e+03 2.102660100000000099e-04
5.536797199999999975e+03 2.105481899999999903e-04
5.537337400000000343e+03 2.107582499999999942e-04
5.537535600000000159e+03 2.107300999999999901e-04
5.538238000000000284e+03 2.101177800000000081e-04
5.538274099999999635e+03 2.099840099999999879e-04
5.539012700000000223e+03 2.074211999999999920e-04
5.539138200000000325e+03 2.071624899999999865e-04
5.539751500000000306e+03 2.059523999999999968e-04
5.540038300000000163e+03 2.051588500000000085e-04
5.540490300000000389e+03 2.037522200000000121e-04
5.540938500000000204e+03 2.020346700000000034e-04
5.541229199999999764e+03 2.010381799999999943e-04
5.541838600000000042e+03 1.992754200000000078e-04
5.541968200000000252e+03 1.989563500000000082e-04
5.542707300000000032e+03 1.971888299999999868e-04
5.542739199999999983e+03 1.971022000000000117e-04
5.543446500000000015e+03 1.951547200000000050e-04
5.543639400000000023e+03 1.946238400000000011e-04
5.544185800000000199e+03 1.932917400000000007e-04
5.544539499999999862e+03 1.928948599999999924e-04
5.544925199999999677e+03 1.924239299999999946e-04
5.545439699999999903e+03 1.916367900000000074e-04
5.545664700000000266e+03 1.913488300000000021e-04
5.546339799999999741e+03 1.909200399999999977e-04
5.546404300000000148e+03 1.909152799999999899e-04
5.547144000000000233e+03 1.908543999999999866e-04
5.547240399999999681e+03 1.908425500000000114e-04
5.547883799999999610e+03 1.907669500000000083e-04
5.548140599999999722e+03 1.907465099999999878e-04
5.548623800000000301e+03 1.907089200000000010e-04
5.549040699999999561e+03 1.906778700000000108e-04
5.549363699999999881e+03 1.906546300000000113e-04
5.549940899999999601e+03 1.906139300000000102e-04
5.550103799999999865e+03 1.906028800000000097e-04
5.550841000000000349e+03 1.905525400000000118e-04
5.550844000000000051e+03 1.905523300000000106e-04
5.551584300000000439e+03 1.905001600000000067e-04
5.551741600000000290e+03 1.904917200000000126e-04
5.552324700000000121e+03 1.904610000000000049e-04
5.552641800000000330e+03 1.904418399999999927e-04
5.553065200000000004e+03 1.904114699999999959e-04
5.553541900000000169e+03 1.903712599999999883e-04
5.553805800000000090e+03 1.903461100000000043e-04
5.554442100000000210e+03 1.902777899999999955e-04
5.554546500000000378e+03 1.902658599999999876e-04
5.555287299999999959e+03 1.901806300000000020e-04
5.555342200000000048e+03 1.901740799999999910e-04
5.556028199999999742e+03 1.900918400000000113e-04
5.556242799999999988e+03 1.900659199999999870e-04
5.556769199999999728e+03 1.900036799999999968e-04
5.557143000000000029e+03 1.899625100000000035e-04
5.557510299999999916e+03 1.899245599999999914e-04
5.558043099999999868e+03 1.898796100000000047e-04
5.558943299999999908e+03 1.898045100000000094e-04
5.559843399999999747e+03 1.897240800000000072e-04
5.560475599999999758e+03 1.896655099999999892e-04
5.560744099999999889e+03 1.896403699999999924e-04
5.561217200000000048e+03 1.895962099999999931e-04
5.561644199999999728e+03 1.895576999999999961e-04
5.561958800000000338e+03 1.895307400000000074e-04
5.562544299999999566e+03 1.894865699999999939e-04
5.562700600000000122e+03 1.894790799999999985e-04
5.563442500000000109e+03 1.894480399999999955e-04
5.563444499999999607e+03 1.894480300000000084e-04
5.564184500000000298e+03 1.894436299999999987e-04
5.564344600000000355e+03 1.894461699999999867e-04
5.564926499999999578e+03 1.894597899999999908e-04
5.565245299999999588e+03 1.894686400000000000e-04
5.565668700000000172e+03 1.894809500000000074e-04
5.566145400000000336e+03 1.894940399999999879e-04
5.566411000000000058e+03 1.894958299999999912e-04
5.567045500000000175e+03 1.894873099999999915e-04
5.567153400000000147e+03 1.894992300000000122e-04
5.567895800000000236e+03 1.895978499999999994e-04
5.567945700000000215e+03 1.896159899999999945e-04
5.568638399999999820e+03 1.898901500000000101e-04
5.568845800000000054e+03 1.900051300000000034e-04
5.569381099999999606e+03 1.902755399999999872e-04
5.569746500000000196e+03 1.904198600000000000e-04
5.570123800000000301e+03 1.905684999999999899e-04
5.570646600000000035e+03 1.907729499999999943e-04
5.570866699999999582e+03 1.908700799999999993e-04
5.571546699999999873e+03 1.912063799999999981e-04
5.571609699999999975e+03 1.912308699999999901e-04
5.572352700000000368e+03 1.914537299999999949e-04
5.572446899999999914e+03 1.914315400000000012e-04
5.573095900000000256e+03 1.913191600000000000e-04
5.573346999999999753e+03 1.913608500000000027e-04
5.573839200000000346e+03 1.914361899999999876e-04
5.574247699999999895e+03 1.913740599999999917e-04
5.574582500000000437e+03 1.912055999999999977e-04
5.575147799999999734e+03 1.909857000000000102e-04
5.575326000000000022e+03 1.909855899999999889e-04
5.576047899999999572e+03 1.909533199999999948e-04
5.576069499999999607e+03 1.909457299999999923e-04
5.576813199999999597e+03 1.906848500000000112e-04
5.576948099999999613e+03 1.906536000000000070e-04
5.577556999999999789e+03 1.906498099999999994e-04
5.577848200000000361e+03 1.906438400000000019e-04
5.578300799999999981e+03 1.905716300000000055e-04
5.578748899999999594e+03 1.904817500000000063e-04
5.579044799999999668e+03 1.903575600000000057e-04
5.579649000000000342e+03 1.900091800000000021e-04
5.579788800000000265e+03 1.899141399999999943e-04
5.580533000000000357e+03 1.893819699999999950e-04
5.580549100000000180e+03 1.893725300000000122e-04
5.581277200000000448e+03 1.889583100000000106e-04
5.581449300000000221e+03 1.888791999999999923e-04
5.582021600000000035e+03 1.886869000000000111e-04
5.582349400000000060e+03 1.886335900000000087e-04
5.582765999999999622e+03 1.885392200000000071e-04
5.583250100000000202e+03 1.883386599999999902e-04
5.583510599999999613e+03 1.882295499999999875e-04
5.584150200000000041e+03 1.879918700000000030e-04
5.584255199999999604e+03 1.879734499999999883e-04
5.585000000000000000e+03 1.878793899999999949e-04
5.585050400000000081e+03 1.878879099999999946e-04
5.585744800000000396e+03 1.879856900000000043e-04
5.585950499999999920e+03 1.879825200000000130e-04
5.586489800000000287e+03 1.879790999999999906e-04
5.586850599999999758e+03 1.879958100000000075e-04
5.587234800000000178e+03 1.880323899999999915e-04
5.587751299999999901e+03 1.880685099999999976e-04
5.587979999999999563e+03 1.880663700000000105e-04
5.588651399999999740e+03 1.880666100000000002e-04
5.588725199999999859e+03 1.880787100000000064e-04
5.589470599999999649e+03 1.882000500000000109e-04
5.589551599999999780e+03 1.882127799999999934e-04
5.590216000000000349e+03 1.883047200000000012e-04
5.590451699999999619e+03 1.883371399999999923e-04
5.590961599999999635e+03 1.883673399999999908e-04
5.591351800000000367e+03 1.883875999999999986e-04
5.591707199999999830e+03 1.883986299999999977e-04
5.592252499999999600e+03 1.884141499999999992e-04
5.592453000000000429e+03 1.884101899999999932e-04
5.593152600000000348e+03 1.883867799999999954e-04
5.593198800000000119e+03 1.883852399999999961e-04
5.593944700000000012e+03 1.883672400000000109e-04
5.594052800000000389e+03 1.883654599999999948e-04
5.594690800000000309e+03 1.883621499999999936e-04
5.594952900000000227e+03 1.883638100000000013e-04
5.595436899999999696e+03 1.883481899999999928e-04
5.595853000000000065e+03 1.882776899999999941e-04
5.596183200000000397e+03 1.882294500000000076e-04
5.596753700000000208e+03 1.881779500000000098e-04
5.596929500000000189e+03 1.881750600000000110e-04
5.597653800000000047e+03 1.882107099999999976e-04
5.598554000000000087e+03 1.883149699999999999e-04
5.599454099999999926e+03 1.883147700000000130e-04
5.600354199999999764e+03 1.883203600000000111e-04
5.601254899999999907e+03 1.884173900000000090e-04
5.602154999999999745e+03 1.886941899999999925e-04
5.603055199999999786e+03 1.889031099999999980e-04
5.603955299999999625e+03 1.889864000000000105e-04
5.604855400000000373e+03 1.891165099999999916e-04
5.605756099999999606e+03 1.890938300000000042e-04
5.606656200000000354e+03 1.891223299999999921e-04
5.607556400000000394e+03 1.890095899999999930e-04
5.608456500000000233e+03 1.887594799999999927e-04
5.609356600000000071e+03 1.886054499999999918e-04
5.610257300000000214e+03 1.885034199999999964e-04
5.611157400000000052e+03 1.882797900000000055e-04
5.612057600000000093e+03 1.880023199999999886e-04
5.612957699999999932e+03 1.879102800000000009e-04
5.613857899999999972e+03 1.879481300000000060e-04
5.614758499999999913e+03 1.879370499999999898e-04
5.615658599999999751e+03 1.879456200000000066e-04
5.616558799999999792e+03 1.879156100000000079e-04
5.617458899999999630e+03 1.879829500000000024e-04
5.618359099999999671e+03 1.879139999999999901e-04
5.619259699999999611e+03 1.878944499999999913e-04
5.620159800000000359e+03 1.878517399999999986e-04
5.621060000000000400e+03 1.877869300000000049e-04
5.621960100000000239e+03 1.878331399999999985e-04
5.622860300000000279e+03 1.879167799999999949e-04
5.623760900000000220e+03 1.879309000000000068e-04
5.624661000000000058e+03 1.879576600000000086e-04
5.625561200000000099e+03 1.880321599999999890e-04
5.626461299999999937e+03 1.881067299999999878e-04
5.627361499999999978e+03 1.881842299999999884e-04
5.628262099999999919e+03 1.881591200000000072e-04
5.629162199999999757e+03 1.881035399999999951e-04
5.630062399999999798e+03 1.880033000000000030e-04
5.630962499999999636e+03 1.878954399999999928e-04
5.631862699999999677e+03 1.877915599999999900e-04
5.632763299999999617e+03 1.876483899999999898e-04
5.633663400000000365e+03 1.874829299999999888e-04
5.634563600000000406e+03 1.873519600000000018e-04
5.635463700000000244e+03 1.872597200000000002e-04
5.636363900000000285e+03 1.872124600000000009e-04
5.637264500000000226e+03 1.872001600000000078e-04
5.638164600000000064e+03 1.871983700000000046e-04
5.639064800000000105e+03 1.871963499999999988e-04
5.639964899999999943e+03 1.872017800000000127e-04
5.640865099999999984e+03 1.872237299999999897e-04
5.641765699999999924e+03 1.872425700000000066e-04
5.642665799999999763e+03 1.872645999999999892e-04
5.643565999999999804e+03 1.872940799999999915e-04
5.644466099999999642e+03 1.873193700000000124e-04
5.645366299999999683e+03 1.873386100000000031e-04
5.646266899999999623e+03 1.873206000000000036e-04
5.647167000000000371e+03 1.872670599999999986e-04
5.648067200000000412e+03 1.871977199999999997e-04
5.648967300000000250e+03 1.870851299999999975e-04
5.649867500000000291e+03 1.869302799999999934e-04
5.650768100000000231e+03 1.868009300000000113e-04
5.651668300000000272e+03 1.867006200000000007e-04
5.652568400000000111e+03 1.865515400000000072e-04
5.653468499999999949e+03 1.863295099999999927e-04
5.654368699999999990e+03 1.860978800000000113e-04
5.655269299999999930e+03 1.859456599999999879e-04
5.656169499999999971e+03 1.859093300000000078e-04
5.657069599999999809e+03 1.859267500000000067e-04
5.657969699999999648e+03 1.859652899999999923e-04
5.658869899999999689e+03 1.860126299999999972e-04
5.659770499999999629e+03 1.860801300000000029e-04
5.660670699999999670e+03 1.861566299999999877e-04
5.661570800000000418e+03 1.862281700000000049e-04
5.662470900000000256e+03 1.863139400000000012e-04
5.663371100000000297e+03 1.863735900000000134e-04
5.664271700000000237e+03 1.863972100000000124e-04
5.665171900000000278e+03 1.864315000000000124e-04
5.666072000000000116e+03 1.864963199999999932e-04
5.666972099999999955e+03 1.865565499999999918e-04
5.667872299999999996e+03 1.866079599999999968e-04
5.668772899999999936e+03 1.866765199999999953e-04
5.669673099999999977e+03 1.867693499999999976e-04
5.670573199999999815e+03 1.868678399999999893e-04
5.671473299999999654e+03 1.869129499999999872e-04
5.672373499999999694e+03 1.869029099999999896e-04
5.673274099999999635e+03 1.868544100000000120e-04
5.674174299999999675e+03 1.867495099999999921e-04
5.675074400000000423e+03 1.866433800000000080e-04
5.675974599999999555e+03 1.865337600000000103e-04
5.676874700000000303e+03 1.864121900000000032e-04
5.677775300000000243e+03 1.862890900000000111e-04
5.678675500000000284e+03 1.861763300000000105e-04
5.679575600000000122e+03 1.860900899999999949e-04
5.680475800000000163e+03 1.860401999999999878e-04
5.681375900000000001e+03 1.860150900000000066e-04
5.682276499999999942e+03 1.860017099999999922e-04
5.683176699999999983e+03 1.859886200000000116e-04
5.684076799999999821e+03 1.859755100000000025e-04
5.684976999999999862e+03 1.859949700000000086e-04
5.685877099999999700e+03 1.860391399999999950e-04
5.686777699999999641e+03 1.861080700000000059e-04
5.687677899999999681e+03 1.862013499999999990e-04
5.688578000000000429e+03 1.863125000000000089e-04
5.689478199999999561e+03 1.864282699999999897e-04
5.690378300000000309e+03 1.864974599999999916e-04
5.691278900000000249e+03 1.864806699999999962e-04
5.692179100000000290e+03 1.864219300000000070e-04
5.693079200000000128e+03 1.863253900000000026e-04
5.693979400000000169e+03 1.861994500000000016e-04
5.694879500000000007e+03 1.860618499999999980e-04
5.695780099999999948e+03 1.859142999999999896e-04
5.696680299999999988e+03 1.857815899999999893e-04
5.697580399999999827e+03 1.856821999999999889e-04
5.698480599999999868e+03 1.856046099999999956e-04
5.699380699999999706e+03 1.855227199999999997e-04
5.700281299999999646e+03 1.854480899999999966e-04
5.701181499999999687e+03 1.853974100000000021e-04
5.702081600000000435e+03 1.853143400000000049e-04
5.702981799999999566e+03 1.851673599999999957e-04
5.703881900000000314e+03 1.849850200000000065e-04
5.704782500000000255e+03 1.848810799999999995e-04
5.705682700000000295e+03 1.848118699999999962e-04
5.706582800000000134e+03 1.847877299999999879e-04
5.707483000000000175e+03 1.848487500000000011e-04
5.708383100000000013e+03 1.849135300000000063e-04
5.709283800000000156e+03 1.849608199999999941e-04
5.710183899999999994e+03 1.851106799999999880e-04
5.711083999999999833e+03 1.852893900000000078e-04
5.711984199999999873e+03 1.854603399999999998e-04
5.712884299999999712e+03 1.856292599999999988e-04
5.713784999999999854e+03 1.857329599999999891e-04
5.714685099999999693e+03 1.857963299999999904e-04
5.715585200000000441e+03 1.858631399999999885e-04
5.716485399999999572e+03 1.859040000000000009e-04
5.717385500000000320e+03 1.859457999999999977e-04
5.718286199999999553e+03 1.859816400000000112e-04
5.719186300000000301e+03 1.860078299999999866e-04
5.720086400000000140e+03 1.860172699999999965e-04
5.720986600000000180e+03 1.859941700000000068e-04
5.721886700000000019e+03 1.859337500000000085e-04
5.722787400000000162e+03 1.858547100000000087e-04
5.723687500000000000e+03 1.857851400000000072e-04
5.724587599999999838e+03 1.857364000000000129e-04
5.725487799999999879e+03 1.856936499999999903e-04
5.726387899999999718e+03 1.856695300000000106e-04
5.727288599999999860e+03 1.856199199999999960e-04
5.728188699999999699e+03 1.855886899999999932e-04
5.729088899999999740e+03 1.855681699999999943e-04
5.729988999999999578e+03 1.855639699999999987e-04
5.730889100000000326e+03 1.855762600000000046e-04
5.731789799999999559e+03 1.855923900000000081e-04
5.732689900000000307e+03 1.855791799999999920e-04
5.733590100000000348e+03 1.855276199999999901e-04
5.734490200000000186e+03 1.854568500000000131e-04
5.735390300000000025e+03 1.853847399999999966e-04
5.736291000000000167e+03 1.853329899999999950e-04
5.737191100000000006e+03 1.853059999999999907e-04
5.737493999999999687e+03 1.852862500000000050e-04
5.738091300000000047e+03 1.852466599999999866e-04
5.738259100000000217e+03 1.852409399999999930e-04
5.738991399999999885e+03 1.852180799999999931e-04
5.739024400000000242e+03 1.852172799999999913e-04
5.739789799999999559e+03 1.852067500000000001e-04
5.739891499999999724e+03 1.852053500000000106e-04
5.740555299999999988e+03 1.852200300000000075e-04
5.740792199999999866e+03 1.852256099999999913e-04
5.741320899999999710e+03 1.852591199999999909e-04
5.741692299999999705e+03 1.852835500000000058e-04
5.742086599999999635e+03 1.852902600000000009e-04
5.742592499999999745e+03 1.852964199999999981e-04
5.742852399999999761e+03 1.853910800000000065e-04
5.743492599999999584e+03 1.856663700000000063e-04
5.743618300000000090e+03 1.857418599999999882e-04
5.744384299999999712e+03 1.862797100000000055e-04
5.744392799999999625e+03 1.862856899999999901e-04
5.745150400000000445e+03 1.872939000000000060e-04
5.745293399999999565e+03 1.874908700000000022e-04
5.745916599999999562e+03 1.883513099999999942e-04
5.746193500000000313e+03 1.887337299999999939e-04
5.746682899999999790e+03 1.892488199999999910e-04
5.747093700000000354e+03 1.896614000000000134e-04
5.747449300000000221e+03 1.898550899999999970e-04
5.747993800000000192e+03 1.900926000000000102e-04
5.748215799999999945e+03 1.901687399999999969e-04
5.748894000000000233e+03 1.903697900000000075e-04
5.748982399999999870e+03 1.903969599999999973e-04
5.749749099999999999e+03 1.907037500000000052e-04
5.749794600000000173e+03 1.907219399999999902e-04
5.750515999999999622e+03 1.905188099999999968e-04
5.750694700000000012e+03 1.904523900000000124e-04
5.751282900000000154e+03 1.901883700000000013e-04
5.751594900000000052e+03 1.900439700000000100e-04
5.752049899999999980e+03 1.900261300000000088e-04
5.752494999999999891e+03 1.900583600000000002e-04
5.752817000000000007e+03 1.902146499999999966e-04
5.753395199999999932e+03 1.906042199999999950e-04
5.753584300000000439e+03 1.907079500000000009e-04
5.754295799999999872e+03 1.909842199999999880e-04
5.754351599999999962e+03 1.910058800000000124e-04
5.755118999999999687e+03 1.905535899999999904e-04
5.755195899999999710e+03 1.905024400000000036e-04
5.755886599999999817e+03 1.895848599999999987e-04
5.756096099999999751e+03 1.892782199999999877e-04
5.756654199999999946e+03 1.886573299999999890e-04
5.756996199999999590e+03 1.883103599999999891e-04
5.757421900000000278e+03 1.878358100000000091e-04
5.757896399999999630e+03 1.872865200000000047e-04
5.758189800000000105e+03 1.870153800000000106e-04
5.758796999999999571e+03 1.865721000000000089e-04
5.758957699999999932e+03 1.864552799999999954e-04
5.759697100000000319e+03 1.859318599999999983e-04
5.759725800000000163e+03 1.859115700000000019e-04
5.760493900000000394e+03 1.853899200000000067e-04
5.760597300000000359e+03 1.853202299999999968e-04
5.761262200000000121e+03 1.850852899999999872e-04
5.761497400000000198e+03 1.850239399999999916e-04
5.762030499999999847e+03 1.850189900000000112e-04
5.762397600000000239e+03 1.850534100000000067e-04
5.762798999999999978e+03 1.850983399999999921e-04
5.763298200000000179e+03 1.851602700000000011e-04
5.763567500000000109e+03 1.851884200000000053e-04
5.764198300000000017e+03 1.852348100000000115e-04
5.764336199999999735e+03 1.852449499999999890e-04
5.765098500000000058e+03 1.853291999999999873e-04
5.765104900000000271e+03 1.853299200000000106e-04
5.765873800000000301e+03 1.853594599999999900e-04
5.765998599999999897e+03 1.853616499999999941e-04
5.766642799999999625e+03 1.853487100000000105e-04
5.766898799999999937e+03 1.853397700000000085e-04
5.767411799999999857e+03 1.853383400000000033e-04
5.767799399999999878e+03 1.853444100000000078e-04
5.768180999999999585e+03 1.853373999999999918e-04
5.768699499999999716e+03 1.853099700000000109e-04
5.768950300000000425e+03 1.852968499999999876e-04
5.769599699999999757e+03 1.852643499999999908e-04
5.769719699999999648e+03 1.852583500000000048e-04
5.770489199999999983e+03 1.851667400000000065e-04
5.770499799999999595e+03 1.851653900000000070e-04
5.771258700000000317e+03 1.850864600000000013e-04
5.771399999999999636e+03 1.850730200000000097e-04
5.772028400000000147e+03 1.850214800000000092e-04
5.772300599999999577e+03 1.850039800000000047e-04
5.772798200000000179e+03 1.849661999999999910e-04
5.773200799999999617e+03 1.849190100000000102e-04
5.773568100000000413e+03 1.848715800000000126e-04
5.774100900000000365e+03 1.847904199999999999e-04
5.774338099999999940e+03 1.847526099999999977e-04
5.775001000000000204e+03 1.846648599999999984e-04
5.775108199999999670e+03 1.846600799999999893e-04
5.775901200000000244e+03 1.846000100000000019e-04
5.776801800000000185e+03 1.843802600000000113e-04
5.777702000000000226e+03 1.841327599999999904e-04
5.778602100000000064e+03 1.839676599999999875e-04
5.779502199999999903e+03 1.839417999999999945e-04
5.780402399999999943e+03 1.838987300000000037e-04
5.781302999999999884e+03 1.838898300000000046e-04
5.782203199999999924e+03 1.839034100000000059e-04
5.783103299999999763e+03 1.839450600000000057e-04
5.784003399999999601e+03 1.840608899999999907e-04
5.784903599999999642e+03 1.842315599999999902e-04
5.785804199999999582e+03 1.844080000000000003e-04
5.786704399999999623e+03 1.845551700000000093e-04
5.787604500000000371e+03 1.846433600000000122e-04
5.788504700000000412e+03 1.847103000000000059e-04
5.789404800000000250e+03 1.847680400000000064e-04
5.790305400000000191e+03 1.848372100000000070e-04
5.791205600000000231e+03 1.849067299999999914e-04
5.792105700000000070e+03 1.849555200000000028e-04
5.793005900000000111e+03 1.849967999999999903e-04
5.793905999999999949e+03 1.850374099999999987e-04
5.794806599999999889e+03 1.850772200000000054e-04
5.795706799999999930e+03 1.850959900000000039e-04
5.796606899999999769e+03 1.851021099999999983e-04
5.797507099999999809e+03 1.851324900000000094e-04
5.798407199999999648e+03 1.851881900000000027e-04
5.799307799999999588e+03 1.852153700000000068e-04
5.800207999999999629e+03 1.852171200000000072e-04
5.801108100000000377e+03 1.852124600000000065e-04
5.802008300000000418e+03 1.851664799999999883e-04
5.802908400000000256e+03 1.851430499999999891e-04
5.803809000000000196e+03 1.850806400000000007e-04
5.804709200000000237e+03 1.850509999999999872e-04
5.805609300000000076e+03 1.850425199999999903e-04
5.806509500000000116e+03 1.850308999999999906e-04
5.807409599999999955e+03 1.850159199999999997e-04
5.808310199999999895e+03 1.850170899999999867e-04
5.809210399999999936e+03 1.850032400000000072e-04
5.810110499999999774e+03 1.849624699999999876e-04
5.811010699999999815e+03 1.849143900000000122e-04
5.811910799999999654e+03 1.848633299999999911e-04
5.812811399999999594e+03 1.848105300000000108e-04
5.813711599999999635e+03 1.847631799999999917e-04
5.814611700000000383e+03 1.847481100000000081e-04
5.815511900000000423e+03 1.847524800000000021e-04
5.816412000000000262e+03 1.847501899999999910e-04
5.817312700000000405e+03 1.847656100000000126e-04
5.818212800000000243e+03 1.847969999999999995e-04
5.819112900000000081e+03 1.848132599999999985e-04
5.820013100000000122e+03 1.848232700000000076e-04
5.820913199999999961e+03 1.848554999999999990e-04
5.821813900000000103e+03 1.848632599999999997e-04
5.822713999999999942e+03 1.848098000000000004e-04
5.823614099999999780e+03 1.847594199999999997e-04
5.824514299999999821e+03 1.847063199999999985e-04
5.825414399999999659e+03 1.846441200000000112e-04
5.826315099999999802e+03 1.845747800000000123e-04
5.827215199999999641e+03 1.845036399999999959e-04
5.828115300000000389e+03 1.844317800000000104e-04
5.829015500000000429e+03 1.843588400000000036e-04
5.829915600000000268e+03 1.842846799999999928e-04
5.830816300000000410e+03 1.842125599999999892e-04
5.831716400000000249e+03 1.841500800000000094e-04
5.832616600000000290e+03 1.840984100000000133e-04
5.833516700000000128e+03 1.840540400000000129e-04
5.834416799999999967e+03 1.840071099999999961e-04
5.835317500000000109e+03 1.839452900000000083e-04
5.836217599999999948e+03 1.838940500000000016e-04
5.837117799999999988e+03 1.838575499999999961e-04
5.838017899999999827e+03 1.838304900000000005e-04
5.838917999999999665e+03 1.838081799999999983e-04
5.839818699999999808e+03 1.837262799999999881e-04
5.840718799999999646e+03 1.835598100000000114e-04
5.841618999999999687e+03 1.834064699999999909e-04
5.842519100000000435e+03 1.832794800000000113e-04
5.843419200000000274e+03 1.831535699999999988e-04
5.844319900000000416e+03 1.830207599999999915e-04
5.845220000000000255e+03 1.828953499999999869e-04
5.846120200000000295e+03 1.827799099999999886e-04
5.847020300000000134e+03 1.826497600000000048e-04
5.847920500000000175e+03 1.825123500000000009e-04
5.848821100000000115e+03 1.823551900000000114e-04
5.849721199999999953e+03 1.821504500000000002e-04
5.850621399999999994e+03 1.819585499999999928e-04
5.851521499999999833e+03 1.818228899999999894e-04
5.852421699999999873e+03 1.817191600000000106e-04
5.853322299999999814e+03 1.816698299999999885e-04
5.854222399999999652e+03 1.816101800000000034e-04
5.855122599999999693e+03 1.815317900000000084e-04
5.856022700000000441e+03 1.815015799999999957e-04
5.856922899999999572e+03 1.815669099999999987e-04
5.857823500000000422e+03 1.816255100000000052e-04
5.858104599999999664e+03 1.816368199999999968e-04
5.858723600000000260e+03 1.817207700000000013e-04
5.858885900000000220e+03 1.817844100000000080e-04
5.859623800000000301e+03 1.821650699999999930e-04
5.859667300000000068e+03 1.822065699999999959e-04
5.860448699999999917e+03 1.829838699999999994e-04
5.860523900000000140e+03 1.830843599999999955e-04
5.861230300000000170e+03 1.840289199999999904e-04
5.861424100000000180e+03 1.843297600000000022e-04
5.862011999999999716e+03 1.852782400000000003e-04
5.862324700000000121e+03 1.861692100000000003e-04
5.862793800000000374e+03 1.881660800000000062e-04
5.863224799999999959e+03 1.895243999999999976e-04
5.863575700000000325e+03 1.898308999999999988e-04
5.864125000000000000e+03 1.918846799999999878e-04
5.864357699999999568e+03 1.947925900000000018e-04
5.865025099999999838e+03 2.025888899999999868e-04
5.865139799999999923e+03 2.035416300000000118e-04
5.865921999999999571e+03 2.099882800000000020e-04
5.865925299999999879e+03 2.100144000000000132e-04
5.866704300000000330e+03 2.161527500000000118e-04
5.866825899999999820e+03 2.193003000000000118e-04
5.867486700000000383e+03 2.366440100000000071e-04
5.867725999999999658e+03 2.441443599999999835e-04
5.868269199999999728e+03 2.642297599999999928e-04
5.868626199999999699e+03 2.779042199999999757e-04
5.869051800000000185e+03 2.955092300000000086e-04
5.869526300000000447e+03 3.172085699999999749e-04
5.869834600000000137e+03 3.361709099999999977e-04
5.870426499999999578e+03 3.787479599999999834e-04
5.870617400000000089e+03 4.026145600000000167e-04
5.871327100000000428e+03 4.972155500000000408e-04
5.871400300000000243e+03 5.110375799999999523e-04
5.872183399999999892e+03 6.567391100000000365e-04
5.872227299999999559e+03 6.628937899999999984e-04
5.872966500000000451e+03 7.664707200000000489e-04
5.873127400000000307e+03 7.796073100000000403e-04
5.873749799999999595e+03 7.948908900000000496e-04
5.874027500000000146e+03 8.056071500000000106e-04
5.874533099999999649e+03 8.439452200000000133e-04
5.874927700000000186e+03 8.668608799999999578e-04
5.875316600000000108e+03 8.574904199999999798e-04
5.875828300000000127e+03 8.343966399999999889e-04
5.876100099999999657e+03 7.829635599999999491e-04
5.876728500000000167e+03 6.654160100000000144e-04
5.876883799999999610e+03 6.395208199999999517e-04
5.877628600000000006e+03 5.157125000000000467e-04
5.877667599999999766e+03 5.094871200000000450e-04
5.878451399999999921e+03 3.842690199999999911e-04
5.878528699999999844e+03 3.755144900000000172e-04
5.879235399999999572e+03 3.143605000000000271e-04
5.879428899999999885e+03 2.994246800000000051e-04
5.880019500000000335e+03 2.730755400000000211e-04
5.880329499999999825e+03 2.598661099999999757e-04
5.880803700000000390e+03 2.464155100000000134e-04
5.881229699999999866e+03 2.346219899999999901e-04
5.881587999999999738e+03 2.276295800000000121e-04
5.882129799999999705e+03 2.172081500000000085e-04
5.882372400000000198e+03 2.138258499999999985e-04
5.883029999999999745e+03 2.047138899999999978e-04
5.883156899999999951e+03 2.032731199999999983e-04
5.883930099999999584e+03 1.945470199999999939e-04
5.883941499999999905e+03 1.944554400000000113e-04
5.884726200000000063e+03 1.881492199999999922e-04
5.884830700000000434e+03 1.873509799999999875e-04
5.885511000000000422e+03 1.844111699999999917e-04
5.885730899999999565e+03 1.834678000000000123e-04
5.886295900000000074e+03 1.816881800000000118e-04
5.886631000000000313e+03 1.806332500000000073e-04
5.887081000000000131e+03 1.796219799999999942e-04
5.887531200000000354e+03 1.786101099999999934e-04
5.887866100000000188e+03 1.781007700000000055e-04
5.888431300000000192e+03 1.772474099999999937e-04
5.888651300000000447e+03 1.772606900000000011e-04
5.889331900000000132e+03 1.773576500000000077e-04
5.889436700000000201e+03 1.773698699999999952e-04
5.890222099999999955e+03 1.774578699999999985e-04
5.890232100000000173e+03 1.774589899999999955e-04
5.891007700000000114e+03 1.772738099999999974e-04
5.891132200000000012e+03 1.772428400000000128e-04
5.891793300000000272e+03 1.773241099999999925e-04
5.892032400000000052e+03 1.773572399999999926e-04
5.892579099999999926e+03 1.774593600000000078e-04
5.892932499999999891e+03 1.775264499999999984e-04
5.893364899999999579e+03 1.776483299999999865e-04
5.893833099999999831e+03 1.778193600000000112e-04
5.894150899999999638e+03 1.779403500000000047e-04
5.894733299999999872e+03 1.781786399999999912e-04
5.894936999999999898e+03 1.782552900000000000e-04
5.895633399999999710e+03 1.784965400000000039e-04
5.895723200000000361e+03 1.785261399999999875e-04
5.896509399999999914e+03 1.788070799999999896e-04
5.896533599999999751e+03 1.788165100000000123e-04
5.897433699999999590e+03 1.790310199999999886e-04
5.898334300000000439e+03 1.791065799999999890e-04
5.899234499999999571e+03 1.793082400000000015e-04
5.900134600000000319e+03 1.796511499999999884e-04
5.901034800000000359e+03 1.799244799999999867e-04
5.901934900000000198e+03 1.801355400000000063e-04
5.902835500000000138e+03 1.801873599999999993e-04
5.903735700000000179e+03 1.802263199999999872e-04
5.904635800000000017e+03 1.802958899999999886e-04
5.905536000000000058e+03 1.803404100000000130e-04
5.906436099999999897e+03 1.803754099999999949e-04
5.907336800000000039e+03 1.803539199999999959e-04
5.908236899999999878e+03 1.802762099999999942e-04
5.909136999999999716e+03 1.801778200000000096e-04
5.910037199999999757e+03 1.800759000000000084e-04
5.910937299999999595e+03 1.799930799999999880e-04
5.911837999999999738e+03 1.799245799999999937e-04
5.912738099999999577e+03 1.798329299999999926e-04
5.913638200000000325e+03 1.797881799999999928e-04
5.914538400000000365e+03 1.798054000000000048e-04
5.915438500000000204e+03 1.798714799999999924e-04
5.916339200000000346e+03 1.798659600000000129e-04
5.917239300000000185e+03 1.798784700000000071e-04
5.918139400000000023e+03 1.798772199999999874e-04
5.919039600000000064e+03 1.798952400000000012e-04
5.919939699999999903e+03 1.799166699999999960e-04
5.920840400000000045e+03 1.799336400000000041e-04
5.921740499999999884e+03 1.799541499999999887e-04
5.922640699999999924e+03 1.799688899999999899e-04
5.923540799999999763e+03 1.799450700000000041e-04
5.924440899999999601e+03 1.798784799999999942e-04
5.925341599999999744e+03 1.798120299999999942e-04
5.926241699999999582e+03 1.797475300000000087e-04
5.927141899999999623e+03 1.796787899999999975e-04
5.928042000000000371e+03 1.796319999999999905e-04
5.928942100000000210e+03 1.795344199999999947e-04
5.929842800000000352e+03 1.795032899999999989e-04
5.930742900000000191e+03 1.794803299999999920e-04
5.931643100000000231e+03 1.794672799999999871e-04
5.932543200000000070e+03 1.794658999999999990e-04
5.933443400000000111e+03 1.794796200000000101e-04
5.934344000000000051e+03 1.795007399999999967e-04
5.935244099999999889e+03 1.795227199999999894e-04
5.936144299999999930e+03 1.795201899999999886e-04
5.937044399999999769e+03 1.794827499999999986e-04
5.937944599999999809e+03 1.794143199999999956e-04
5.938845199999999750e+03 1.793292299999999927e-04
5.939745299999999588e+03 1.792520800000000031e-04
5.940645499999999629e+03 1.791995700000000025e-04
5.941545600000000377e+03 1.791746099999999911e-04
5.942445800000000418e+03 1.791620100000000041e-04
5.943346400000000358e+03 1.791334199999999963e-04
5.944246500000000196e+03 1.791062300000000052e-04
5.945146700000000237e+03 1.790739499999999967e-04
5.946046800000000076e+03 1.790155700000000056e-04
5.946947000000000116e+03 1.789644599999999945e-04
5.947847600000000057e+03 1.789297899999999950e-04
5.948747699999999895e+03 1.789054299999999985e-04
5.949647899999999936e+03 1.788885100000000075e-04
5.950547999999999774e+03 1.788718399999999933e-04
5.951448199999999815e+03 1.788393899999999865e-04
5.952348799999999756e+03 1.787936500000000123e-04
5.953248899999999594e+03 1.787577800000000102e-04
5.954149099999999635e+03 1.787331900000000112e-04
5.955049200000000383e+03 1.787138199999999978e-04
5.955949400000000423e+03 1.787088400000000018e-04
5.956850000000000364e+03 1.787306000000000062e-04
5.957750200000000405e+03 1.787730100000000050e-04
5.958650300000000243e+03 1.788276900000000083e-04
5.959550400000000081e+03 1.788923500000000051e-04
5.960450600000000122e+03 1.789558799999999906e-04
5.961351200000000063e+03 1.790009100000000100e-04
5.962251400000000103e+03 1.790125700000000126e-04
5.963151499999999942e+03 1.789922000000000106e-04
5.964051599999999780e+03 1.789586999999999981e-04
5.964951799999999821e+03 1.789341599999999890e-04
5.965852399999999761e+03 1.789202399999999910e-04
5.966752599999999802e+03 1.789067999999999995e-04
5.967652699999999641e+03 1.789053899999999957e-04
5.968552899999999681e+03 1.789231200000000028e-04
5.969453000000000429e+03 1.789253399999999954e-04
5.970353600000000370e+03 1.788631899999999981e-04
5.971253800000000410e+03 1.787353200000000111e-04
5.972153900000000249e+03 1.786090700000000019e-04
5.973054100000000290e+03 1.784936799999999935e-04
5.973954200000000128e+03 1.783472599999999964e-04
5.974854800000000068e+03 1.782179800000000057e-04
5.975755000000000109e+03 1.781459400000000076e-04
5.976655099999999948e+03 1.781379300000000029e-04
5.977555299999999988e+03 1.781682999999999997e-04
5.978455399999999827e+03 1.781779700000000121e-04
5.979355999999999767e+03 1.781457100000000051e-04
5.980256199999999808e+03 1.780803600000000007e-04
5.981156299999999646e+03 1.779874099999999900e-04
5.982056499999999687e+03 1.778903199999999879e-04
5.982956600000000435e+03 1.778417800000000075e-04
5.983857200000000375e+03 1.778379899999999998e-04
5.984757400000000416e+03 1.778193699999999983e-04
5.985657500000000255e+03 1.778014200000000030e-04
5.986557700000000295e+03 1.777999499999999950e-04
5.987457800000000134e+03 1.778140999999999956e-04
5.988358500000000276e+03 1.778549299999999922e-04
5.989258600000000115e+03 1.778922900000000037e-04
5.990158699999999953e+03 1.779244199999999881e-04
5.991058899999999994e+03 1.779521899999999927e-04
5.991958999999999833e+03 1.779702199999999936e-04
5.992859699999999975e+03 1.779682500000000049e-04
5.993759799999999814e+03 1.779581999999999930e-04
5.994659899999999652e+03 1.779373100000000089e-04
5.995560099999999693e+03 1.778915100000000033e-04
5.996460200000000441e+03 1.778371699999999967e-04
5.997360899999999674e+03 1.777921299999999901e-04
5.998261000000000422e+03 1.777536799999999972e-04
5.999161199999999553e+03 1.777222500000000076e-04
6.000061300000000301e+03 1.776809200000000030e-04
6.000961400000000140e+03 1.776250300000000099e-04
6.001862100000000282e+03 1.775420700000000069e-04
6.002762200000000121e+03 1.774515800000000057e-04
6.003662400000000162e+03 1.773606599999999879e-04
6.004562500000000000e+03 1.772938400000000027e-04
6.005462599999999838e+03 1.772628299999999882e-04
6.006363299999999981e+03 1.772484300000000108e-04
6.007263399999999820e+03 1.772425999999999960e-04
6.008163599999999860e+03 1.772327099999999953e-04
6.009063699999999699e+03 1.772168099999999944e-04
6.009963899999999740e+03 1.772190199999999999e-04
6.010864499999999680e+03 1.772204799999999936e-04
6.011764600000000428e+03 1.771815200000000058e-04
6.012664799999999559e+03 1.771200700000000031e-04
6.013564900000000307e+03 1.770568600000000129e-04
6.014465100000000348e+03 1.769917499999999983e-04
6.015365700000000288e+03 1.769249899999999901e-04
6.016265800000000127e+03 1.768495400000000110e-04
6.017166000000000167e+03 1.767768999999999981e-04
6.018066100000000006e+03 1.767353100000000024e-04
6.018966300000000047e+03 1.767162800000000129e-04
6.019866899999999987e+03 1.767201700000000004e-04
6.020766999999999825e+03 1.767381599999999985e-04
6.021667199999999866e+03 1.767422400000000129e-04
6.022567299999999705e+03 1.767461399999999876e-04
6.023467499999999745e+03 1.767866100000000133e-04
6.024368099999999686e+03 1.768351600000000079e-04
6.025268200000000434e+03 1.768954199999999951e-04
6.026168399999999565e+03 1.769645000000000029e-04
6.027068500000000313e+03 1.770319600000000058e-04
6.027968700000000354e+03 1.770969199999999964e-04
6.028869300000000294e+03 1.771572000000000121e-04
6.029769500000000335e+03 1.772047899999999938e-04
6.030669600000000173e+03 1.772495799999999964e-04
6.031569700000000012e+03 1.772788999999999875e-04
6.032469900000000052e+03 1.772987700000000087e-04
6.033370499999999993e+03 1.773093899999999927e-04
6.034270700000000033e+03 1.773099100000000020e-04
6.035170799999999872e+03 1.773004899999999935e-04
6.036070899999999710e+03 1.772676000000000102e-04
6.036971099999999751e+03 1.772051499999999918e-04
6.037871699999999691e+03 1.771451699999999972e-04
6.038771899999999732e+03 1.770976100000000040e-04
6.039671999999999571e+03 1.770573100000000038e-04
6.040572199999999611e+03 1.770235799999999888e-04
6.041472300000000359e+03 1.769820800000000130e-04
6.042372900000000300e+03 1.769593399999999943e-04
6.043273100000000341e+03 1.769614800000000085e-04
6.044173200000000179e+03 1.769668299999999897e-04
6.045073400000000220e+03 1.769796400000000049e-04
6.045973500000000058e+03 1.769955600000000073e-04
6.046874099999999999e+03 1.769969999999999996e-04
6.047774300000000039e+03 1.769820099999999945e-04
6.048674399999999878e+03 1.769239499999999987e-04
6.049574599999999919e+03 1.768117900000000129e-04
6.050474699999999757e+03 1.766966999999999984e-04
6.051375299999999697e+03 1.766005399999999936e-04
6.052275499999999738e+03 1.765191799999999941e-04
6.053175599999999577e+03 1.764636999999999890e-04
6.054075799999999617e+03 1.764704600000000011e-04
6.054975900000000365e+03 1.764290099999999881e-04
6.055876500000000306e+03 1.764013999999999947e-04
6.056776700000000346e+03 1.763906699999999894e-04
6.057676800000000185e+03 1.763879400000000017e-04
6.058577000000000226e+03 1.763944199999999943e-04
6.059477100000000064e+03 1.763472199999999992e-04
6.060377800000000207e+03 1.762443000000000093e-04
6.061277900000000045e+03 1.761315400000000087e-04
6.062177999999999884e+03 1.760759300000000081e-04
6.063078199999999924e+03 1.760781200000000122e-04
6.063978299999999763e+03 1.760618600000000132e-04
6.064878999999999905e+03 1.760381099999999916e-04
6.065779099999999744e+03 1.760480799999999979e-04
6.066679199999999582e+03 1.761093100000000122e-04
6.067579399999999623e+03 1.761895499999999875e-04
6.068479500000000371e+03 1.762623800000000002e-04
6.069380199999999604e+03 1.763224699999999890e-04
6.070280300000000352e+03 1.763930899999999961e-04
6.071180500000000393e+03 1.764373900000000051e-04
6.072080600000000231e+03 1.764163800000000126e-04
6.072980700000000070e+03 1.763044000000000124e-04
6.073881400000000212e+03 1.761425799999999950e-04
6.074781500000000051e+03 1.759772699999999910e-04
6.075681700000000092e+03 1.758272199999999974e-04
6.076581799999999930e+03 1.756949299999999994e-04
6.077481899999999769e+03 1.755805899999999967e-04
6.078382599999999911e+03 1.754995699999999938e-04
6.079282699999999750e+03 1.754323500000000077e-04
6.080182899999999790e+03 1.753818400000000115e-04
6.081082999999999629e+03 1.753426699999999954e-04
6.081983199999999670e+03 1.753167099999999954e-04
6.082883799999999610e+03 1.753081000000000029e-04
6.083783900000000358e+03 1.753014800000000006e-04
6.084684100000000399e+03 1.752841299999999931e-04
6.085584200000000237e+03 1.752605800000000126e-04
6.086484400000000278e+03 1.752313499999999871e-04
6.087385000000000218e+03 1.751955900000000063e-04
6.088285100000000057e+03 1.751567900000000025e-04
6.089185300000000097e+03 1.751157700000000061e-04
6.090085399999999936e+03 1.750944900000000082e-04
6.090985599999999977e+03 1.751292200000000119e-04
6.091886199999999917e+03 1.751938400000000058e-04
6.092786299999999756e+03 1.752261700000000042e-04
6.093686499999999796e+03 1.752508499999999960e-04
6.094586599999999635e+03 1.752874300000000071e-04
6.095486799999999675e+03 1.752629599999999893e-04
6.096387399999999616e+03 1.751014300000000058e-04
6.097287500000000364e+03 1.748942100000000109e-04
6.098187700000000405e+03 1.747270299999999980e-04
6.099087800000000243e+03 1.745615800000000113e-04
6.099988000000000284e+03 1.744414200000000081e-04
6.100888600000000224e+03 1.743992099999999961e-04
6.101788800000000265e+03 1.744362500000000123e-04
6.102688900000000103e+03 1.745229199999999902e-04
6.103588999999999942e+03 1.745916300000000128e-04
6.104489199999999983e+03 1.746581999999999941e-04
6.105389799999999923e+03 1.747403799999999968e-04
6.106289999999999964e+03 1.748192400000000112e-04
6.107190099999999802e+03 1.748858600000000095e-04
6.108090199999999641e+03 1.749572799999999913e-04
6.108990399999999681e+03 1.750122900000000042e-04
6.109890999999999622e+03 1.750177399999999924e-04
6.110791199999999662e+03 1.749942699999999904e-04
6.111691300000000410e+03 1.749626399999999868e-04
6.112591500000000451e+03 1.748887900000000112e-04
6.113491600000000290e+03 1.747567600000000043e-04
6.114392200000000230e+03 1.746180099999999880e-04
6.115292400000000271e+03 1.744860900000000023e-04
6.116192500000000109e+03 1.743702599999999903e-04
6.117092700000000150e+03 1.743114100000000069e-04
6.117992799999999988e+03 1.742608800000000093e-04
6.118893399999999929e+03 1.741666499999999904e-04
6.119793599999999969e+03 1.740796999999999928e-04
6.120693699999999808e+03 1.740530399999999981e-04
6.121593899999999849e+03 1.740667400000000078e-04
6.122493999999999687e+03 1.740911000000000043e-04
6.123394599999999627e+03 1.741297399999999968e-04
6.124294799999999668e+03 1.741587999999999969e-04
6.125194900000000416e+03 1.741828500000000123e-04
6.126095099999999547e+03 1.742108499999999924e-04
6.126995200000000295e+03 1.742169800000000011e-04
6.127895900000000438e+03 1.741831700000000076e-04
6.128796000000000276e+03 1.740832100000000080e-04
6.129696100000000115e+03 1.738892600000000062e-04
6.130596300000000156e+03 1.736313700000000038e-04
6.131496399999999994e+03 1.733998400000000023e-04
6.132397100000000137e+03 1.732295300000000009e-04
6.133297199999999975e+03 1.730803799999999890e-04
6.134197299999999814e+03 1.729327900000000048e-04
6.135097499999999854e+03 1.727826400000000043e-04
6.135997599999999693e+03 1.727047899999999928e-04
6.136898299999999836e+03 1.727699000000000075e-04
6.137798399999999674e+03 1.728734999999999907e-04
6.138698599999999715e+03 1.729997000000000099e-04
6.139598699999999553e+03 1.731017700000000081e-04
6.140498800000000301e+03 1.732067799999999951e-04
6.141399500000000444e+03 1.732934099999999973e-04
6.142299600000000282e+03 1.733547300000000044e-04
6.143199800000000323e+03 1.733713099999999987e-04
6.144099900000000162e+03 1.733488000000000097e-04
6.145000000000000000e+03 1.733009500000000098e-04
6.145900700000000143e+03 1.732351499999999875e-04
6.146800799999999981e+03 1.731815999999999954e-04
6.147701000000000022e+03 1.731624400000000103e-04
6.148601099999999860e+03 1.731611100000000122e-04
6.149501299999999901e+03 1.731563900000000072e-04
6.150401899999999841e+03 1.731542000000000031e-04
6.151301999999999680e+03 1.731448699999999874e-04
6.152202199999999721e+03 1.730769500000000065e-04
6.153102299999999559e+03 1.729062600000000056e-04
6.154002499999999600e+03 1.727736100000000095e-04
6.154903100000000450e+03 1.726108799999999963e-04
6.155803200000000288e+03 1.723907399999999920e-04
6.156703400000000329e+03 1.721881399999999950e-04
6.157603500000000167e+03 1.720211999999999989e-04
6.158503700000000208e+03 1.718831399999999903e-04
6.159404300000000148e+03 1.717553900000000117e-04
6.160304399999999987e+03 1.716190699999999892e-04
6.161204600000000028e+03 1.715888099999999866e-04
6.162104699999999866e+03 1.716660400000000089e-04
6.163004899999999907e+03 1.717624899999999934e-04
6.163905499999999847e+03 1.718577200000000009e-04
6.164805699999999888e+03 1.718845800000000097e-04
6.165705799999999726e+03 1.719206600000000129e-04
6.166605899999999565e+03 1.719463999999999975e-04
6.167506099999999606e+03 1.719425100000000100e-04
6.168406699999999546e+03 1.719606799999999936e-04
6.169306899999999587e+03 1.720062200000000081e-04
6.170207000000000335e+03 1.720849200000000112e-04
6.171107100000000173e+03 1.721748999999999903e-04
6.172007300000000214e+03 1.722424699999999874e-04
6.172907900000000154e+03 1.722945999999999885e-04
6.173808100000000195e+03 1.723456299999999940e-04
6.174708200000000033e+03 1.723755200000000115e-04
6.175608400000000074e+03 1.723951100000000131e-04
6.176508499999999913e+03 1.724204000000000069e-04
6.177409099999999853e+03 1.724665899999999990e-04
6.178309299999999894e+03 1.725191299999999882e-04
6.179209399999999732e+03 1.725333100000000044e-04
6.180109599999999773e+03 1.725436299999999945e-04
6.181009699999999611e+03 1.725285800000000123e-04
6.181910299999999552e+03 1.724702100000000083e-04
6.182810499999999593e+03 1.723653600000000054e-04
6.183710600000000341e+03 1.722238899999999886e-04
6.184610800000000381e+03 1.720675799999999908e-04
6.185510900000000220e+03 1.719342399999999871e-04
6.186411500000000160e+03 1.718156999999999887e-04
6.187311700000000201e+03 1.716708100000000038e-04
6.188211800000000039e+03 1.715693500000000076e-04
6.189112000000000080e+03 1.715397499999999969e-04
6.190012099999999919e+03 1.715185999999999946e-04
6.190912800000000061e+03 1.716206600000000056e-04
6.191812899999999900e+03 1.717948599999999946e-04
6.192712999999999738e+03 1.718373799999999875e-04
6.193613199999999779e+03 1.719089899999999961e-04
6.194513299999999617e+03 1.719487899999999885e-04
6.195413999999999760e+03 1.719863899999999896e-04
6.196314099999999598e+03 1.719834799999999894e-04
6.197214200000000346e+03 1.719531200000000068e-04
6.198114400000000387e+03 1.719239599999999998e-04
6.199014500000000226e+03 1.719255499999999891e-04
6.199915200000000368e+03 1.719734599999999931e-04
6.200815300000000207e+03 1.720298000000000042e-04
6.201715500000000247e+03 1.720758699999999880e-04
6.202615600000000086e+03 1.721163000000000109e-04
6.203515699999999924e+03 1.721380799999999895e-04
6.204416400000000067e+03 1.721136300000000003e-04
6.205316499999999905e+03 1.720842900000000078e-04
6.206216699999999946e+03 1.719846900000000062e-04
6.207116799999999785e+03 1.718362999999999933e-04
6.208016999999999825e+03 1.716731100000000020e-04
6.208917599999999766e+03 1.715186599999999988e-04
6.209817699999999604e+03 1.713742800000000088e-04
6.210717899999999645e+03 1.712348400000000121e-04
6.211618000000000393e+03 1.710923900000000080e-04
6.212518200000000434e+03 1.709724899999999958e-04
6.213418800000000374e+03 1.709059000000000131e-04
6.214318900000000212e+03 1.708742799999999967e-04
6.215219100000000253e+03 1.708649300000000067e-04
6.216119200000000092e+03 1.708714099999999992e-04
6.217019400000000132e+03 1.708800199999999916e-04
6.217920000000000073e+03 1.708958799999999898e-04
6.218820099999999911e+03 1.709171799999999891e-04
6.219720299999999952e+03 1.709495000000000003e-04
6.220620399999999790e+03 1.709841699999999998e-04
6.221520599999999831e+03 1.710111899999999926e-04
6.222421199999999772e+03 1.710050699999999982e-04
6.223321299999999610e+03 1.709742799999999991e-04
6.224221499999999651e+03 1.709017999999999974e-04
6.225121600000000399e+03 1.707867800000000013e-04
6.226021800000000439e+03 1.706512499999999935e-04
6.226922400000000380e+03 1.705094299999999929e-04
6.227822600000000421e+03 1.703807299999999885e-04
6.228722700000000259e+03 1.702922999999999958e-04
6.229622800000000097e+03 1.702913999999999871e-04
6.230523000000000138e+03 1.703234299999999916e-04
6.231423600000000079e+03 1.704054799999999987e-04
6.232323800000000119e+03 1.704969400000000000e-04
6.233223899999999958e+03 1.705273099999999968e-04
6.234124099999999999e+03 1.705068900000000049e-04
6.235024199999999837e+03 1.704271900000000131e-04
6.235924799999999777e+03 1.703140199999999974e-04
6.236824999999999818e+03 1.701826300000000081e-04
6.237725099999999657e+03 1.700485599999999940e-04
6.238625299999999697e+03 1.699257500000000086e-04
6.239525400000000445e+03 1.698162099999999894e-04
6.240426000000000386e+03 1.697243600000000014e-04
6.241326200000000426e+03 1.696507299999999870e-04
6.242226300000000265e+03 1.695953800000000046e-04
6.243126500000000306e+03 1.695804500000000037e-04
6.244026600000000144e+03 1.695877599999999865e-04
6.244927200000000084e+03 1.696210299999999964e-04
6.245827400000000125e+03 1.696686400000000066e-04
6.246727499999999964e+03 1.697000000000000049e-04
6.247627700000000004e+03 1.696807400000000128e-04
6.248527799999999843e+03 1.696146300000000095e-04
6.249428499999999985e+03 1.695131700000000134e-04
6.250328599999999824e+03 1.693856900000000130e-04
6.251228699999999662e+03 1.692586400000000021e-04
6.252128899999999703e+03 1.691532600000000028e-04
6.253029000000000451e+03 1.690814399999999930e-04
6.253929699999999684e+03 1.690656500000000133e-04
6.254829800000000432e+03 1.691140599999999981e-04
6.255729900000000271e+03 1.691919699999999867e-04
6.256630100000000311e+03 1.692881499999999929e-04
6.257530200000000150e+03 1.693749299999999921e-04
6.258430900000000292e+03 1.694323099999999946e-04
6.259331000000000131e+03 1.695008299999999904e-04
6.260231200000000172e+03 1.696025199999999890e-04
6.261131300000000010e+03 1.697150899999999899e-04
6.262031399999999849e+03 1.698145300000000074e-04
6.262932099999999991e+03 1.698775000000000079e-04
6.263832199999999830e+03 1.698976600000000087e-04
6.264732399999999870e+03 1.698970900000000095e-04
6.265632499999999709e+03 1.698936500000000128e-04
6.266532699999999750e+03 1.698919300000000009e-04
6.267433299999999690e+03 1.698945899999999972e-04
6.268333400000000438e+03 1.699067199999999920e-04
6.269233599999999569e+03 1.699255099999999919e-04
6.270133700000000317e+03 1.699453099999999946e-04
6.271033900000000358e+03 1.699619600000000074e-04
6.271934500000000298e+03 1.699643299999999970e-04
6.272834600000000137e+03 1.699358300000000091e-04
6.273734800000000178e+03 1.698802899999999998e-04
6.274634900000000016e+03 1.698029199999999948e-04
6.275535100000000057e+03 1.696997399999999867e-04
6.276435699999999997e+03 1.695973099999999905e-04
6.277335799999999836e+03 1.695094499999999971e-04
6.278235999999999876e+03 1.694430600000000012e-04
6.279136099999999715e+03 1.694113800000000077e-04
6.280036299999999756e+03 1.694214099999999910e-04
6.280936899999999696e+03 1.694727599999999918e-04
6.281262200000000121e+03 1.695042199999999971e-04
6.281837099999999737e+03 1.695818000000000032e-04
6.282099900000000162e+03 1.696238799999999925e-04
6.282737199999999575e+03 1.696925699999999866e-04
6.282937700000000405e+03 1.697050099999999895e-04
6.283637300000000323e+03 1.697909899999999869e-04
6.283775599999999940e+03 1.698171299999999995e-04
6.284537500000000364e+03 1.700498099999999866e-04
6.284613599999999678e+03 1.700846599999999986e-04
6.285438100000000304e+03 1.708657500000000098e-04
6.285451699999999619e+03 1.708889399999999922e-04
6.286289999999999964e+03 1.718316100000000040e-04
6.286338300000000345e+03 1.718276600000000123e-04
6.287128300000000309e+03 1.719895000000000039e-04
6.287238400000000183e+03 1.721031000000000091e-04
6.287966800000000148e+03 1.729760699999999967e-04
6.288138500000000022e+03 1.733058400000000131e-04
6.288805400000000191e+03 1.746407300000000053e-04
6.289038700000000063e+03 1.752701699999999923e-04
6.289644100000000435e+03 1.769064499999999942e-04
6.289939300000000003e+03 1.780550799999999941e-04
6.290482899999999972e+03 1.801702599999999957e-04
6.290839500000000044e+03 1.838966600000000080e-04
6.291321799999999712e+03 1.896325199999999989e-04
6.291739599999999882e+03 1.955028700000000061e-04
6.292160899999999856e+03 2.018398999999999985e-04
6.292639799999999923e+03 2.092647700000000073e-04
6.293000000000000000e+03 2.149655399999999964e-04
6.293539899999999761e+03 2.222454700000000031e-04
6.293839299999999639e+03 2.256096400000000052e-04
6.294440499999999702e+03 2.314911399999999928e-04
6.294678600000000188e+03 2.333971100000000094e-04
6.295340699999999742e+03 2.403375699999999989e-04
6.295518100000000231e+03 2.428549799999999901e-04
6.296240799999999581e+03 2.526259400000000128e-04
6.296357699999999568e+03 2.540665700000000024e-04
6.297140999999999622e+03 2.615919000000000187e-04
6.297197400000000016e+03 2.618145300000000210e-04
6.298037199999999757e+03 2.627486600000000045e-04
6.298041100000000370e+03 2.627262099999999926e-04
6.298877099999999700e+03 2.612029899999999852e-04
6.298941700000000310e+03 2.620239900000000100e-04
6.299717200000000048e+03 2.713089200000000085e-04
6.299841900000000351e+03 2.722606999999999935e-04
6.300557300000000396e+03 2.773942200000000229e-04
6.300742000000000189e+03 2.775381599999999821e-04
6.301397600000000239e+03 2.780492000000000076e-04
6.301642200000000230e+03 2.768313400000000030e-04
6.302238000000000284e+03 2.735990899999999866e-04
6.302542300000000068e+03 2.714070600000000164e-04
6.303078499999999622e+03 2.671886900000000251e-04
6.303442900000000009e+03 2.662828599999999884e-04
6.303919100000000071e+03 2.668483499999999876e-04
6.304343100000000049e+03 2.676725699999999938e-04
6.304759799999999814e+03 2.687999900000000142e-04
6.305243199999999888e+03 2.693743199999999813e-04
6.305600599999999758e+03 2.690640999999999909e-04
6.306143399999999929e+03 2.698232100000000095e-04
6.306441499999999905e+03 2.713983599999999770e-04
6.307043499999999767e+03 2.773368799999999961e-04
6.307282599999999547e+03 2.819904999999999829e-04
6.307944199999999910e+03 2.951075300000000155e-04
6.308123700000000099e+03 2.988286600000000250e-04
6.308844299999999748e+03 3.110435000000000044e-04
6.308965000000000146e+03 3.117635599999999882e-04
6.309744399999999587e+03 3.156837299999999897e-04
6.309806400000000394e+03 3.158001599999999895e-04
6.310644599999999627e+03 3.186148599999999746e-04
6.310647899999999936e+03 3.186447299999999906e-04
6.311489499999999680e+03 3.244540299999999961e-04
6.311544700000000375e+03 3.240652700000000138e-04
6.312331199999999626e+03 3.172332699999999952e-04
6.312445399999999609e+03 3.133898000000000196e-04
6.313173099999999977e+03 2.888932299999999757e-04
6.313345500000000357e+03 2.823290999999999800e-04
6.314015000000000327e+03 2.565569100000000108e-04
6.314245700000000397e+03 2.512760099999999984e-04
6.314857100000000173e+03 2.422776000000000129e-04
6.315145800000000236e+03 2.375702800000000100e-04
6.315699200000000019e+03 2.276896099999999967e-04
6.316045900000000074e+03 2.222484699999999961e-04
6.316541500000000269e+03 2.160385299999999903e-04
6.316946600000000217e+03 2.112388599999999916e-04
6.317383899999999812e+03 2.066483899999999908e-04
6.317846700000000055e+03 2.010813499999999920e-04
6.318226399999999558e+03 1.950266700000000055e-04
6.318746900000000096e+03 1.863845499999999941e-04
6.319069000000000415e+03 1.819756000000000064e-04
6.319646999999999935e+03 1.790921099999999932e-04
6.319911799999999857e+03 1.779895100000000014e-04
6.320547099999999773e+03 1.755000000000000104e-04
6.320754600000000210e+03 1.748054300000000073e-04
6.321447799999999916e+03 1.727816399999999885e-04
6.321597600000000057e+03 1.724441299999999999e-04
6.322347899999999754e+03 1.708290299999999889e-04
6.322440599999999904e+03 1.706764400000000074e-04
6.323248099999999795e+03 1.694155600000000019e-04
6.323283800000000156e+03 1.693827400000000099e-04
6.324127099999999700e+03 1.687148900000000058e-04
6.324148199999999633e+03 1.687143600000000094e-04
6.324970500000000357e+03 1.686906200000000021e-04
6.325048399999999674e+03 1.686865999999999919e-04
6.325814000000000306e+03 1.686280099999999996e-04
6.325948999999999614e+03 1.685888000000000078e-04
6.326657699999999750e+03 1.683504400000000029e-04
6.326849100000000362e+03 1.683099100000000001e-04
6.327501400000000103e+03 1.682655899999999896e-04
6.327749300000000403e+03 1.682472100000000049e-04
6.328345299999999952e+03 1.681934599999999988e-04
6.328649400000000242e+03 1.681656400000000042e-04
6.329189199999999801e+03 1.681159700000000126e-04
6.329549600000000282e+03 1.680794399999999914e-04
6.330033300000000054e+03 1.680035700000000101e-04
6.330450200000000223e+03 1.679267900000000057e-04
6.330877499999999600e+03 1.678434799999999917e-04
6.331350300000000061e+03 1.677468699999999961e-04
6.331721800000000258e+03 1.676829899999999996e-04
6.332250500000000102e+03 1.676251699999999935e-04
6.332566200000000208e+03 1.675894899999999911e-04
6.333150599999999940e+03 1.675199100000000026e-04
6.333410799999999654e+03 1.674887699999999926e-04
6.334050799999999981e+03 1.674131600000000023e-04
6.334255400000000009e+03 1.673962900000000012e-04
6.334951399999999921e+03 1.673573699999999890e-04
6.335851499999999760e+03 1.673515400000000013e-04
6.336751699999999801e+03 1.673544500000000016e-04
6.337651799999999639e+03 1.673722999999999899e-04
6.338551999999999680e+03 1.673760499999999948e-04
6.339452599999999620e+03 1.673444500000000068e-04
6.340352799999999661e+03 1.672530700000000111e-04
6.341252900000000409e+03 1.671527600000000005e-04
6.342153000000000247e+03 1.670491599999999902e-04
6.343053200000000288e+03 1.670006499999999983e-04
6.343953800000000228e+03 1.669894000000000109e-04
6.344399900000000343e+03 1.669899799999999973e-04
6.344854000000000269e+03 1.669938100000000077e-04
6.345246100000000297e+03 1.669950899999999888e-04
6.345754100000000108e+03 1.669907799999999990e-04
6.346092300000000250e+03 1.670085300000000075e-04
6.346654300000000148e+03 1.671015900000000123e-04
6.346938600000000406e+03 1.671476900000000117e-04
6.347554399999999987e+03 1.672109800000000075e-04
6.347785100000000057e+03 1.672309700000000100e-04
6.348454999999999927e+03 1.673034599999999989e-04
6.348631599999999708e+03 1.673485600000000097e-04
6.349355199999999968e+03 1.675822700000000011e-04
6.349478299999999763e+03 1.676643600000000110e-04
6.350255299999999806e+03 1.682918799999999992e-04
6.350325100000000020e+03 1.683900299999999942e-04
6.351155499999999847e+03 1.693673300000000026e-04
6.351171999999999571e+03 1.693706400000000037e-04
6.352019000000000233e+03 1.696047000000000060e-04
6.352055599999999686e+03 1.696315999999999905e-04
6.352866100000000188e+03 1.704214899999999938e-04
6.352956199999999626e+03 1.705396800000000084e-04
6.353713399999999638e+03 1.719987399999999998e-04
6.353856399999999667e+03 1.722936499999999898e-04
6.354560699999999997e+03 1.741133199999999866e-04
6.354756500000000415e+03 1.746333199999999884e-04
6.355408199999999852e+03 1.764401799999999970e-04
6.355656699999999546e+03 1.771355599999999890e-04
6.356255799999999908e+03 1.790394400000000085e-04
6.356556800000000294e+03 1.800479200000000026e-04
6.357103399999999965e+03 1.822301699999999934e-04
6.357457400000000234e+03 1.838439800000000090e-04
6.357951299999999719e+03 1.859106400000000046e-04
6.358357600000000275e+03 1.873159299999999886e-04
6.358799200000000383e+03 1.892455899999999954e-04
6.359257700000000114e+03 1.923693799999999867e-04
6.359647200000000339e+03 1.944600699999999964e-04
6.360157900000000154e+03 1.952890900000000130e-04
6.360495299999999588e+03 1.954515800000000095e-04
6.361057999999999993e+03 1.954169899999999886e-04
6.361343600000000151e+03 1.953451300000000031e-04
6.361958700000000135e+03 1.949963000000000087e-04
6.362192000000000007e+03 1.948816000000000079e-04
6.362858799999999974e+03 1.947273000000000016e-04
6.363040399999999863e+03 1.949090000000000002e-04
6.363758899999999812e+03 1.958727200000000073e-04
6.363889000000000124e+03 1.958521600000000056e-04
6.364659099999999853e+03 1.954322600000000132e-04
6.364737799999999879e+03 1.952248200000000029e-04
6.365559199999999691e+03 1.927663199999999992e-04
6.365586599999999635e+03 1.926079699999999942e-04
6.366435499999999593e+03 1.867766499999999933e-04
6.366459899999999834e+03 1.866198200000000133e-04
6.367284599999999955e+03 1.822581099999999964e-04
6.367359999999999673e+03 1.818862300000000023e-04
6.368133700000000317e+03 1.785219700000000075e-04
6.368260199999999713e+03 1.779922000000000134e-04
6.368983000000000175e+03 1.757890600000000113e-04
6.369160299999999552e+03 1.753224099999999876e-04
6.369832400000000234e+03 1.733726500000000112e-04
6.370060400000000300e+03 1.726716199999999899e-04
6.370681899999999587e+03 1.711382200000000021e-04
6.370961100000000442e+03 1.706451299999999990e-04
6.371531500000000051e+03 1.697241099999999975e-04
6.371861200000000281e+03 1.693112500000000097e-04
6.372381199999999808e+03 1.686512099999999963e-04
6.372761400000000322e+03 1.681470699999999927e-04
6.373231099999999969e+03 1.676894699999999922e-04
6.373661500000000160e+03 1.673820900000000107e-04
6.374081000000000131e+03 1.671971700000000037e-04
6.374561599999999999e+03 1.671109800000000051e-04
6.374931099999999788e+03 1.670461999999999999e-04
6.375462300000000141e+03 1.669558799999999970e-04
6.375781299999999646e+03 1.668990600000000066e-04
6.376362399999999980e+03 1.667857100000000054e-04
6.376631599999999708e+03 1.667409400000000042e-04
6.377262600000000020e+03 1.667189099999999945e-04
6.377481999999999971e+03 1.667112500000000007e-04
6.378162699999999859e+03 1.667029800000000049e-04
6.378332500000000437e+03 1.667009500000000120e-04
6.379062899999999900e+03 1.667032399999999960e-04
6.379183100000000195e+03 1.667037800000000067e-04
6.379963499999999840e+03 1.667095200000000017e-04
6.380033900000000358e+03 1.667100699999999995e-04
6.380863599999999678e+03 1.667144799999999963e-04
6.380884699999999611e+03 1.667145699999999890e-04
6.381735700000000179e+03 1.667295300000000056e-04
6.381763799999999719e+03 1.667301499999999947e-04
6.382586800000000039e+03 1.667495600000000109e-04
6.382663899999999558e+03 1.667514200000000054e-04
6.383438000000000102e+03 1.667745100000000080e-04
6.383564099999999598e+03 1.667788300000000120e-04
6.384289300000000367e+03 1.668022099999999942e-04
6.384464700000000448e+03 1.668074100000000056e-04
6.385140699999999924e+03 1.668231899999999982e-04
6.385364800000000287e+03 1.668249600000000000e-04
6.385992299999999886e+03 1.668199899999999911e-04
6.386265000000000327e+03 1.667996700000000062e-04
6.387165100000000166e+03 1.667057499999999954e-04
6.388065300000000207e+03 1.665784399999999934e-04
6.388965900000000147e+03 1.664547399999999865e-04
6.389865999999999985e+03 1.663602999999999935e-04
6.390766200000000026e+03 1.663099199999999928e-04
6.391666299999999865e+03 1.662694000000000043e-04
6.392566499999999905e+03 1.662443099999999974e-04
6.393467099999999846e+03 1.662480600000000022e-04
6.394367299999999886e+03 1.662550600000000040e-04
6.395267399999999725e+03 1.662266700000000102e-04
6.396167499999999563e+03 1.661939099999999953e-04
6.397067699999999604e+03 1.661961800000000050e-04
6.397968300000000454e+03 1.661942200000000034e-04
6.398868499999999585e+03 1.661556999999999921e-04
6.399768600000000333e+03 1.661421999999999964e-04
6.400668800000000374e+03 1.662044200000000122e-04
6.401568900000000212e+03 1.662668099999999993e-04
6.402469500000000153e+03 1.662810800000000082e-04
6.403369700000000194e+03 1.662416599999999882e-04
6.404269800000000032e+03 1.661651400000000020e-04
6.405170000000000073e+03 1.660867999999999969e-04
6.406070099999999911e+03 1.660192399999999870e-04
6.406970699999999852e+03 1.659706499999999895e-04
6.407870899999999892e+03 1.659234200000000059e-04
6.408770999999999731e+03 1.658786799999999932e-04
6.409671199999999772e+03 1.658500999999999996e-04
6.410571299999999610e+03 1.658328999999999890e-04
6.411471899999999550e+03 1.658189300000000011e-04
6.412372099999999591e+03 1.658102200000000017e-04
6.413272200000000339e+03 1.657992300000000053e-04
6.414172400000000380e+03 1.657710800000000012e-04
6.415072500000000218e+03 1.657031700000000075e-04
6.415973200000000361e+03 1.657148599999999986e-04
6.416873300000000199e+03 1.657579200000000022e-04
6.417773400000000038e+03 1.657802100000000029e-04
6.418673600000000079e+03 1.658126600000000097e-04
6.419573699999999917e+03 1.658638299999999979e-04
6.420474400000000060e+03 1.658978800000000082e-04
6.421374499999999898e+03 1.659275100000000074e-04
6.422274699999999939e+03 1.659857600000000030e-04
6.423174799999999777e+03 1.660389000000000071e-04
6.424074899999999616e+03 1.660171600000000041e-04
6.424975599999999758e+03 1.658997000000000000e-04
6.425875699999999597e+03 1.657431399999999982e-04
6.426775899999999638e+03 1.655888900000000090e-04
6.427676000000000386e+03 1.654926900000000013e-04
6.428576200000000426e+03 1.654702799999999922e-04
6.429476800000000367e+03 1.654550699999999988e-04
6.430376900000000205e+03 1.654224099999999909e-04
6.431277100000000246e+03 1.654176799999999988e-04
6.432177200000000084e+03 1.654380000000000108e-04
6.433077400000000125e+03 1.654227499999999876e-04
6.433978000000000065e+03 1.653646299999999875e-04
6.434878099999999904e+03 1.653444399999999981e-04
6.435778299999999945e+03 1.653967300000000105e-04
6.436678399999999783e+03 1.654146499999999901e-04
6.437578599999999824e+03 1.654027000000000080e-04
6.438479199999999764e+03 1.654053299999999887e-04
6.439379299999999603e+03 1.654028100000000021e-04
6.440279499999999643e+03 1.654547599999999907e-04
6.441179600000000391e+03 1.654988499999999986e-04
6.442079800000000432e+03 1.654629599999999951e-04
6.442980400000000373e+03 1.653061699999999908e-04
6.443880600000000413e+03 1.650925599999999961e-04
6.444780700000000252e+03 1.648801100000000012e-04
6.445680800000000090e+03 1.646829700000000066e-04
6.446581000000000131e+03 1.645516700000000101e-04
6.447481600000000071e+03 1.645192499999999919e-04
6.448381800000000112e+03 1.645179300000000080e-04
6.449281899999999951e+03 1.644986499999999874e-04
6.450182099999999991e+03 1.644908799999999995e-04
6.451082199999999830e+03 1.645055900000000121e-04
6.451982799999999770e+03 1.645436800000000068e-04
6.452882999999999811e+03 1.645636300000000065e-04
6.453783099999999649e+03 1.645421299999999933e-04
6.454683299999999690e+03 1.645161499999999919e-04
6.455583400000000438e+03 1.645226100000000101e-04
6.456484000000000378e+03 1.645272999999999994e-04
6.457384200000000419e+03 1.644806199999999865e-04
6.458284300000000258e+03 1.644464899999999977e-04
6.459184500000000298e+03 1.644772999999999982e-04
6.460084600000000137e+03 1.645071399999999985e-04
6.460985200000000077e+03 1.645185800000000128e-04
6.461885400000000118e+03 1.645435300000000099e-04
6.462785499999999956e+03 1.645484000000000118e-04
6.463685699999999997e+03 1.645672200000000002e-04
6.464585799999999836e+03 1.646204800000000126e-04
6.465486499999999978e+03 1.646374899999999964e-04
6.466386599999999817e+03 1.645599400000000059e-04
6.467286699999999655e+03 1.644676800000000028e-04
6.468186899999999696e+03 1.644176600000000002e-04
6.469087000000000444e+03 1.644036900000000123e-04
6.469987699999999677e+03 1.643922400000000109e-04
6.470887800000000425e+03 1.643655700000000019e-04
6.471787999999999556e+03 1.643319799999999966e-04
6.472688100000000304e+03 1.643104400000000077e-04
6.473588200000000143e+03 1.643065699999999945e-04
6.474488900000000285e+03 1.642908900000000089e-04
6.475389000000000124e+03 1.642077400000000061e-04
6.476289200000000164e+03 1.640520000000000075e-04
6.477189300000000003e+03 1.639122999999999926e-04
6.478089500000000044e+03 1.638278700000000087e-04
6.478990099999999984e+03 1.637946100000000130e-04
6.479890199999999822e+03 1.638223399999999877e-04
6.480790399999999863e+03 1.638568500000000031e-04
6.481690499999999702e+03 1.638178399999999982e-04
6.482590699999999742e+03 1.637996199999999976e-04
6.483491299999999683e+03 1.637895700000000128e-04
6.484391400000000431e+03 1.636463299999999942e-04
6.485291599999999562e+03 1.633754899999999939e-04
6.486191700000000310e+03 1.631360899999999975e-04
6.487091900000000351e+03 1.629406600000000006e-04
6.487992500000000291e+03 1.626932999999999895e-04
6.488892600000000130e+03 1.625492900000000119e-04
6.489792800000000170e+03 1.623604500000000016e-04
6.490692900000000009e+03 1.621832600000000068e-04
6.491593100000000049e+03 1.620215900000000135e-04
6.492493699999999990e+03 1.620595300000000113e-04
6.493393900000000031e+03 1.619354599999999920e-04
6.494293999999999869e+03 1.620399200000000083e-04
6.495194099999999708e+03 1.622183900000000113e-04
6.496094299999999748e+03 1.623268500000000093e-04
6.496994899999999689e+03 1.623980199999999871e-04
6.497895099999999729e+03 1.624764800000000006e-04
6.498795199999999568e+03 1.625919100000000118e-04
6.499695399999999609e+03 1.627912400000000104e-04
6.500595500000000357e+03 1.630471399999999956e-04
6.501496100000000297e+03 1.632290499999999953e-04
6.502396300000000338e+03 1.633111099999999896e-04
6.503296400000000176e+03 1.633781800000000059e-04
6.504196600000000217e+03 1.633880300000000038e-04
6.505096700000000055e+03 1.633521400000000003e-04
6.505997299999999996e+03 1.632568600000000028e-04
6.506897500000000036e+03 1.632879899999999985e-04
6.507797599999999875e+03 1.633000399999999877e-04
6.508697799999999916e+03 1.631808300000000102e-04
6.509597899999999754e+03 1.629747100000000109e-04
6.510498499999999694e+03 1.628029599999999901e-04
6.511398699999999735e+03 1.627148699999999941e-04
6.512298799999999574e+03 1.626776600000000067e-04
6.513198999999999614e+03 1.626815699999999956e-04
6.514099100000000362e+03 1.626961300000000113e-04
6.514999799999999595e+03 1.626441700000000085e-04
6.515899900000000343e+03 1.626483900000000055e-04
6.516800000000000182e+03 1.627070600000000034e-04
6.517700200000000223e+03 1.628135599999999998e-04
6.518600300000000061e+03 1.628513700000000020e-04
6.519501000000000204e+03 1.628265900000000032e-04
6.520401100000000042e+03 1.627461300000000125e-04
6.521301300000000083e+03 1.628153100000000002e-04
6.522201399999999921e+03 1.627948199999999898e-04
6.523101499999999760e+03 1.628016699999999947e-04
6.524002199999999903e+03 1.627523800000000025e-04
6.524902299999999741e+03 1.625979000000000107e-04
6.525802499999999782e+03 1.625574500000000135e-04
6.526702599999999620e+03 1.625956900000000052e-04
6.527602799999999661e+03 1.625856900000000103e-04
6.528063199999999597e+03 1.626477699999999893e-04
6.528503399999999601e+03 1.627763800000000009e-04
6.528933799999999792e+03 1.628345600000000051e-04
6.529403500000000349e+03 1.628148600000000094e-04
6.529804500000000189e+03 1.627642599999999933e-04
6.530303700000000390e+03 1.626425700000000050e-04
6.530675299999999879e+03 1.626143900000000123e-04
6.531203800000000228e+03 1.627341499999999876e-04
6.531546299999999974e+03 1.628835399999999892e-04
6.532104000000000269e+03 1.634201399999999867e-04
6.532417300000000068e+03 1.637109100000000124e-04
6.533004600000000210e+03 1.641764700000000006e-04
6.533288499999999658e+03 1.643933899999999964e-04
6.533904700000000048e+03 1.647073799999999931e-04
6.534159800000000359e+03 1.648373600000000057e-04
6.534804900000000089e+03 1.650690200000000027e-04
6.535031200000000354e+03 1.651500000000000027e-04
6.535704999999999927e+03 1.667699800000000028e-04
6.535902699999999641e+03 1.672707099999999982e-04
6.536605199999999968e+03 1.690291599999999949e-04
6.536774400000000242e+03 1.694521000000000102e-04
6.537505799999999908e+03 1.727148899999999946e-04
6.537646099999999933e+03 1.733886899999999948e-04
6.538405899999999747e+03 1.786074699999999984e-04
6.538518000000000029e+03 1.794308700000000014e-04
6.539306099999999788e+03 1.886752099999999929e-04
6.539390000000000327e+03 1.897650899999999894e-04
6.540206199999999626e+03 2.043245099999999991e-04
6.540262099999999919e+03 2.054155899999999982e-04
6.541106399999999667e+03 2.203413200000000054e-04
6.541134399999999914e+03 2.208148400000000083e-04
6.542006699999999910e+03 2.327153099999999916e-04
6.542006999999999607e+03 2.327189900000000051e-04
6.542879200000000310e+03 2.482657899999999966e-04
6.542907199999999648e+03 2.488536799999999907e-04
6.543751699999999801e+03 2.643674499999999891e-04
6.543807300000000396e+03 2.653026899999999825e-04
6.544624399999999696e+03 2.792618399999999995e-04
6.544707400000000234e+03 2.806928700000000223e-04
6.545497199999999793e+03 2.943578300000000182e-04
6.545607600000000275e+03 2.962716000000000112e-04
6.546370200000000295e+03 3.058205699999999951e-04
6.546508200000000215e+03 3.070383700000000227e-04
6.547243199999999888e+03 3.087772100000000164e-04
6.547408400000000256e+03 3.082689700000000241e-04
6.548116399999999885e+03 3.069885700000000084e-04
6.548308500000000095e+03 3.068681800000000025e-04
6.548989599999999882e+03 3.109758100000000261e-04
6.549208700000000135e+03 3.138114199999999967e-04
6.549863000000000284e+03 3.224081499999999906e-04
6.550108799999999974e+03 3.256933399999999970e-04
6.550736499999999978e+03 3.534965899999999920e-04
6.551009399999999914e+03 3.768049500000000048e-04
6.551610099999999875e+03 4.418530799999999779e-04
6.551909599999999955e+03 4.847438799999999976e-04
6.552483900000000176e+03 5.640118499999999691e-04
6.552809699999999793e+03 6.059460399999999506e-04
6.553357699999999568e+03 7.177796599999999513e-04
6.553709899999999834e+03 8.466617899999999506e-04
6.554231700000000274e+03 1.090548900000000085e-03
6.554609999999999673e+03 1.370035300000000018e-03
6.555105800000000272e+03 1.747648899999999957e-03
6.555510599999999613e+03 2.088114800000000128e-03
6.555979999999999563e+03 2.536698699999999796e-03
6.556410799999999654e+03 3.191463299999999954e-03
6.556854299999999967e+03 3.925632800000000353e-03
6.557310900000000402e+03 5.191438999999999949e-03
6.557728799999999865e+03 6.376396299999999989e-03
6.558211100000000442e+03 8.469326399999999380e-03
6.558603299999999763e+03 1.017128800000000055e-02
6.559111200000000281e+03 1.226299599999999997e-02
6.559478000000000065e+03 1.377127400000000002e-02
6.560011900000000423e+03 1.408398800000000041e-02
6.560352799999999661e+03 1.417164599999999955e-02
6.560912000000000262e+03 1.511802599999999969e-02
6.561227700000000368e+03 1.572389700000000057e-02
6.561812100000000100e+03 1.618013499999999827e-02
6.562102700000000368e+03 1.633293099999999845e-02
6.562712300000000141e+03 1.521070199999999956e-02
6.562977899999999863e+03 1.453895000000000014e-02
6.563612399999999980e+03 1.219983600000000036e-02
6.563853100000000268e+03 1.121196399999999961e-02
6.564513100000000122e+03 8.682057300000000505e-03
6.564728500000000167e+03 7.881547399999999301e-03
6.565413199999999961e+03 5.738523899999999588e-03
6.565604000000000269e+03 5.197654599999999674e-03
6.566313400000000001e+03 3.590034599999999965e-03
6.566479599999999664e+03 3.267795899999999861e-03
6.567213499999999840e+03 2.104216199999999967e-03
6.567355300000000170e+03 1.951810300000000106e-03
6.568113599999999678e+03 1.199742099999999987e-03
6.568231099999999969e+03 1.129939799999999999e-03
6.569014299999999821e+03 7.587543100000000013e-04
6.569107100000000173e+03 7.301388399999999721e-04
6.569914399999999659e+03 5.190568899999999661e-04
6.569983199999999670e+03 5.062808700000000044e-04
6.570814599999999700e+03 3.877220999999999923e-04
6.570859400000000278e+03 3.838141200000000169e-04
6.571714700000000448e+03 3.387280199999999743e-04
6.571735700000000179e+03 3.384167799999999939e-04
6.572612100000000282e+03 3.365462600000000042e-04
6.572614800000000287e+03 3.365798299999999809e-04
6.573488599999999678e+03 3.274832899999999746e-04
6.573515500000000429e+03 3.263314399999999935e-04
6.574365300000000389e+03 2.971478900000000143e-04
6.574415600000000268e+03 2.963552699999999962e-04
6.575242100000000391e+03 2.833441400000000264e-04
6.575315800000000309e+03 2.821856200000000259e-04
6.576118900000000394e+03 2.708770900000000083e-04
6.576215900000000147e+03 2.703780699999999834e-04
6.576996000000000095e+03 2.738058300000000022e-04
6.577116100000000188e+03 2.803124099999999971e-04
6.577873099999999795e+03 3.224744200000000051e-04
6.578016700000000128e+03 3.299411099999999849e-04
6.578750299999999697e+03 3.627156900000000068e-04
6.578916799999999967e+03 3.648519999999999823e-04
6.579627700000000004e+03 3.722394299999999740e-04
6.579817000000000007e+03 3.738546800000000091e-04
6.580505199999999604e+03 3.811684400000000107e-04
6.580717099999999846e+03 3.846601499999999902e-04
6.581382700000000114e+03 3.950062400000000089e-04
6.581617299999999886e+03 3.977011499999999759e-04
6.582260500000000320e+03 4.067547000000000241e-04
6.582517899999999827e+03 4.131325900000000018e-04
6.583138299999999617e+03 4.272936300000000067e-04
6.583417999999999665e+03 4.297389499999999828e-04
6.584016200000000026e+03 4.215064999999999936e-04
6.584318199999999706e+03 3.913922799999999748e-04
6.584894299999999930e+03 3.382203800000000240e-04
6.585218300000000454e+03 3.170809400000000047e-04
6.585772500000000036e+03 2.815345099999999731e-04
6.586118499999999585e+03 2.636647000000000101e-04
6.586650800000000345e+03 2.363844599999999970e-04
6.587019100000000435e+03 2.286151400000000021e-04
6.587529199999999946e+03 2.199364400000000067e-04
6.587919299999999566e+03 2.138585599999999964e-04
6.588407699999999750e+03 2.063566600000000064e-04
6.588819400000000314e+03 2.010326799999999890e-04
6.589286299999999756e+03 1.954317499999999911e-04
6.589719500000000153e+03 1.903059800000000024e-04
6.590165100000000166e+03 1.849101499999999867e-04
6.590619700000000194e+03 1.800605599999999923e-04
6.591043999999999869e+03 1.761413100000000010e-04
6.591520300000000134e+03 1.728818499999999921e-04
6.591922999999999774e+03 1.706087500000000019e-04
6.592420500000000175e+03 1.685751400000000009e-04
6.592802099999999882e+03 1.671070100000000120e-04
6.593320600000000013e+03 1.653542000000000033e-04
6.593681300000000192e+03 1.643979899999999930e-04
6.594220800000000054e+03 1.636135100000000021e-04
6.594560699999999997e+03 1.631295399999999865e-04
6.595120899999999892e+03 1.623632300000000064e-04
6.595440200000000004e+03 1.619448100000000091e-04
6.596021499999999833e+03 1.612466800000000010e-04
6.596319700000000012e+03 1.609755299999999925e-04
6.596921699999999873e+03 1.607955199999999902e-04
6.597199400000000423e+03 1.607972100000000135e-04
6.597821799999999712e+03 1.608024000000000107e-04
6.598079300000000330e+03 1.608002300000000080e-04
6.598721999999999753e+03 1.607489099999999957e-04
6.598959200000000237e+03 1.607122999999999961e-04
6.599622099999999591e+03 1.606261599999999875e-04
6.599839200000000346e+03 1.606056199999999871e-04
6.600522700000000441e+03 1.605422800000000014e-04
6.600719399999999951e+03 1.605247300000000070e-04
6.601422899999999572e+03 1.604705500000000115e-04
6.601599699999999757e+03 1.604626000000000110e-04
6.602323000000000320e+03 1.604319699999999960e-04
6.602480099999999766e+03 1.604245000000000020e-04
6.603223200000000361e+03 1.603893200000000075e-04
6.603360599999999977e+03 1.603852799999999960e-04
6.604123300000000199e+03 1.603642599999999892e-04
6.604241299999999683e+03 1.603630299999999980e-04
6.605024000000000342e+03 1.603543100000000114e-04
6.605122000000000298e+03 1.603501200000000029e-04
6.605924100000000180e+03 1.603151300000000082e-04
6.606002900000000409e+03 1.603129400000000040e-04
6.606824200000000019e+03 1.602944099999999952e-04
6.606883899999999812e+03 1.602953100000000040e-04
6.607724400000000060e+03 1.603126400000000101e-04
6.608624499999999898e+03 1.603480700000000086e-04
6.609525200000000041e+03 1.603943000000000035e-04
6.610425299999999879e+03 1.604503100000000051e-04
6.611325399999999718e+03 1.605024600000000076e-04
6.612225599999999758e+03 1.605477000000000011e-04
6.613125699999999597e+03 1.605857600000000073e-04
6.614026399999999740e+03 1.606194800000000080e-04
6.614926499999999578e+03 1.606243999999999999e-04
6.615826699999999619e+03 1.605815000000000074e-04
6.616726800000000367e+03 1.605162900000000128e-04
6.617626900000000205e+03 1.604366799999999867e-04
6.618527600000000348e+03 1.603758099999999976e-04
6.619427700000000186e+03 1.603203099999999911e-04
6.620327900000000227e+03 1.602577700000000071e-04
6.621228000000000065e+03 1.601921999999999873e-04
6.622128200000000106e+03 1.601444400000000073e-04
6.623028800000000047e+03 1.601062500000000055e-04
6.623928899999999885e+03 1.600534699999999996e-04
6.624829099999999926e+03 1.599911999999999938e-04
6.625729199999999764e+03 1.599285400000000014e-04
6.626629399999999805e+03 1.598657600000000006e-04
6.627529999999999745e+03 1.597932199999999947e-04
6.628430099999999584e+03 1.597709099999999926e-04
6.629330299999999625e+03 1.597665100000000100e-04
6.630230400000000373e+03 1.597141799999999949e-04
6.631130600000000413e+03 1.596536399999999882e-04
6.632031200000000354e+03 1.596403699999999950e-04
6.632931400000000394e+03 1.596431700000000011e-04
6.633831500000000233e+03 1.596796300000000038e-04
6.634731600000000071e+03 1.597307599999999892e-04
6.635631800000000112e+03 1.597558699999999975e-04
6.636532400000000052e+03 1.597322999999999885e-04
6.637432600000000093e+03 1.596852200000000018e-04
6.638332699999999932e+03 1.596704899999999878e-04
6.639232899999999972e+03 1.596564700000000100e-04
6.640132999999999811e+03 1.596313199999999989e-04
6.641033599999999751e+03 1.595717299999999908e-04
6.641933799999999792e+03 1.595508000000000039e-04
6.642833899999999630e+03 1.595298699999999899e-04
6.643734099999999671e+03 1.595526300000000100e-04
6.644634200000000419e+03 1.595804300000000031e-04
6.645534800000000359e+03 1.596032599999999875e-04
6.646435000000000400e+03 1.596203700000000053e-04
6.647335100000000239e+03 1.596351599999999964e-04
6.648235300000000279e+03 1.596402600000000008e-04
6.649135400000000118e+03 1.596255400000000011e-04
6.650036100000000260e+03 1.595856400000000017e-04
6.650936200000000099e+03 1.595299600000000097e-04
6.651836299999999937e+03 1.594856199999999979e-04
6.652736499999999978e+03 1.594375500000000097e-04
6.653636599999999817e+03 1.593686699999999888e-04
6.654537299999999959e+03 1.592803200000000017e-04
6.655437399999999798e+03 1.591661499999999973e-04
6.656337499999999636e+03 1.590491799999999868e-04
6.657237699999999677e+03 1.591160100000000134e-04
6.658137800000000425e+03 1.591440600000000106e-04
6.658182999999999993e+03 1.591451200000000034e-04
6.659038499999999658e+03 1.591633800000000069e-04
6.659070899999999710e+03 1.591640600000000002e-04
6.659938600000000406e+03 1.592781700000000004e-04
6.659958999999999833e+03 1.592810599999999993e-04
6.660838800000000447e+03 1.594377699999999980e-04
6.660847200000000157e+03 1.594393000000000101e-04
6.661735499999999774e+03 1.602637099999999889e-04
6.661738900000000285e+03 1.602672400000000055e-04
6.662623899999999594e+03 1.612086900000000132e-04
6.662639000000000124e+03 1.612248300000000039e-04
6.663512399999999616e+03 1.616284400000000086e-04
6.663539700000000266e+03 1.616381999999999867e-04
6.664401100000000042e+03 1.627384600000000045e-04
6.664439800000000105e+03 1.627943699999999990e-04
6.665289899999999761e+03 1.648760199999999997e-04
6.665340000000000146e+03 1.650085199999999988e-04
6.666178799999999683e+03 1.671335200000000098e-04
6.666240099999999984e+03 1.672874700000000052e-04
6.667067799999999806e+03 1.708379200000000010e-04
6.667140300000000025e+03 1.711772399999999942e-04
6.667956900000000132e+03 1.806322499999999916e-04
6.668040899999999965e+03 1.817399499999999878e-04
6.668846199999999953e+03 1.948092500000000017e-04
6.668940999999999804e+03 1.964192599999999955e-04
6.669735599999999977e+03 2.012407300000000013e-04
6.669841199999999844e+03 2.015789600000000132e-04
6.670625100000000202e+03 2.088576600000000016e-04
6.670741299999999683e+03 2.101338500000000074e-04
6.671514699999999721e+03 2.185289199999999887e-04
6.671641499999999724e+03 2.199012099999999952e-04
6.672404400000000351e+03 2.354259199999999999e-04
6.672542099999999664e+03 2.386392400000000066e-04
6.673294200000000274e+03 2.631147799999999752e-04
6.673442200000000412e+03 2.683802600000000202e-04
6.674184199999999691e+03 2.984129599999999741e-04
6.674342400000000453e+03 3.050867400000000103e-04
6.675074300000000221e+03 3.252751400000000151e-04
6.675242500000000291e+03 3.290068999999999958e-04
6.675964500000000044e+03 3.426548300000000066e-04
6.676142700000000332e+03 3.457948099999999785e-04
6.676854800000000068e+03 3.616783300000000253e-04
6.677043300000000272e+03 3.662492900000000030e-04
6.677745200000000295e+03 3.686757399999999736e-04
6.677943500000000313e+03 3.675543700000000105e-04
6.678635800000000017e+03 3.514058699999999939e-04
6.678843600000000151e+03 3.448578700000000017e-04
6.679526499999999942e+03 3.091626000000000205e-04
6.679743699999999990e+03 2.955970399999999850e-04
6.680417300000000068e+03 2.648845999999999948e-04
6.680643900000000031e+03 2.565336199999999943e-04
6.681308200000000397e+03 2.403736399999999878e-04
6.681544499999999971e+03 2.362548000000000068e-04
6.682199200000000019e+03 2.235255600000000107e-04
6.682444700000000012e+03 2.184656200000000058e-04
6.683090400000000045e+03 2.072711799999999870e-04
6.683344799999999850e+03 2.033738700000000126e-04
6.683981700000000274e+03 1.971903800000000004e-04
6.684244999999999891e+03 1.955987800000000070e-04
6.684872999999999593e+03 1.888161500000000133e-04
6.685145099999999729e+03 1.849818299999999866e-04
6.685764600000000428e+03 1.775044700000000058e-04
6.686045699999999670e+03 1.745301299999999932e-04
6.686656200000000354e+03 1.698093699999999988e-04
6.686945899999999710e+03 1.682139300000000078e-04
6.687547899999999572e+03 1.655475200000000016e-04
6.687845999999999549e+03 1.644942599999999920e-04
6.688439800000000105e+03 1.628169300000000051e-04
6.688746199999999590e+03 1.621435100000000044e-04
6.689331799999999930e+03 1.610534099999999926e-04
6.689646300000000338e+03 1.605675000000000038e-04
6.690223899999999958e+03 1.597279699999999973e-04
6.690546900000000278e+03 1.592882200000000123e-04
6.691116100000000188e+03 1.587967399999999998e-04
6.691447100000000319e+03 1.586881500000000063e-04
6.692008399999999710e+03 1.585858100000000028e-04
6.692347200000000157e+03 1.585808300000000068e-04
6.692900899999999638e+03 1.585664500000000037e-04
6.693247400000000198e+03 1.585526300000000127e-04
6.693793499999999767e+03 1.584948100000000066e-04
6.694147500000000036e+03 1.584264000000000050e-04
6.694686200000000099e+03 1.583912000000000091e-04
6.695048200000000179e+03 1.584337499999999906e-04
6.695578999999999724e+03 1.584645500000000039e-04
6.695948300000000017e+03 1.584521300000000024e-04
6.696471899999999550e+03 1.584505200000000118e-04
6.696848399999999856e+03 1.584685300000000113e-04
6.697364999999999782e+03 1.584979500000000094e-04
6.697748599999999897e+03 1.585260899999999993e-04
6.698258200000000215e+03 1.586457099999999919e-04
6.698648699999999735e+03 1.589286400000000112e-04
6.699151499999999942e+03 1.593556200000000110e-04
6.699549399999999878e+03 1.598301299999999882e-04
6.700044899999999870e+03 1.603311499999999904e-04
6.700449499999999716e+03 1.605184099999999985e-04
6.700938400000000001e+03 1.607103700000000102e-04
6.701349699999999757e+03 1.607996499999999945e-04
6.701832099999999627e+03 1.611026600000000091e-04
6.702249799999999595e+03 1.618671600000000117e-04
6.702725800000000163e+03 1.628618000000000134e-04
6.703149900000000343e+03 1.640267899999999922e-04
6.703619700000000194e+03 1.656119600000000101e-04
6.704050599999999577e+03 1.681593399999999972e-04
6.704513700000000426e+03 1.719624400000000083e-04
6.704950700000000325e+03 1.785127399999999987e-04
6.705407900000000154e+03 1.859505400000000040e-04
6.705850900000000365e+03 1.943505500000000056e-04
6.706302099999999882e+03 2.019926899999999941e-04
6.706751000000000204e+03 2.073381699999999976e-04
6.707196500000000015e+03 2.130890900000000120e-04
6.707651200000000244e+03 2.201522899999999955e-04
6.708091000000000349e+03 2.319359100000000038e-04
6.708551800000000185e+03 2.571689699999999746e-04
6.708985599999999977e+03 2.808726600000000092e-04
6.709451900000000023e+03 3.060048099999999817e-04
6.709880299999999806e+03 3.300831900000000037e-04
6.710352100000000064e+03 3.788530300000000016e-04
6.710775099999999838e+03 4.222936999999999850e-04
6.711252199999999903e+03 4.408151499999999972e-04
6.711670100000000275e+03 4.557027800000000226e-04
6.712152399999999943e+03 4.823079999999999772e-04
6.712565200000000004e+03 5.060780400000000319e-04
6.713052999999999884e+03 5.270195100000000122e-04
6.713460399999999936e+03 5.431379399999999988e-04
6.713953099999999722e+03 5.473542900000000384e-04
6.714355700000000070e+03 5.481453599999999617e-04
6.714853299999999763e+03 5.678987599999999478e-04
6.715251100000000406e+03 5.916066499999999510e-04
6.715753399999999601e+03 6.153855800000000448e-04
6.716146700000000237e+03 6.228746699999999654e-04
6.716653599999999642e+03 5.982938399999999631e-04
6.717042400000000271e+03 5.733628100000000196e-04
6.717554199999999582e+03 5.267592700000000216e-04
6.717938199999999597e+03 4.926040399999999505e-04
6.718454300000000330e+03 4.522262200000000051e-04
6.718834100000000035e+03 4.311554399999999914e-04
6.719354500000000371e+03 4.248313000000000198e-04
6.719730099999999766e+03 4.205405099999999768e-04
6.720254600000000210e+03 4.153022400000000057e-04
6.720626299999999901e+03 4.111385099999999878e-04
6.721154800000000250e+03 4.032722500000000148e-04
6.721522600000000239e+03 3.988815399999999750e-04
6.722055400000000191e+03 4.021557600000000136e-04
6.722418999999999869e+03 4.052729099999999741e-04
6.722955600000000231e+03 4.025207500000000001e-04
6.723315499999999702e+03 3.993852599999999763e-04
6.723855700000000070e+03 3.886182099999999995e-04
6.724212099999999737e+03 3.801412799999999838e-04
6.724755799999999908e+03 3.825677000000000201e-04
6.725108900000000176e+03 3.885523999999999901e-04
6.725655999999999949e+03 4.189003600000000159e-04
6.726005699999999706e+03 4.447650599999999920e-04
6.726556599999999889e+03 4.664528800000000198e-04
6.726902699999999641e+03 4.690913300000000216e-04
6.727456799999999930e+03 4.577056600000000016e-04
6.727799899999999980e+03 4.493297700000000068e-04
6.728356899999999769e+03 4.422715100000000166e-04
6.728697100000000319e+03 4.445446299999999810e-04
6.729257099999999809e+03 4.609894699999999928e-04
6.729594399999999951e+03 4.719866999999999986e-04
6.730157199999999648e+03 4.889430300000000267e-04
6.730491899999999987e+03 4.914399199999999919e-04
6.731057799999999588e+03 4.767677099999999930e-04
6.731389500000000226e+03 4.597307599999999900e-04
6.731957999999999629e+03 4.079197200000000186e-04
6.732287199999999757e+03 3.780598200000000100e-04
6.732858100000000377e+03 3.267487600000000222e-04
6.733185000000000400e+03 3.006434299999999771e-04
6.733758300000000418e+03 2.688524299999999964e-04
6.734082999999999629e+03 2.535052700000000117e-04
6.734658400000000256e+03 2.317036400000000048e-04
6.734981099999999969e+03 2.212619400000000061e-04
6.735559000000000196e+03 2.095940799999999914e-04
6.735879299999999603e+03 2.051923600000000081e-04
6.736459200000000237e+03 1.997483100000000073e-04
6.736777600000000348e+03 1.976818299999999972e-04
6.737359300000000076e+03 1.922310799999999884e-04
6.737676000000000386e+03 1.885241699999999979e-04
6.738259500000000116e+03 1.815139100000000044e-04
6.738574499999999716e+03 1.776967199999999970e-04
6.739159599999999955e+03 1.716982900000000017e-04
6.739473200000000361e+03 1.691834300000000127e-04
6.740060300000000097e+03 1.656718800000000005e-04
6.740372000000000298e+03 1.643077000000000057e-04
6.740960399999999936e+03 1.624133299999999875e-04
6.741270900000000438e+03 1.615250999999999894e-04
6.741860499999999774e+03 1.601363200000000084e-04
6.742169899999999870e+03 1.596173300000000095e-04
6.742760699999999815e+03 1.589935599999999991e-04
6.743069099999999708e+03 1.585497700000000024e-04
6.743660799999999654e+03 1.574218200000000126e-04
6.743968399999999747e+03 1.570623799999999943e-04
6.744561499999999796e+03 1.570049399999999876e-04
6.744867799999999988e+03 1.569859500000000008e-04
6.745461599999999635e+03 1.569602800000000076e-04
6.745767300000000432e+03 1.569535300000000097e-04
6.746361799999999675e+03 1.569615300000000001e-04
6.746666900000000169e+03 1.569498600000000105e-04
6.747261900000000423e+03 1.568338100000000101e-04
6.747566600000000108e+03 1.567629100000000105e-04
6.748162000000000262e+03 1.567095600000000053e-04
6.748466500000000451e+03 1.567126800000000068e-04
6.749062700000000405e+03 1.567101599999999931e-04
6.749366500000000087e+03 1.567051199999999929e-04
6.749962800000000243e+03 1.567058100000000005e-04
6.750266599999999926e+03 1.567126800000000068e-04
6.750863000000000284e+03 1.567328600000000090e-04
6.751166799999999967e+03 1.567481599999999951e-04
6.751763100000000122e+03 1.567784699999999877e-04
6.752067200000000412e+03 1.567935800000000012e-04
6.752663300000000163e+03 1.568223000000000045e-04
6.752967700000000150e+03 1.568361399999999969e-04
6.753563900000000103e+03 1.568623399999999866e-04
6.753868199999999888e+03 1.568753499999999887e-04
6.754463999999999942e+03 1.569005499999999898e-04
6.754769000000000233e+03 1.569138200000000101e-04
6.755364199999999983e+03 1.569403199999999936e-04
6.756264299999999821e+03 1.569790799999999946e-04
6.757164499999999862e+03 1.570017200000000063e-04
6.758065099999999802e+03 1.570171600000000022e-04
6.758965199999999641e+03 1.569769899999999975e-04
6.759865399999999681e+03 1.569068299999999954e-04
6.760765500000000429e+03 1.568478299999999880e-04
6.761665699999999561e+03 1.567891399999999887e-04
6.762566300000000410e+03 1.567203400000000005e-04
6.763466500000000451e+03 1.566656799999999986e-04
6.764366600000000290e+03 1.566151200000000124e-04
6.765266700000000128e+03 1.565415999999999921e-04
6.766166900000000169e+03 1.564868299999999960e-04
6.767067500000000109e+03 1.564644900000000053e-04
6.767967700000000150e+03 1.564469200000000095e-04
6.768867799999999988e+03 1.564582099999999997e-04
6.769768000000000029e+03 1.564881799999999956e-04
6.770668099999999868e+03 1.565288199999999926e-04
6.771568699999999808e+03 1.565729399999999890e-04
6.772468899999999849e+03 1.566172300000000109e-04
6.773368999999999687e+03 1.566492999999999911e-04
6.774269199999999728e+03 1.566602300000000103e-04
6.775169299999999566e+03 1.566409299999999883e-04
6.776069900000000416e+03 1.565694399999999881e-04
6.776970099999999547e+03 1.564699799999999964e-04
6.777870200000000295e+03 1.563854100000000027e-04
6.778770400000000336e+03 1.563260800000000129e-04
6.779670500000000175e+03 1.562693499999999881e-04
6.780571200000000317e+03 1.561843999999999949e-04
6.781471300000000156e+03 1.561130300000000031e-04
6.782371399999999994e+03 1.560536699999999976e-04
6.783271600000000035e+03 1.560192599999999893e-04
6.784171699999999873e+03 1.560236100000000090e-04
6.785072400000000016e+03 1.560462600000000078e-04
6.785972499999999854e+03 1.560735399999999917e-04
6.786872699999999895e+03 1.561022300000000065e-04
6.787772799999999734e+03 1.561193100000000087e-04
6.788672899999999572e+03 1.561185100000000070e-04
6.789573599999999715e+03 1.560933300000000073e-04
6.790473699999999553e+03 1.560678199999999982e-04
6.791373899999999594e+03 1.560372400000000002e-04
6.792274000000000342e+03 1.560104300000000085e-04
6.793174200000000383e+03 1.559872899999999890e-04
6.794074800000000323e+03 1.559836999999999953e-04
6.794974900000000162e+03 1.559843500000000001e-04
6.795875100000000202e+03 1.559886999999999927e-04
6.796775200000000041e+03 1.559918300000000084e-04
6.797675400000000081e+03 1.559918999999999997e-04
6.798576000000000022e+03 1.559821399999999946e-04
6.799476099999999860e+03 1.559623399999999918e-04
6.800376299999999901e+03 1.559393800000000120e-04
6.801276399999999740e+03 1.559111799999999908e-04
6.802176599999999780e+03 1.558790199999999908e-04
6.803077199999999721e+03 1.558471200000000089e-04
6.803977399999999761e+03 1.558191400000000031e-04
6.804877499999999600e+03 1.557941199999999876e-04
6.805777600000000348e+03 1.557728599999999911e-04
6.806677800000000389e+03 1.557510999999999867e-04
6.807578400000000329e+03 1.557291700000000112e-04
6.808478600000000370e+03 1.557043100000000068e-04
6.809378700000000208e+03 1.556788699999999890e-04
6.810278900000000249e+03 1.556543700000000098e-04
6.811179000000000087e+03 1.556346699999999869e-04
6.812079600000000028e+03 1.556189600000000128e-04
6.812979800000000068e+03 1.556059700000000121e-04
6.813879899999999907e+03 1.555974399999999981e-04
6.814780099999999948e+03 1.555917299999999917e-04
6.815680199999999786e+03 1.555876999999999944e-04
6.816580799999999726e+03 1.555875000000000075e-04
6.817480999999999767e+03 1.555884700000000076e-04
6.818381099999999606e+03 1.555916800000000017e-04
6.819281299999999646e+03 1.555974800000000009e-04
6.820181400000000394e+03 1.556037800000000079e-04
6.821082099999999627e+03 1.555943100000000095e-04
6.821982200000000375e+03 1.555718900000000132e-04
6.822882300000000214e+03 1.555362300000000123e-04
6.823782500000000255e+03 1.554847800000000045e-04
6.824682600000000093e+03 1.554247299999999914e-04
6.825583300000000236e+03 1.553707799999999985e-04
6.826483400000000074e+03 1.553316399999999980e-04
6.827383600000000115e+03 1.553058899999999992e-04
6.828283699999999953e+03 1.552933200000000008e-04
6.829183799999999792e+03 1.552966100000000005e-04
6.830084499999999935e+03 1.553021700000000100e-04
6.830984599999999773e+03 1.552916300000000045e-04
6.831884799999999814e+03 1.552087399999999928e-04
6.832784899999999652e+03 1.551151299999999902e-04
6.833685099999999693e+03 1.550077300000000122e-04
6.834585699999999633e+03 1.549047699999999924e-04
6.835485800000000381e+03 1.548549199999999881e-04
6.836386000000000422e+03 1.548293200000000133e-04
6.837286100000000260e+03 1.547878900000000018e-04
6.838186300000000301e+03 1.547328700000000017e-04
6.839086900000000242e+03 1.546724599999999906e-04
6.839987000000000080e+03 1.546250499999999944e-04
6.840887200000000121e+03 1.546120700000000079e-04
6.841787299999999959e+03 1.546275100000000038e-04
6.842687500000000000e+03 1.546745600000000020e-04
6.843588099999999940e+03 1.547421299999999990e-04
6.844488299999999981e+03 1.548063699999999935e-04
6.845388399999999820e+03 1.548618700000000000e-04
6.846288499999999658e+03 1.548811200000000049e-04
6.847188699999999699e+03 1.548801500000000048e-04
6.848089299999999639e+03 1.548627100000000045e-04
6.848989499999999680e+03 1.548211900000000002e-04
6.849889600000000428e+03 1.547666199999999910e-04
6.850789799999999559e+03 1.547032699999999910e-04
6.851689900000000307e+03 1.546334399999999985e-04
6.852590500000000247e+03 1.545682399999999911e-04
6.853490700000000288e+03 1.545143199999999867e-04
6.854390800000000127e+03 1.544674000000000112e-04
6.855291000000000167e+03 1.544280799999999982e-04
6.856191100000000006e+03 1.544076400000000049e-04
6.857091699999999946e+03 1.544015000000000090e-04
6.857991899999999987e+03 1.544010600000000053e-04
6.858891999999999825e+03 1.544152599999999958e-04
6.859792199999999866e+03 1.544393800000000026e-04
6.860692299999999705e+03 1.544624500000000037e-04
6.861592999999999847e+03 1.544758600000000067e-04
6.862493099999999686e+03 1.544785499999999916e-04
6.863393200000000434e+03 1.544622499999999897e-04
6.864293399999999565e+03 1.544278699999999970e-04
6.865193500000000313e+03 1.543979899999999939e-04
6.866094199999999546e+03 1.543743200000000050e-04
6.866994300000000294e+03 1.543434799999999889e-04
6.867894500000000335e+03 1.543101599999999890e-04
6.868794600000000173e+03 1.542903000000000091e-04
6.869694700000000012e+03 1.542918600000000098e-04
6.870595400000000154e+03 1.543079799999999991e-04
6.871495499999999993e+03 1.543314500000000011e-04
6.872395700000000033e+03 1.543594300000000069e-04
6.873295799999999872e+03 1.543825600000000122e-04
6.874195999999999913e+03 1.543942100000000005e-04
6.875096599999999853e+03 1.543967499999999884e-04
6.875996699999999691e+03 1.543820899999999929e-04
6.876896899999999732e+03 1.543609399999999905e-04
6.877796999999999571e+03 1.543573400000000098e-04
6.878697199999999611e+03 1.543486899999999874e-04
6.879597799999999552e+03 1.543234599999999978e-04
6.880497900000000300e+03 1.542951500000000096e-04
6.881398100000000341e+03 1.542758499999999876e-04
6.882298200000000179e+03 1.542636900000000043e-04
6.883198400000000220e+03 1.542639800000000110e-04
6.884099000000000160e+03 1.542896100000000015e-04
6.884999200000000201e+03 1.543358100000000079e-04
6.885899300000000039e+03 1.543855400000000038e-04
6.886799399999999878e+03 1.544240799999999894e-04
6.887699599999999919e+03 1.544524100000000061e-04
6.888600199999999859e+03 1.544653499999999898e-04
6.889500399999999900e+03 1.544534200000000090e-04
6.890400499999999738e+03 1.544329200000000115e-04
6.891300699999999779e+03 1.544025800000000032e-04
6.892200799999999617e+03 1.543650200000000049e-04
6.893101399999999558e+03 1.543272300000000040e-04
6.894001599999999598e+03 1.542955799999999990e-04
6.894901700000000346e+03 1.542708699999999916e-04
6.895801900000000387e+03 1.542526499999999909e-04
6.896702000000000226e+03 1.542435300000000035e-04
6.897602600000000166e+03 1.542417499999999874e-04
6.898502800000000207e+03 1.542409399999999985e-04
6.899402900000000045e+03 1.542415400000000133e-04
6.900303100000000086e+03 1.542416700000000089e-04
6.901203199999999924e+03 1.542394200000000006e-04
6.902103900000000067e+03 1.542316399999999984e-04
6.903003999999999905e+03 1.542213000000000069e-04
6.903904099999999744e+03 1.542029300000000093e-04
6.904804299999999785e+03 1.541705299999999925e-04
6.905704399999999623e+03 1.541193400000000029e-04
6.906605099999999766e+03 1.540399499999999921e-04
6.907505199999999604e+03 1.539497800000000133e-04
6.908405399999999645e+03 1.538756800000000066e-04
6.909305500000000393e+03 1.538047499999999914e-04
6.910205600000000231e+03 1.537183800000000073e-04
6.911106300000000374e+03 1.536374800000000129e-04
6.912006400000000212e+03 1.535635399999999904e-04
6.912906600000000253e+03 1.534986699999999924e-04
6.913806700000000092e+03 1.534703200000000014e-04
6.914706900000000132e+03 1.534928299999999905e-04
6.915607500000000073e+03 1.535202199999999957e-04
6.916507599999999911e+03 1.535485199999999967e-04
6.917407799999999952e+03 1.535612999999999963e-04
6.918307899999999790e+03 1.535643100000000036e-04
6.919208099999999831e+03 1.535316600000000099e-04
6.920108699999999772e+03 1.534739200000000093e-04
6.921008799999999610e+03 1.534077700000000032e-04
6.921908999999999651e+03 1.533468899999999998e-04
6.922809100000000399e+03 1.532966500000000089e-04
6.923709300000000439e+03 1.532596400000000084e-04
6.924609900000000380e+03 1.532480600000000115e-04
6.925510100000000421e+03 1.532502199999999999e-04
6.926410200000000259e+03 1.532521399999999987e-04
6.927310300000000097e+03 1.532500300000000002e-04
6.928210500000000138e+03 1.532422000000000081e-04
6.929111100000000079e+03 1.532258400000000020e-04
6.930011300000000119e+03 1.532032300000000060e-04
6.930911399999999958e+03 1.531802999999999876e-04
6.931811599999999999e+03 1.531620200000000098e-04
6.932711699999999837e+03 1.531470500000000061e-04
6.933612299999999777e+03 1.531332299999999880e-04
6.934512499999999818e+03 1.531173400000000013e-04
6.935412599999999657e+03 1.530987499999999883e-04
6.936312799999999697e+03 1.530748400000000098e-04
6.937212900000000445e+03 1.530374999999999997e-04
6.938113500000000386e+03 1.529865099999999970e-04
6.939013700000000426e+03 1.529321299999999875e-04
6.939913800000000265e+03 1.528658600000000001e-04
6.940814000000000306e+03 1.528165500000000065e-04
6.941714100000000144e+03 1.527676700000000023e-04
6.942614800000000287e+03 1.527326400000000048e-04
6.943514900000000125e+03 1.526987100000000029e-04
6.944414999999999964e+03 1.526929399999999923e-04
6.945315200000000004e+03 1.527069100000000073e-04
6.946215299999999843e+03 1.527256600000000044e-04
6.947115999999999985e+03 1.527417700000000065e-04
6.948016099999999824e+03 1.527547600000000072e-04
6.948916299999999865e+03 1.527618700000000032e-04
6.949816399999999703e+03 1.527571299999999968e-04
6.950716500000000451e+03 1.527423499999999929e-04
6.951617199999999684e+03 1.527305399999999934e-04
6.952517300000000432e+03 1.527289900000000070e-04
6.953417499999999563e+03 1.527287000000000002e-04
6.954317600000000311e+03 1.527317500000000103e-04
6.955217800000000352e+03 1.527447499999999981e-04
6.956118400000000292e+03 1.527587999999999917e-04
6.957018500000000131e+03 1.527661900000000072e-04
6.957918700000000172e+03 1.527643899999999897e-04
6.958818800000000010e+03 1.527601000000000013e-04
6.959719000000000051e+03 1.527470299999999950e-04
6.960619599999999991e+03 1.527343300000000010e-04
6.961519699999999830e+03 1.527244600000000018e-04
6.962419899999999870e+03 1.527145700000000011e-04
6.963319999999999709e+03 1.527048600000000130e-04
6.964220199999999750e+03 1.526947600000000112e-04
6.965120799999999690e+03 1.526827499999999977e-04
6.966020999999999731e+03 1.526673799999999932e-04
6.966921099999999569e+03 1.526480900000000125e-04
6.967821200000000317e+03 1.526054399999999969e-04
6.968721400000000358e+03 1.525000599999999976e-04
6.969622000000000298e+03 1.523863000000000084e-04
6.970522200000000339e+03 1.522414499999999991e-04
6.971422300000000178e+03 1.522162699999999994e-04
6.972322500000000218e+03 1.522636199999999915e-04
6.973222600000000057e+03 1.522464200000000080e-04
6.974123199999999997e+03 1.521771900000000032e-04
6.975023400000000038e+03 1.521222100000000060e-04
6.975923499999999876e+03 1.521103499999999894e-04
6.976823699999999917e+03 1.521195900000000124e-04
6.977723799999999756e+03 1.521202999999999943e-04
6.978624399999999696e+03 1.521141300000000099e-04
6.979524599999999737e+03 1.520914000000000055e-04
6.980424699999999575e+03 1.521146400000000050e-04
6.981324899999999616e+03 1.521657800000000046e-04
6.982225000000000364e+03 1.522168199999999973e-04
6.983125699999999597e+03 1.522294200000000113e-04
6.984025800000000345e+03 1.522271700000000030e-04
6.984925900000000183e+03 1.522076299999999913e-04
6.985826100000000224e+03 1.521646899999999961e-04
6.986726200000000063e+03 1.521230199999999949e-04
6.987626900000000205e+03 1.521031099999999980e-04
6.988527000000000044e+03 1.520997100000000041e-04
6.989427200000000084e+03 1.521013500000000104e-04
6.990327299999999923e+03 1.521005700000000100e-04
6.991227499999999964e+03 1.520932899999999886e-04
6.992128099999999904e+03 1.520791300000000010e-04
6.993028199999999742e+03 1.520483600000000033e-04
6.993928399999999783e+03 1.520008099999999973e-04
6.994828499999999622e+03 1.519459900000000112e-04
6.995728699999999662e+03 1.518796900000000082e-04
6.996629299999999603e+03 1.518225000000000054e-04
6.997529400000000351e+03 1.517872899999999953e-04
6.998429600000000391e+03 1.517537599999999943e-04
6.999329700000000230e+03 1.517153900000000070e-04
7.000229900000000271e+03 1.516722000000000079e-04
7.001130500000000211e+03 1.516174199999999975e-04
7.002030700000000252e+03 1.515540400000000090e-04
7.002930800000000090e+03 1.515039199999999994e-04
7.003830899999999929e+03 1.514838400000000041e-04
7.004731099999999969e+03 1.514863199999999879e-04
7.005631699999999910e+03 1.514966499999999923e-04
7.006531899999999951e+03 1.515059800000000080e-04
7.007431999999999789e+03 1.515155600000000005e-04
7.008332199999999830e+03 1.515294900000000128e-04
7.009232299999999668e+03 1.515366700000000000e-04
7.010132899999999609e+03 1.515305700000000070e-04
7.011033099999999649e+03 1.514852199999999923e-04
7.011933200000000397e+03 1.514065300000000034e-04
7.012833400000000438e+03 1.513303399999999996e-04
7.013733500000000276e+03 1.512779799999999959e-04
7.014634100000000217e+03 1.512654900000000031e-04
7.015534300000000258e+03 1.512843600000000086e-04
7.016434400000000096e+03 1.513088700000000020e-04
7.017334600000000137e+03 1.513312800000000112e-04
7.018234699999999975e+03 1.513534999999999935e-04
7.019135400000000118e+03 1.513650500000000019e-04
7.020035499999999956e+03 1.513622600000000100e-04
7.020935599999999795e+03 1.513373699999999899e-04
7.021835799999999836e+03 1.512808400000000063e-04
7.022735899999999674e+03 1.512106100000000129e-04
7.023636599999999817e+03 1.511650800000000126e-04
7.024536699999999655e+03 1.511490800000000047e-04
7.025436899999999696e+03 1.511372399999999895e-04
7.026337000000000444e+03 1.511412300000000112e-04
7.027237100000000282e+03 1.511666999999999904e-04
7.028137800000000425e+03 1.511963200000000025e-04
7.029037900000000263e+03 1.512266999999999865e-04
7.029938100000000304e+03 1.512619900000000022e-04
7.030838200000000143e+03 1.512899500000000066e-04
7.031738400000000183e+03 1.512891199999999892e-04
7.032639000000000124e+03 1.512648599999999997e-04
7.033539099999999962e+03 1.512487099999999948e-04
7.034439300000000003e+03 1.512658999999999911e-04
7.035339399999999841e+03 1.512925700000000001e-04
7.036239599999999882e+03 1.512839800000000091e-04
7.037140199999999822e+03 1.512532400000000000e-04
7.038040299999999661e+03 1.512252599999999942e-04
7.038940499999999702e+03 1.512161899999999966e-04
7.039840600000000450e+03 1.512219499999999930e-04
7.040740799999999581e+03 1.512581500000000046e-04
7.041641400000000431e+03 1.512863499999999987e-04
7.042541599999999562e+03 1.513246099999999918e-04
7.043441700000000310e+03 1.513890200000000117e-04
7.043614800000000287e+03 1.513963699999999973e-04
7.044341800000000148e+03 1.513979599999999866e-04
7.044554100000000290e+03 1.513861699999999885e-04
7.045242000000000189e+03 1.513699899999999951e-04
7.045493599999999788e+03 1.513748999999999997e-04
7.046142600000000130e+03 1.514081900000000111e-04
7.046433200000000397e+03 1.514346299999999904e-04
7.047042800000000170e+03 1.514900000000000014e-04
7.047372900000000300e+03 1.515199299999999945e-04
7.047942900000000009e+03 1.517461600000000047e-04
7.048312799999999697e+03 1.520124299999999970e-04
7.048843100000000049e+03 1.524806599999999957e-04
7.049252700000000004e+03 1.529057500000000124e-04
7.049743199999999888e+03 1.531481500000000018e-04
7.050192799999999806e+03 1.531651999999999883e-04
7.050643799999999828e+03 1.536039700000000133e-04
7.051133100000000013e+03 1.544111400000000058e-04
7.051543999999999869e+03 1.551772499999999990e-04
7.052073400000000220e+03 1.562327500000000027e-04
7.052444099999999708e+03 1.573110399999999879e-04
7.053013899999999921e+03 1.592189199999999891e-04
7.053344299999999748e+03 1.605636000000000021e-04
7.053954499999999825e+03 1.632001900000000093e-04
7.054244399999999587e+03 1.662661100000000045e-04
7.054895199999999932e+03 1.740031099999999882e-04
7.055145099999999729e+03 1.764649100000000059e-04
7.055836000000000240e+03 1.831067199999999876e-04
7.056045199999999568e+03 1.843749799999999943e-04
7.056777000000000044e+03 1.888577600000000104e-04
7.056945300000000316e+03 1.900158499999999944e-04
7.057718100000000049e+03 1.955327500000000093e-04
7.057845500000000357e+03 1.966880599999999886e-04
7.058659300000000258e+03 2.046366899999999911e-04
7.058745600000000195e+03 2.058060600000000053e-04
7.059600699999999961e+03 2.192678399999999908e-04
7.059646300000000338e+03 2.204117800000000014e-04
7.060542199999999866e+03 2.453433800000000254e-04
7.060546400000000176e+03 2.455017900000000075e-04
7.061446600000000217e+03 2.780555900000000074e-04
7.061483799999999974e+03 2.792226199999999934e-04
7.062346700000000055e+03 3.021009500000000235e-04
7.062425500000000284e+03 3.028376300000000044e-04
7.063246799999999894e+03 3.139110699999999882e-04
7.063367400000000089e+03 3.172440100000000146e-04
7.064147500000000036e+03 3.319506000000000063e-04
7.064309299999999894e+03 3.302791899999999998e-04
7.065047599999999875e+03 3.175885199999999779e-04
7.065251400000000103e+03 3.095920600000000040e-04
7.065947799999999916e+03 2.835462799999999913e-04
7.066193699999999808e+03 2.757472700000000200e-04
7.066847899999999754e+03 2.544434199999999783e-04
7.067136000000000422e+03 2.443349199999999785e-04
7.067748099999999795e+03 2.248774299999999982e-04
7.068078499999999622e+03 2.174868699999999908e-04
7.068648699999999735e+03 2.063911299999999919e-04
7.069021099999999933e+03 2.020799599999999869e-04
7.069548799999999574e+03 1.965717699999999985e-04
7.069963800000000447e+03 1.934479800000000072e-04
7.070448999999999614e+03 1.898653599999999971e-04
7.070906699999999546e+03 1.866418400000000087e-04
7.071349100000000362e+03 1.833908500000000095e-04
7.071849699999999757e+03 1.793709599999999981e-04
7.072249300000000403e+03 1.758837399999999939e-04
7.072792800000000170e+03 1.703701900000000101e-04
7.073149900000000343e+03 1.668328400000000091e-04
7.073735999999999876e+03 1.612816299999999929e-04
7.074050000000000182e+03 1.590887700000000052e-04
7.074679399999999987e+03 1.571831400000000124e-04
7.074950200000000223e+03 1.563023099999999899e-04
7.075622900000000300e+03 1.539104800000000016e-04
7.075850300000000061e+03 1.533969999999999952e-04
7.076566499999999905e+03 1.527727300000000039e-04
7.076750500000000102e+03 1.525527500000000108e-04
7.077510199999999713e+03 1.514575699999999960e-04
7.077651100000000042e+03 1.512648300000000111e-04
7.078454099999999926e+03 1.501905200000000062e-04
7.078551300000000083e+03 1.501694900000000122e-04
7.079398100000000341e+03 1.500193900000000016e-04
7.079451399999999921e+03 1.500148799999999978e-04
7.080342200000000048e+03 1.499393399999999989e-04
7.080351499999999760e+03 1.499385300000000100e-04
7.081251699999999801e+03 1.498492400000000114e-04
7.081286399999999958e+03 1.498414299999999936e-04
7.082152299999999741e+03 1.496538800000000058e-04
7.082230800000000272e+03 1.496436900000000113e-04
7.083052499999999782e+03 1.495432500000000052e-04
7.083175299999999879e+03 1.495386999999999986e-04
7.083952599999999620e+03 1.495109600000000096e-04
7.084119899999999689e+03 1.495077800000000040e-04
7.084852799999999661e+03 1.494955300000000008e-04
7.085064699999999903e+03 1.494978299999999991e-04
7.085752900000000409e+03 1.495067999999999896e-04
7.086009500000000116e+03 1.495129900000000025e-04
7.086653500000000349e+03 1.495167800000000101e-04
7.086954499999999825e+03 1.495070499999999936e-04
7.087553700000000390e+03 1.494848399999999984e-04
7.087899699999999939e+03 1.494699700000000017e-04
7.088453800000000228e+03 1.494508899999999951e-04
7.088844900000000052e+03 1.494463100000000000e-04
7.089354000000000269e+03 1.494403600000000039e-04
7.089790299999999661e+03 1.494357000000000031e-04
7.090254100000000108e+03 1.494322800000000078e-04
7.091154700000000048e+03 1.494439699999999989e-04
7.092054900000000089e+03 1.494809100000000081e-04
7.092954999999999927e+03 1.495433500000000122e-04
7.093855199999999968e+03 1.496361999999999888e-04
7.094755299999999806e+03 1.497210900000000048e-04
7.095655999999999949e+03 1.497564399999999976e-04
7.096556099999999788e+03 1.497880499999999998e-04
7.097456199999999626e+03 1.498326100000000000e-04
7.098356399999999667e+03 1.498716099999999906e-04
7.099256500000000415e+03 1.499176399999999987e-04
7.100157199999999648e+03 1.499868200000000135e-04
7.101057300000000396e+03 1.500322599999999939e-04
7.101957500000000437e+03 1.500272399999999951e-04
7.102857600000000275e+03 1.500790000000000110e-04
7.103757800000000316e+03 1.501229799999999977e-04
7.104658400000000256e+03 1.501174399999999896e-04
7.105558500000000095e+03 1.500787100000000043e-04
7.106458700000000135e+03 1.500536899999999887e-04
7.107358799999999974e+03 1.499663900000000074e-04
7.108259000000000015e+03 1.499028399999999934e-04
7.109159599999999955e+03 1.498743600000000068e-04
7.110059699999999793e+03 1.498687399999999931e-04
7.110959899999999834e+03 1.498628700000000026e-04
7.111859999999999673e+03 1.498636100000000002e-04
7.112760199999999713e+03 1.498997799999999961e-04
7.113660799999999654e+03 1.499426500000000000e-04
7.114414399999999659e+03 1.499271999999999899e-04
7.114560999999999694e+03 1.499111899999999947e-04
7.115363099999999577e+03 1.498241999999999944e-04
7.115461100000000442e+03 1.498318000000000111e-04
7.116311999999999898e+03 1.499958399999999940e-04
7.116361200000000281e+03 1.500031900000000067e-04
7.117261099999999715e+03 1.501053400000000105e-04
7.117261400000000322e+03 1.501054300000000032e-04
7.118162000000000262e+03 1.507434299999999927e-04
7.118210299999999734e+03 1.507833800000000092e-04
7.119062200000000303e+03 1.518092399999999994e-04
7.119159499999999753e+03 1.519310600000000103e-04
7.119962300000000141e+03 1.526553399999999912e-04
7.120109000000000378e+03 1.527814000000000006e-04
7.120862500000000182e+03 1.534319399999999999e-04
7.121058500000000095e+03 1.536696400000000129e-04
7.121762600000000020e+03 1.556190500000000055e-04
7.122008200000000215e+03 1.567600900000000030e-04
7.122663199999999961e+03 1.621401699999999876e-04
7.122957999999999629e+03 1.649640699999999928e-04
7.123563400000000001e+03 1.718178800000000057e-04
7.123907900000000154e+03 1.749894700000000070e-04
7.124463499999999840e+03 1.781568499999999983e-04
7.124857899999999972e+03 1.804476700000000084e-04
7.125363699999999881e+03 1.846179100000000072e-04
7.125808100000000195e+03 1.901261800000000012e-04
7.126263799999999719e+03 1.982402599999999904e-04
7.126758399999999710e+03 2.070653099999999916e-04
7.127164399999999659e+03 2.120951300000000037e-04
7.127708899999999630e+03 2.182900600000000030e-04
7.128064599999999700e+03 2.273680700000000005e-04
7.128659399999999550e+03 2.568713099999999955e-04
7.128964700000000448e+03 2.773216899999999771e-04
7.129610099999999875e+03 3.265345899999999883e-04
7.129864899999999579e+03 3.467204900000000079e-04
7.130560900000000402e+03 4.016846800000000188e-04
7.130765000000000327e+03 4.207214199999999879e-04
7.131511900000000423e+03 5.416041900000000001e-04
7.131665699999999561e+03 5.698870100000000011e-04
7.132462900000000445e+03 6.320615200000000416e-04
7.132565800000000309e+03 6.358184300000000334e-04
7.133414099999999962e+03 7.077910100000000008e-04
7.133465900000000147e+03 7.131149300000000140e-04
7.134365399999999681e+03 7.791780100000000138e-04
7.134366100000000188e+03 7.792202800000000299e-04
7.135266200000000026e+03 8.239176999999999872e-04
7.135316899999999805e+03 8.261864300000000376e-04
7.136166900000000169e+03 7.270011999999999742e-04
7.136268399999999929e+03 7.102434900000000441e-04
7.137067000000000007e+03 5.715561399999999565e-04
7.137220099999999547e+03 5.446526300000000464e-04
7.137967200000000048e+03 4.486798400000000095e-04
7.138171999999999571e+03 4.239308200000000185e-04
7.138867299999999886e+03 3.542821899999999799e-04
7.139123899999999594e+03 3.290598300000000258e-04
7.139767399999999725e+03 2.753310799999999755e-04
7.140076000000000022e+03 2.508518099999999763e-04
7.140668099999999868e+03 2.219266900000000102e-04
7.141028199999999742e+03 2.073326099999999882e-04
7.141568199999999706e+03 2.007756600000000068e-04
7.141980499999999665e+03 1.963185500000000111e-04
7.142468399999999747e+03 1.924823600000000027e-04
7.142932999999999993e+03 1.886810499999999949e-04
7.143368499999999585e+03 1.848882299999999982e-04
7.143885599999999613e+03 1.801679399999999960e-04
7.144268699999999626e+03 1.764571900000000079e-04
7.144838300000000345e+03 1.702890200000000103e-04
7.145169299999999566e+03 1.662823099999999994e-04
7.145791199999999662e+03 1.607777300000000061e-04
7.146069400000000314e+03 1.591885800000000079e-04
7.146744099999999889e+03 1.564938099999999964e-04
7.146969600000000355e+03 1.559242699999999985e-04
7.147697199999999611e+03 1.534521299999999893e-04
7.147869700000000194e+03 1.527502000000000135e-04
7.148650400000000445e+03 1.508063300000000019e-04
7.148769900000000234e+03 1.506414800000000030e-04
7.149603799999999865e+03 1.496857799999999877e-04
7.149670500000000175e+03 1.496194200000000075e-04
7.150557300000000396e+03 1.490362499999999912e-04
7.150570700000000215e+03 1.490301299999999968e-04
7.151470800000000054e+03 1.487910000000000057e-04
7.151510900000000220e+03 1.487849199999999870e-04
7.152370899999999892e+03 1.486957899999999996e-04
7.152464600000000246e+03 1.486885399999999938e-04
7.153271099999999933e+03 1.486334700000000039e-04
7.153418499999999767e+03 1.486240299999999940e-04
7.154171699999999873e+03 1.485642100000000106e-04
7.154372400000000198e+03 1.485470999999999927e-04
7.155071899999999914e+03 1.485118999999999968e-04
7.155326600000000326e+03 1.485016999999999880e-04
7.155971999999999753e+03 1.484862199999999893e-04
7.156280800000000454e+03 1.484798299999999895e-04
7.156872199999999793e+03 1.484801300000000105e-04
7.157235200000000077e+03 1.484907099999999917e-04
7.157772299999999632e+03 1.485299900000000019e-04
7.158189699999999903e+03 1.485424500000000062e-04
7.158672899999999572e+03 1.485128299999999941e-04
7.159144299999999930e+03 1.484778699999999879e-04
7.159573099999999613e+03 1.484303200000000090e-04
7.160099000000000160e+03 1.483737400000000083e-04
7.160473200000000361e+03 1.483371100000000073e-04
7.161053899999999885e+03 1.482928200000000125e-04
7.161373400000000402e+03 1.482913500000000045e-04
7.162273500000000240e+03 1.482857699999999936e-04
7.163174100000000180e+03 1.482527100000000119e-04
7.164074300000000221e+03 1.481897900000000014e-04
7.164974400000000060e+03 1.481604300000000075e-04
7.165874600000000100e+03 1.481562399999999989e-04
7.166774699999999939e+03 1.481663499999999879e-04
7.167675400000000081e+03 1.481514599999999898e-04
7.168575499999999920e+03 1.481442399999999997e-04
7.169475599999999758e+03 1.481341599999999993e-04
7.170375799999999799e+03 1.481157999999999889e-04
7.171275899999999638e+03 1.480951699999999958e-04
7.172176599999999780e+03 1.480786399999999914e-04
7.173076699999999619e+03 1.480651700000000113e-04
7.173976899999999659e+03 1.480352599999999925e-04
7.174877000000000407e+03 1.479660100000000135e-04
7.175777100000000246e+03 1.478705300000000020e-04
7.176677800000000389e+03 1.477901600000000040e-04
7.177577900000000227e+03 1.477437000000000064e-04
7.178478100000000268e+03 1.477174599999999869e-04
7.179378200000000106e+03 1.476988200000000110e-04
7.180278400000000147e+03 1.476858800000000003e-04
7.181179000000000087e+03 1.476751000000000051e-04
7.182079099999999926e+03 1.476679599999999935e-04
7.182979299999999967e+03 1.476736000000000086e-04
7.183879399999999805e+03 1.476766499999999916e-04
7.184779599999999846e+03 1.476468200000000054e-04
7.185680199999999786e+03 1.475942999999999906e-04
7.186580399999999827e+03 1.475528199999999891e-04
7.187480499999999665e+03 1.475316899999999881e-04
7.188380600000000413e+03 1.475117700000000041e-04
7.189280800000000454e+03 1.474860099999999910e-04
7.190181400000000394e+03 1.474667200000000103e-04
7.191081600000000435e+03 1.474687399999999890e-04
7.191981700000000274e+03 1.474775899999999982e-04
7.192881900000000314e+03 1.474885399999999918e-04
7.193782000000000153e+03 1.474958500000000017e-04
7.194682600000000093e+03 1.474914000000000021e-04
7.195582800000000134e+03 1.474847899999999869e-04
7.196482899999999972e+03 1.474982900000000098e-04
7.197383100000000013e+03 1.475255099999999895e-04
7.198283199999999852e+03 1.475354300000000058e-04
7.199183799999999792e+03 1.475349900000000021e-04
7.200083999999999833e+03 1.475433099999999879e-04
7.200984099999999671e+03 1.475420399999999939e-04
7.201884299999999712e+03 1.475311599999999917e-04
7.202784399999999550e+03 1.475133599999999933e-04
7.203685099999999693e+03 1.474713800000000111e-04
7.204585200000000441e+03 1.474286200000000013e-04
7.205485300000000279e+03 1.473946200000000081e-04
7.206385500000000320e+03 1.473560900000000097e-04
7.207285600000000159e+03 1.473144499999999970e-04
7.208186300000000301e+03 1.472806499999999906e-04
7.209086400000000140e+03 1.472575599999999881e-04
7.209986600000000180e+03 1.472417500000000070e-04
7.210886700000000019e+03 1.472356899999999896e-04
7.211786900000000060e+03 1.472437500000000113e-04
7.212687500000000000e+03 1.472558400000000033e-04
7.213587599999999838e+03 1.472644499999999957e-04
7.214487799999999879e+03 1.472607599999999951e-04
7.215387899999999718e+03 1.472494700000000049e-04
7.216288099999999758e+03 1.472358799999999893e-04
7.217188699999999699e+03 1.472191200000000095e-04
7.218088800000000447e+03 1.472037999999999949e-04
7.218988999999999578e+03 1.471978400000000116e-04
7.219889100000000326e+03 1.471986799999999891e-04
7.220789300000000367e+03 1.472003700000000124e-04
7.221689900000000307e+03 1.472004299999999895e-04
7.222590100000000348e+03 1.471990799999999900e-04
7.223490200000000186e+03 1.471963399999999880e-04
7.224390300000000025e+03 1.471944700000000063e-04
7.225290500000000065e+03 1.471965400000000020e-04
7.226191100000000006e+03 1.471914100000000091e-04
7.227091300000000047e+03 1.471696799999999933e-04
7.227991399999999885e+03 1.471641400000000123e-04
7.228891599999999926e+03 1.471843000000000131e-04
7.229791699999999764e+03 1.472008299999999904e-04
7.230692299999999705e+03 1.472124699999999915e-04
7.231592499999999745e+03 1.472297599999999949e-04
7.232492599999999584e+03 1.472271200000000000e-04
7.233392799999999625e+03 1.472084199999999928e-04
7.234292900000000373e+03 1.471852300000000104e-04
7.235193500000000313e+03 1.471588999999999981e-04
7.236093700000000354e+03 1.471242700000000014e-04
7.236993800000000192e+03 1.470815299999999931e-04
7.237894000000000233e+03 1.470381000000000043e-04
7.238794100000000071e+03 1.469965399999999972e-04
7.239694800000000214e+03 1.469578600000000018e-04
7.240594900000000052e+03 1.469340900000000059e-04
7.241495100000000093e+03 1.469157699999999983e-04
7.242395199999999932e+03 1.468898399999999868e-04
7.243295299999999770e+03 1.468673799999999877e-04
7.244195999999999913e+03 1.468497499999999877e-04
7.245096099999999751e+03 1.468594899999999914e-04
7.245996299999999792e+03 1.468807899999999907e-04
7.246896399999999630e+03 1.469021499999999941e-04
7.247796599999999671e+03 1.469186100000000072e-04
7.248697199999999611e+03 1.469315600000000051e-04
7.249597300000000359e+03 1.469322899999999884e-04
7.250497500000000400e+03 1.469085700000000096e-04
7.251397600000000239e+03 1.468724100000000008e-04
7.252297800000000279e+03 1.468516500000000122e-04
7.253198400000000220e+03 1.468540499999999903e-04
7.254098500000000058e+03 1.468583200000000044e-04
7.254998700000000099e+03 1.468929000000000111e-04
7.255898799999999937e+03 1.469197599999999928e-04
7.256798999999999978e+03 1.469016100000000106e-04
7.257699599999999919e+03 1.469111299999999989e-04
7.258599799999999959e+03 1.469261499999999926e-04
7.259499899999999798e+03 1.469190399999999966e-04
7.260399999999999636e+03 1.468885499999999914e-04
7.261300199999999677e+03 1.468441000000000126e-04
7.262200799999999617e+03 1.467968700000000018e-04
7.263100999999999658e+03 1.467580499999999967e-04
7.264001100000000406e+03 1.467397400000000033e-04
7.264901300000000447e+03 1.467518200000000081e-04
7.265801400000000285e+03 1.467872100000000037e-04
7.266702000000000226e+03 1.468140500000000110e-04
7.267602200000000266e+03 1.468010299999999947e-04
7.268502300000000105e+03 1.467467000000000023e-04
7.269402500000000146e+03 1.466866299999999878e-04
7.270302599999999984e+03 1.466311599999999969e-04
7.271203300000000127e+03 1.465768399999999917e-04
7.272103399999999965e+03 1.465321699999999974e-04
7.273003499999999804e+03 1.464995699999999937e-04
7.273903699999999844e+03 1.464720000000000030e-04
7.274803799999999683e+03 1.464334700000000046e-04
7.275704499999999825e+03 1.463804900000000118e-04
7.276604599999999664e+03 1.463192599999999974e-04
7.277504799999999705e+03 1.462569200000000003e-04
7.278404900000000453e+03 1.462011299999999871e-04
7.279305000000000291e+03 1.461519600000000033e-04
7.280205700000000434e+03 1.461161399999999911e-04
7.281105800000000272e+03 1.461149999999999927e-04
7.282006000000000313e+03 1.460925199999999922e-04
7.282906100000000151e+03 1.460415200000000024e-04
7.283806300000000192e+03 1.459881200000000072e-04
7.284706900000000132e+03 1.459359700000000047e-04
7.285606999999999971e+03 1.459242299999999966e-04
7.286507200000000012e+03 1.459424499999999972e-04
7.287407299999999850e+03 1.459635399999999954e-04
7.288307499999999891e+03 1.459746599999999872e-04
7.289208099999999831e+03 1.459670399999999963e-04
7.290108199999999670e+03 1.459330800000000058e-04
7.291008399999999710e+03 1.459033999999999895e-04
7.291908499999999549e+03 1.459210299999999896e-04
7.292808699999999590e+03 1.459580799999999929e-04
7.293709300000000439e+03 1.459934499999999871e-04
7.294609499999999571e+03 1.460006999999999928e-04
7.295509600000000319e+03 1.460029999999999911e-04
7.296409800000000359e+03 1.460212399999999931e-04
7.297309900000000198e+03 1.460435499999999953e-04
7.297947299999999814e+03 1.460612800000000023e-04
7.298210500000000138e+03 1.460696599999999922e-04
7.298920600000000377e+03 1.460791099999999892e-04
7.299110700000000179e+03 1.460787800000000068e-04
7.299893900000000031e+03 1.460735599999999940e-04
7.300010800000000017e+03 1.460723799999999928e-04
7.300867500000000291e+03 1.460618599999999887e-04
7.300911000000000058e+03 1.460612699999999881e-04
7.301811099999999897e+03 1.460458499999999936e-04
7.301841099999999642e+03 1.460452799999999943e-04
7.302711699999999837e+03 1.460313999999999991e-04
7.302814900000000307e+03 1.460299499999999926e-04
7.303611899999999878e+03 1.460484199999999972e-04
7.303788800000000265e+03 1.460553999999999976e-04
7.304511999999999716e+03 1.461424599999999892e-04
7.304762800000000425e+03 1.461790699999999889e-04
7.305412199999999757e+03 1.463716099999999869e-04
7.305737000000000080e+03 1.464773599999999985e-04
7.306312299999999595e+03 1.468107299999999956e-04
7.306711299999999937e+03 1.470517600000000112e-04
7.307212999999999738e+03 1.473963799999999957e-04
7.307685699999999997e+03 1.476848099999999932e-04
7.308113099999999577e+03 1.478242800000000056e-04
7.308660299999999552e+03 1.480181700000000032e-04
7.309013200000000325e+03 1.481652400000000051e-04
7.309635000000000218e+03 1.487139299999999946e-04
7.309913400000000365e+03 1.491676499999999947e-04
7.310609800000000178e+03 1.503541999999999910e-04
7.310813500000000204e+03 1.507204500000000114e-04
7.311584700000000339e+03 1.522267799999999893e-04
7.311714200000000346e+03 1.525006900000000010e-04
7.312559799999999996e+03 1.562146799999999990e-04
7.312614300000000185e+03 1.565649199999999972e-04
7.313514500000000226e+03 1.638367700000000079e-04
7.313534999999999854e+03 1.640301100000000076e-04
7.314414600000000064e+03 1.730924199999999910e-04
7.314510299999999916e+03 1.741456100000000093e-04
7.315314699999999903e+03 1.800818999999999944e-04
7.315485800000000381e+03 1.809352299999999905e-04
7.316215400000000045e+03 1.848598499999999916e-04
7.316461400000000140e+03 1.862335799999999904e-04
7.317115499999999884e+03 1.922793200000000020e-04
7.317437100000000100e+03 1.956994100000000129e-04
7.318015699999999924e+03 2.014196800000000109e-04
7.318412999999999556e+03 2.052781500000000058e-04
7.318915799999999763e+03 2.082674100000000050e-04
7.319389000000000124e+03 2.108841400000000053e-04
7.319815999999999804e+03 2.126653800000000106e-04
7.320365099999999984e+03 2.154132099999999934e-04
7.320716599999999744e+03 2.184731599999999911e-04
7.321341300000000047e+03 2.229600900000000129e-04
7.321616699999999582e+03 2.238292699999999929e-04
7.322317699999999604e+03 2.259735900000000002e-04
7.322516899999999623e+03 2.265460100000000099e-04
7.323294200000000274e+03 2.280747499999999969e-04
7.323417000000000371e+03 2.281512999999999987e-04
7.324270900000000438e+03 2.294022599999999878e-04
7.324317200000000412e+03 2.295178599999999974e-04
7.325217800000000352e+03 2.311555799999999916e-04
7.325247599999999693e+03 2.311872799999999865e-04
7.326118000000000393e+03 2.308407499999999904e-04
7.326224500000000262e+03 2.306314300000000112e-04
7.327018100000000231e+03 2.280866800000000047e-04
7.327201600000000326e+03 2.272900699999999921e-04
7.327918200000000070e+03 2.237422300000000027e-04
7.328178700000000390e+03 2.223332600000000052e-04
7.328818400000000111e+03 2.195705199999999958e-04
7.329155999999999949e+03 2.183280200000000022e-04
7.329719000000000051e+03 2.162226299999999942e-04
7.330133399999999710e+03 2.146626499999999902e-04
7.330619200000000092e+03 2.125778799999999882e-04
7.331110999999999876e+03 2.104060400000000073e-04
7.331519299999999930e+03 2.082339099999999926e-04
7.332088700000000244e+03 2.051080399999999913e-04
7.332419499999999971e+03 2.028838899999999966e-04
7.333066499999999905e+03 1.987275800000000100e-04
7.333319599999999809e+03 1.974227999999999964e-04
7.334044399999999769e+03 1.930102099999999980e-04
7.334220199999999750e+03 1.914959699999999954e-04
7.335022500000000036e+03 1.841920700000000059e-04
7.335120399999999790e+03 1.832049899999999910e-04
7.336000699999999597e+03 1.747715299999999940e-04
7.336020499999999629e+03 1.745973599999999936e-04
7.336920699999999670e+03 1.667843699999999930e-04
7.336979000000000269e+03 1.662880299999999929e-04
7.337820800000000418e+03 1.603176099999999919e-04
7.337957500000000437e+03 1.596217299999999921e-04
7.338721400000000358e+03 1.561718900000000007e-04
7.338936099999999897e+03 1.553530499999999915e-04
7.339621600000000399e+03 1.530780500000000039e-04
7.339914799999999559e+03 1.522537099999999894e-04
7.340521700000000237e+03 1.507038899999999914e-04
7.340893600000000333e+03 1.498327500000000098e-04
7.341421900000000278e+03 1.487803100000000033e-04
7.341872599999999693e+03 1.480325799999999948e-04
7.342322000000000116e+03 1.474181300000000129e-04
7.342851700000000164e+03 1.467011500000000006e-04
7.343222700000000259e+03 1.463437400000000023e-04
7.343831000000000131e+03 1.458671199999999994e-04
7.344122800000000097e+03 1.457909499999999971e-04
7.344810400000000300e+03 1.456370200000000031e-04
7.345023000000000138e+03 1.456210799999999993e-04
7.345789899999999761e+03 1.455623699999999987e-04
7.345923099999999977e+03 1.455511099999999970e-04
7.346769500000000335e+03 1.454697299999999961e-04
7.346823199999999815e+03 1.454623800000000105e-04
7.347723899999999958e+03 1.453233099999999989e-04
7.347749300000000403e+03 1.453190200000000105e-04
7.348623999999999796e+03 1.452064399999999954e-04
7.348729199999999764e+03 1.452014199999999966e-04
7.349524199999999837e+03 1.451584199999999972e-04
7.349709200000000237e+03 1.451462499999999997e-04
7.350424299999999675e+03 1.450984800000000054e-04
7.350689400000000205e+03 1.450803499999999975e-04
7.351324499999999716e+03 1.450461699999999916e-04
7.351669700000000375e+03 1.450348100000000101e-04
7.352225099999999657e+03 1.450142399999999941e-04
7.352650099999999838e+03 1.449955799999999898e-04
7.353125200000000405e+03 1.449729499999999924e-04
7.353630600000000413e+03 1.449478000000000084e-04
7.354025400000000445e+03 1.449259500000000113e-04
7.354611299999999574e+03 1.448915099999999873e-04
7.354925500000000284e+03 1.448752499999999882e-04
7.355592099999999846e+03 1.448435600000000075e-04
7.355825700000000325e+03 1.448350800000000106e-04
7.356573099999999613e+03 1.448095999999999899e-04
7.356726300000000265e+03 1.448066699999999883e-04
7.357554100000000290e+03 1.447943000000000038e-04
7.357626400000000103e+03 1.447945999999999977e-04
7.358526600000000144e+03 1.448012899999999914e-04
7.358535399999999754e+03 1.448014399999999883e-04
7.359426699999999983e+03 1.448174300000000091e-04
7.360326900000000023e+03 1.448322400000000016e-04
7.361227499999999964e+03 1.448412099999999922e-04
7.362127700000000004e+03 1.448424999999999875e-04
7.363027799999999843e+03 1.448361600000000048e-04
7.363927899999999681e+03 1.448233699999999910e-04
7.364828099999999722e+03 1.448048600000000107e-04
7.365728699999999662e+03 1.447769800000000119e-04
7.366628899999999703e+03 1.447615100000000004e-04
7.367529000000000451e+03 1.447480300000000060e-04
7.368429199999999582e+03 1.447316600000000128e-04
7.369329300000000330e+03 1.447182900000000127e-04
7.370229900000000271e+03 1.447149099999999930e-04
7.371130100000000311e+03 1.446598400000000031e-04
7.372030200000000150e+03 1.445986200000000030e-04
7.372930400000000191e+03 1.445557299999999977e-04
7.373830500000000029e+03 1.445106600000000026e-04
7.374731200000000172e+03 1.444506899999999951e-04
7.375631300000000010e+03 1.443795100000000030e-04
7.376531399999999849e+03 1.442971600000000020e-04
7.377431599999999889e+03 1.441785500000000123e-04
7.378331699999999728e+03 1.440580899999999880e-04
7.379232399999999870e+03 1.440109999999999871e-04
7.380132499999999709e+03 1.439349000000000032e-04
7.381032699999999750e+03 1.438363999999999973e-04
7.381932799999999588e+03 1.437728700000000118e-04
7.382832900000000336e+03 1.437106400000000088e-04
7.383733599999999569e+03 1.436007300000000043e-04
7.384633700000000317e+03 1.435182300000000064e-04
7.385533900000000358e+03 1.434623200000000119e-04
7.386434000000000196e+03 1.434040800000000034e-04
7.387334200000000237e+03 1.433523500000000032e-04
7.388234800000000178e+03 1.433193900000000014e-04
7.389134900000000016e+03 1.432970900000000135e-04
7.390035100000000057e+03 1.432749399999999954e-04
7.390935199999999895e+03 1.432848699999999989e-04
7.391835399999999936e+03 1.433102399999999982e-04
7.392735999999999876e+03 1.433508100000000039e-04
7.393636199999999917e+03 1.433964499999999982e-04
7.394536299999999756e+03 1.435085399999999926e-04
7.395436399999999594e+03 1.436287699999999872e-04
7.396336599999999635e+03 1.437283899999999902e-04
7.397237199999999575e+03 1.438018700000000076e-04
7.398137399999999616e+03 1.438621600000000104e-04
7.399037500000000364e+03 1.439179099999999937e-04
7.399937700000000405e+03 1.439643699999999913e-04
7.400837800000000243e+03 1.440013900000000060e-04
7.401738400000000183e+03 1.440415099999999937e-04
7.410000000000000000e+03 1.443933699999999968e-04
7.430000000000000000e+03 1.443260500000000037e-04
7.450000000000000000e+03 1.439874900000000094e-04
7.470000000000000000e+03 1.435877899999999936e-04
7.490000000000000000e+03 1.432220200000000067e-04
7.510000000000000000e+03 1.429667699999999993e-04
7.530000000000000000e+03 1.427615599999999959e-04
7.550000000000000000e+03 1.424663800000000005e-04
7.570000000000000000e+03 1.420468299999999920e-04
7.590000000000000000e+03 1.415623300000000070e-04
7.610000000000000000e+03 1.410774800000000112e-04
7.630000000000000000e+03 1.408831799999999985e-04
7.650000000000000000e+03 1.415508600000000043e-04
7.670000000000000000e+03 1.445260999999999985e-04
7.690000000000000000e+03 1.498112400000000094e-04
7.710000000000000000e+03 1.572865400000000087e-04
7.727618499999999585e+03 1.632479499999999893e-04
7.728649099999999635e+03 1.635600799999999914e-04
7.729679799999999886e+03 1.638722600000000105e-04
7.730000000000000000e+03 1.639692500000000056e-04
7.730710600000000341e+03 1.641844800000000053e-04
7.731741600000000290e+03 1.644967299999999886e-04
7.732772700000000441e+03 1.648090299999999890e-04
7.733803899999999885e+03 1.651213800000000064e-04
7.734835299999999734e+03 1.654337600000000124e-04
7.735866799999999785e+03 1.657461799999999940e-04
7.736898500000000240e+03 1.658266799999999876e-04
7.737930199999999786e+03 1.658236300000000046e-04
7.738962199999999939e+03 1.658205700000000074e-04
7.739994200000000092e+03 1.658175100000000102e-04
7.741026399999999740e+03 1.658144500000000130e-04
7.742058799999999792e+03 1.658113899999999886e-04
7.743091199999999844e+03 1.658083299999999914e-04
7.744123899999999594e+03 1.658052699999999942e-04
7.745156600000000253e+03 1.658022099999999970e-04
7.746189500000000407e+03 1.657991499999999997e-04
7.747222499999999854e+03 1.657960900000000025e-04
7.748255699999999706e+03 1.657930300000000053e-04
7.749288999999999760e+03 1.657899599999999938e-04
7.750000000000000000e+03 1.657878600000000095e-04
7.750322400000000016e+03 1.657868999999999966e-04
7.751355999999999767e+03 1.657838399999999994e-04
7.752389699999999721e+03 1.657807800000000021e-04
7.753423600000000079e+03 1.657777099999999907e-04
7.754457599999999729e+03 1.657746499999999935e-04
7.755491699999999582e+03 1.657715800000000091e-04
7.756525999999999840e+03 1.657026499999999982e-04
7.757560400000000300e+03 1.654434000000000091e-04
7.758594900000000052e+03 1.651841299999999915e-04
7.759629600000000210e+03 1.649248100000000111e-04
7.760664399999999659e+03 1.646654700000000022e-04
7.761699400000000423e+03 1.644060899999999904e-04
7.762734499999999571e+03 1.641466700000000030e-04
7.763769699999999830e+03 1.638872199999999999e-04
7.764805099999999584e+03 1.636277299999999940e-04
7.765840600000000450e+03 1.633682199999999867e-04
7.766876199999999699e+03 1.631086599999999895e-04
7.767912000000000262e+03 1.628490700000000038e-04
7.768948000000000320e+03 1.625894500000000023e-04
7.769984000000000378e+03 1.623297899999999981e-04
7.770000000000000000e+03 1.623257800000000022e-04
7.771020199999999932e+03 1.620701000000000053e-04
7.772056599999999889e+03 1.618103700000000098e-04
7.773092999999999847e+03 1.615506099999999986e-04
7.774129600000000210e+03 1.612717500000000065e-04
7.775166400000000067e+03 1.608756799999999871e-04
7.776203300000000127e+03 1.604775300000000119e-04
7.777240300000000389e+03 1.600769400000000015e-04
7.778277500000000146e+03 1.596660000000000126e-04
7.790000000000000000e+03 1.547880199999999973e-04
7.810000000000000000e+03 1.461334400000000088e-04
7.830000000000000000e+03 1.402625000000000009e-04
7.850000000000000000e+03 1.372632099999999912e-04
7.870000000000000000e+03 1.354466100000000059e-04
7.890000000000000000e+03 1.342282000000000035e-04
7.910000000000000000e+03 1.334851999999999870e-04
7.930000000000000000e+03 1.329990900000000114e-04
7.950000000000000000e+03 1.327882599999999943e-04
7.970000000000000000e+03 1.325820599999999894e-04
7.990000000000000000e+03 1.323580000000000091e-04
8.010000000000000000e+03 1.321898800000000118e-04
8.030000000000000000e+03 1.319319599999999937e-04
8.050000000000000000e+03 1.316328599999999952e-04
8.070000000000000000e+03 1.312767799999999950e-04
8.090000000000000000e+03 1.309247099999999908e-04
8.110000000000000000e+03 1.306964100000000120e-04
8.130000000000000000e+03 1.304851500000000055e-04
8.150000000000000000e+03 1.302170500000000071e-04
8.170000000000000000e+03 1.295522100000000103e-04
8.190000000000000000e+03 1.286274400000000039e-04
8.210000000000000000e+03 1.256363900000000014e-04
8.230000000000000000e+03 1.177388100000000058e-04
8.250000000000000000e+03 1.073053700000000022e-04
8.270000000000000000e+03 1.004508499999999939e-04
8.290000000000000000e+03 9.805174099999999380e-05
8.310000000000000000e+03 9.718809099999999404e-05
8.330000000000000000e+03 9.691030300000000102e-05
8.350000000000000000e+03 9.658628100000000191e-05
8.370000000000000000e+03 9.631589900000000115e-05
8.390000000000000000e+03 9.652209000000000136e-05
8.410000000000000000e+03 9.679287900000000213e-05
8.430000000000000000e+03 9.658646599999999452e-05
8.450000000000000000e+03 9.579167500000000473e-05
8.470000000000000000e+03 9.596884300000000615e-05
8.490000000000000000e+03 9.579803400000000641e-05
8.510000000000000000e+03 9.555014099999999729e-05
8.530000000000000000e+03 9.529874899999999684e-05
8.550000000000000000e+03 9.524174099999999869e-05
8.552981100000000879e+03 9.566956199999999901e-05
8.554121699999999691e+03 9.583325299999999412e-05
8.555262500000000728e+03 9.599696500000000018e-05
8.556403399999999237e+03 9.616069899999999965e-05
8.557544400000000678e+03 9.632445500000000609e-05
8.558685600000000704e+03 9.648823300000000593e-05
8.559826999999999316e+03 9.665203299999999918e-05
8.560968500000000859e+03 9.681585400000000338e-05
8.562110199999999168e+03 9.678859599999999931e-05
8.563252000000000407e+03 9.674468799999999600e-05
8.564394000000000233e+03 9.670077499999999912e-05
8.565536099999999351e+03 9.665685500000000311e-05
8.566678400000000693e+03 9.661292999999999997e-05
8.567820900000000620e+03 9.656899899999999370e-05
8.568963400000000547e+03 9.652506199999999785e-05
8.570000000000000000e+03 9.648520200000000125e-05
8.570106200000000172e+03 9.648111999999999487e-05
8.571249100000000908e+03 9.643717100000000631e-05
8.572392099999999118e+03 9.639321600000000107e-05
8.573535299999999552e+03 9.634925600000000226e-05
8.574678599999999278e+03 9.630529000000000032e-05
8.575822099999999409e+03 9.626131799999999524e-05
8.576965799999999945e+03 9.621734000000000059e-05
8.578109599999999773e+03 9.617335600000000281e-05
8.579253600000000006e+03 9.612936600000000190e-05
8.580397699999999531e+03 9.608537099999999386e-05
8.581541900000000169e+03 9.603574699999999455e-05
8.582686400000000503e+03 9.597396200000000239e-05
8.583830900000000838e+03 9.591216900000000154e-05
8.584975599999999758e+03 9.585036800000000556e-05
8.586120500000000902e+03 9.578855800000000487e-05
8.587265499999999520e+03 9.572673999999999550e-05
8.588410700000000361e+03 9.566491400000000454e-05
8.589556000000000495e+03 9.560308000000000488e-05
8.590000000000000000e+03 9.557911200000000058e-05
8.590701499999999214e+03 9.554123700000000054e-05
8.591847200000000157e+03 9.547938600000000105e-05
8.592993000000000393e+03 9.541752700000000643e-05
8.594138899999999921e+03 9.535566000000000311e-05
8.595284999999999854e+03 9.529378399999999510e-05
8.596431200000000899e+03 9.523190100000000150e-05
8.597577600000000530e+03 9.517000900000000322e-05
8.598724200000000565e+03 9.510810800000000023e-05
8.599870899999999892e+03 9.504619999999999811e-05
8.601017799999999625e+03 9.498428300000000485e-05
8.602164800000000469e+03 9.497856200000000173e-05
8.603311900000000605e+03 9.499118600000000122e-05
8.604459300000000439e+03 9.500580300000000596e-05
8.605606700000000274e+03 9.503842699999999510e-05
8.606754399999999805e+03 9.510924099999999953e-05
8.607902099999999336e+03 9.519958500000000139e-05
8.609050100000000384e+03 9.530434199999999643e-05
8.610000000000000000e+03 9.540325099999999437e-05
8.630000000000000000e+03 9.627148400000000439e-05
8.650000000000000000e+03 9.391901700000000644e-05
8.670000000000000000e+03 9.235834599999999883e-05
8.690000000000000000e+03 9.443292700000000233e-05
8.701382200000000012e+03 9.512621800000000674e-05
8.702542600000000675e+03 9.512895900000000468e-05
8.703703100000000632e+03 9.507693999999999369e-05
8.704863799999999173e+03 9.502491300000000111e-05
8.706024699999999939e+03 9.497288000000000539e-05
8.707185699999999997e+03 9.492083999999999700e-05
8.708346799999999348e+03 9.486879300000000302e-05
8.709508200000000215e+03 9.481673899999999635e-05
8.710000000000000000e+03 9.479469299999999639e-05
8.710669700000000375e+03 9.476467800000000410e-05
8.711831299999999828e+03 9.471260999999999916e-05
8.712993099999999686e+03 9.466053499999999509e-05
8.714155000000000655e+03 9.460845300000000544e-05
8.715317100000000210e+03 9.455636400000000310e-05
8.716479400000000169e+03 9.450426800000000162e-05
8.717641799999999421e+03 9.445216500000000101e-05
8.718804299999999785e+03 9.440005599999999727e-05
8.719967099999999846e+03 9.434793899999999840e-05
8.721129899999999907e+03 9.429581599999999639e-05
8.722292999999999665e+03 9.421219500000000541e-05
8.723456099999999424e+03 9.402586700000000017e-05
8.724619500000000698e+03 9.383951399999999996e-05
8.725782999999999447e+03 9.365313700000000078e-05
8.726946599999999307e+03 9.346673399999999706e-05
8.728110399999999572e+03 9.328030699999999439e-05
8.729274400000000242e+03 9.309385499999999673e-05
8.730000000000000000e+03 9.297762000000000377e-05
8.730438500000000204e+03 9.290737699999999455e-05
8.731602800000000570e+03 9.272087499999999340e-05
8.732767200000000230e+03 9.253434899999999329e-05
8.733931800000000294e+03 9.234779700000000219e-05
8.735096499999999651e+03 9.216122000000000257e-05
8.736261399999999412e+03 9.197461900000000398e-05
8.737426400000000285e+03 9.178799200000000086e-05
8.738591599999999744e+03 9.160134099999999878e-05
8.739756999999999607e+03 9.141466500000000172e-05
8.740922500000000582e+03 9.122796399999999614e-05
8.742088200000000143e+03 9.104123799999999558e-05
8.743254000000000815e+03 9.110336500000000353e-05
8.744420000000000073e+03 9.117707899999999400e-05
8.745586100000000442e+03 9.125080299999999871e-05
8.746752399999999398e+03 9.132453700000000413e-05
8.747918799999999464e+03 9.139828000000000069e-05
8.749085499999999229e+03 9.147203399999999395e-05
8.750000000000000000e+03 9.152985199999999456e-05
8.750252200000000812e+03 9.154579700000000546e-05
8.751419099999999162e+03 9.161957000000000412e-05
8.752586199999999735e+03 9.169335300000000348e-05
8.753753399999999601e+03 9.178285300000000322e-05
8.754920799999999872e+03 9.197034999999999943e-05
8.756088299999999435e+03 9.216610700000000427e-05
8.757255999999999403e+03 9.236991800000000062e-05
8.758423899999999776e+03 9.258353700000000004e-05
8.770000000000000000e+03 9.387957200000000499e-05
8.790000000000000000e+03 9.395595000000000292e-05
8.810000000000000000e+03 9.348384499999999738e-05
8.830000000000000000e+03 9.251405100000000177e-05
8.850000000000000000e+03 9.075311800000000621e-05
8.870000000000000000e+03 8.989616800000000080e-05
8.890000000000000000e+03 9.205061300000000487e-05
8.910000000000000000e+03 9.351962799999999473e-05
8.930000000000000000e+03 9.708067599999999466e-05
8.950000000000000000e+03 1.071261299999999995e-04
8.970000000000000000e+03 1.295664500000000036e-04
8.987956799999999930e+03 1.675741900000000050e-04
8.989155399999999645e+03 1.714719299999999959e-04
8.990000000000000000e+03 1.742185200000000004e-04
8.990354199999999764e+03 1.753701800000000090e-04
8.991553099999999176e+03 1.792689599999999913e-04
8.992752200000000812e+03 1.831682600000000100e-04
8.993951399999999921e+03 1.870680800000000109e-04
8.995150799999999435e+03 1.909684100000000068e-04
8.996350399999999354e+03 1.948692699999999992e-04
8.997550100000000384e+03 1.987706500000000008e-04
8.998750000000000000e+03 2.026725500000000116e-04
8.999950000000000728e+03 2.065749599999999904e-04
9.001150299999999334e+03 2.104778999999999927e-04
9.002350599999999758e+03 2.143813600000000043e-04
9.003551100000000588e+03 2.182853399999999981e-04
9.004751800000000003e+03 2.234841599999999877e-04
9.005952699999999822e+03 2.288668700000000072e-04
9.007153700000000754e+03 2.342502900000000086e-04
9.008354900000000271e+03 2.396344300000000061e-04
9.009556200000000899e+03 2.450192899999999998e-04
9.010000000000000000e+03 2.470086600000000231e-04
9.010757700000000114e+03 2.504048700000000168e-04
9.011959300000000439e+03 2.557911600000000157e-04
9.013161099999999351e+03 2.611781700000000107e-04
9.014363100000000486e+03 2.665659000000000019e-04
9.015565199999999095e+03 2.719543499999999892e-04
9.016767499999999927e+03 2.773435200000000270e-04
9.017969999999999345e+03 2.827334100000000066e-04
9.019172599999999875e+03 2.881240199999999824e-04
9.020375299999999697e+03 2.935153399999999944e-04
9.021578299999999217e+03 2.989073800000000025e-04
9.022781399999999849e+03 3.043001500000000210e-04
9.023984599999999773e+03 3.097130499999999976e-04
9.025188000000000102e+03 3.152492100000000045e-04
9.026391600000000835e+03 3.207861099999999820e-04
9.027595300000000861e+03 3.263237499999999841e-04
9.028799199999999473e+03 3.318621199999999966e-04
9.030000000000000000e+03 3.373861699999999831e-04
9.030003300000000309e+03 3.374012399999999938e-04
9.031207500000000437e+03 3.429410900000000014e-04
9.032411899999999150e+03 3.484816899999999937e-04
9.033616400000000795e+03 3.540230199999999964e-04
9.034821099999999205e+03 3.595650900000000238e-04
9.036025999999999840e+03 3.651079000000000217e-04
9.037230999999999767e+03 3.706514499999999900e-04
9.038436100000000806e+03 3.761957300000000229e-04
9.039641499999999724e+03 3.817407599999999863e-04
9.040846999999999753e+03 3.872865299999999743e-04
9.042052600000000893e+03 3.925228799999999738e-04
9.043258499999999913e+03 3.960354300000000017e-04
9.044464400000000751e+03 4.001856500000000095e-04
9.045670599999999467e+03 4.031785600000000066e-04
9.046876899999999296e+03 4.064016800000000212e-04
9.048083399999999529e+03 4.096432700000000133e-04
9.049290000000000873e+03 4.128353299999999964e-04
9.050000000000000000e+03 4.146090899999999935e-04
9.050496800000000803e+03 4.158013899999999990e-04
9.051703700000000026e+03 4.184436600000000241e-04
9.052910799999999654e+03 4.209304200000000260e-04
9.054118099999999686e+03 4.233150400000000113e-04
9.055325500000000829e+03 4.254671200000000194e-04
9.056533100000000559e+03 4.275326100000000009e-04
9.057740900000000693e+03 4.295666499999999913e-04
9.058948800000000119e+03 4.316047900000000246e-04
9.060156800000000658e+03 4.337953999999999768e-04
9.061365100000000893e+03 4.357698099999999836e-04
9.062573500000000422e+03 4.368206499999999865e-04
9.063781999999999243e+03 4.367789699999999982e-04
9.064990799999999581e+03 4.354761200000000247e-04
9.066199599999999919e+03 4.350833199999999765e-04
9.067408699999999953e+03 4.344621199999999968e-04
9.068617899999999281e+03 4.315509200000000102e-04
9.069827199999999721e+03 4.305997800000000157e-04
9.070000000000000000e+03 4.305487199999999946e-04
9.071036799999999857e+03 4.301085199999999916e-04
9.072246399999999994e+03 4.287324699999999931e-04
9.073456299999999828e+03 4.269027400000000244e-04
9.074666300000000774e+03 4.245348800000000190e-04
9.075876500000000306e+03 4.222233600000000245e-04
9.077086799999999130e+03 4.200569700000000048e-04
9.078297300000000178e+03 4.177248000000000159e-04
9.079507999999999811e+03 4.150203799999999934e-04
9.080718800000000556e+03 4.116054700000000197e-04
9.081929700000000594e+03 4.079624199999999971e-04
9.083140900000000329e+03 4.033648399999999732e-04
9.084352199999999357e+03 3.982987700000000138e-04
9.085563599999999497e+03 3.927829499999999931e-04
9.086775299999999334e+03 3.878403800000000267e-04
9.087986999999999171e+03 3.826184199999999903e-04
9.089199000000000524e+03 3.774704500000000207e-04
9.090000000000000000e+03 3.746321500000000110e-04
9.090411099999999351e+03 3.729850600000000254e-04
9.091623400000000402e+03 3.673016299999999753e-04
9.092835800000000745e+03 3.614975899999999854e-04
9.094048399999999674e+03 3.558171199999999798e-04
9.095261099999999715e+03 3.502269700000000042e-04
9.096474099999999453e+03 3.442831199999999781e-04
9.097687099999999191e+03 3.379429899999999857e-04
9.098900400000000445e+03 3.313081099999999873e-04
9.100113799999999173e+03 3.249463699999999874e-04
9.101327300000000832e+03 3.186748000000000206e-04
9.102541100000000370e+03 3.126320000000000249e-04
9.103754999999999200e+03 3.070278700000000200e-04
9.104968999999999141e+03 3.013986700000000096e-04
9.106183199999999488e+03 2.954214400000000065e-04
9.107397600000000239e+03 2.892892100000000024e-04
9.108612100000000282e+03 2.835963399999999967e-04
9.109826800000000731e+03 2.778924500000000061e-04
9.110000000000000000e+03 2.770801500000000207e-04
9.111041699999999764e+03 2.721816700000000079e-04
9.112256699999999910e+03 2.663411900000000167e-04
9.113471900000000460e+03 2.602471800000000029e-04
9.114687200000000303e+03 2.545563099999999745e-04
9.115902700000000550e+03 2.491333299999999975e-04
9.117118399999999383e+03 2.437105199999999917e-04
9.118334199999999328e+03 2.382159999999999974e-04
9.119550199999999677e+03 2.325069999999999882e-04
9.120766400000000431e+03 2.268249799999999961e-04
9.121982700000000477e+03 2.212000599999999870e-04
9.123199199999999109e+03 2.158245700000000118e-04
9.124415800000000672e+03 2.106829500000000121e-04
9.125632600000000821e+03 2.058124399999999908e-04
9.126849599999999555e+03 2.016358600000000092e-04
9.128066699999999400e+03 1.973017499999999986e-04
9.129283999999999651e+03 1.927508300000000134e-04
9.130000000000000000e+03 1.901491699999999967e-04
9.130501399999999194e+03 1.883325300000000086e-04
9.131719100000000253e+03 1.839716700000000105e-04
9.132936799999999494e+03 1.797749700000000038e-04
9.134154800000000250e+03 1.756899700000000048e-04
9.135372900000000300e+03 1.718593499999999930e-04
9.136591099999999642e+03 1.681072600000000131e-04
9.137809600000000501e+03 1.642744999999999872e-04
9.139028200000000652e+03 1.609813699999999945e-04
9.140246900000000096e+03 1.578897099999999876e-04
9.141465799999999945e+03 1.546694700000000118e-04
9.142684900000000198e+03 1.525318800000000010e-04
9.143904099999999744e+03 1.493516299999999902e-04
9.145123499999999694e+03 1.461614399999999888e-04
9.146343100000000049e+03 1.435113600000000001e-04
9.147562799999999697e+03 1.408672999999999989e-04
9.148782699999999750e+03 1.385300599999999941e-04
9.150000000000000000e+03 1.371155400000000015e-04
9.150002800000000207e+03 1.371118900000000036e-04
9.151222999999999956e+03 1.354925600000000084e-04
9.152443400000000111e+03 1.337441700000000107e-04
9.153663899999999558e+03 1.317586600000000135e-04
9.154884599999999409e+03 1.299137399999999987e-04
9.156105499999999665e+03 1.284742599999999946e-04
9.170000000000000000e+03 1.142879499999999973e-04
9.190000000000000000e+03 1.122026299999999974e-04
9.202619199999999182e+03 1.143253699999999994e-04
9.203846400000000358e+03 1.142982700000000010e-04
9.205073800000000119e+03 1.142596699999999976e-04
9.206301400000000285e+03 1.142733999999999959e-04
9.207529099999999744e+03 1.143343400000000035e-04
9.208756999999999607e+03 1.144417599999999964e-04
9.209985099999999875e+03 1.145043299999999961e-04
9.210000000000000000e+03 1.145043099999999947e-04
9.211213299999999435e+03 1.144977199999999945e-04
9.212441600000000108e+03 1.144594199999999986e-04
9.213670200000000477e+03 1.144211200000000027e-04
9.214898900000000140e+03 1.143828100000000061e-04
9.216127800000000207e+03 1.143444899999999952e-04
9.217356799999999566e+03 1.143061699999999980e-04
9.218585999999999331e+03 1.142678500000000007e-04
9.219815300000000207e+03 1.142295200000000027e-04
9.221044900000000780e+03 1.141911800000000040e-04
9.222274600000000646e+03 1.141528400000000053e-04
9.223504399999999805e+03 1.141145000000000066e-04
9.224734399999999368e+03 1.140761499999999937e-04
9.225964599999999336e+03 1.140080500000000002e-04
9.227194999999999709e+03 1.139309399999999999e-04
9.228425499999999374e+03 1.138538299999999995e-04
9.229656100000000151e+03 1.137767099999999985e-04
9.230000000000000000e+03 1.137551599999999953e-04
9.230887000000000626e+03 1.136995699999999960e-04
9.232118000000000393e+03 1.136224299999999936e-04
9.233349099999999453e+03 1.135452800000000040e-04
9.234580500000000029e+03 1.134681099999999994e-04
9.235811999999999898e+03 1.133909399999999949e-04
9.237043600000000879e+03 1.133137500000000025e-04
9.238275400000000445e+03 1.132365599999999965e-04
9.239507400000000416e+03 1.131593500000000027e-04
9.240739600000000792e+03 1.130821399999999954e-04
9.241971900000000460e+03 1.130049100000000002e-04
9.243204400000000533e+03 1.129276700000000043e-04
9.244436999999999898e+03 1.128504299999999949e-04
9.245669799999999668e+03 1.126219500000000034e-04
9.246902799999999843e+03 1.121927799999999995e-04
9.248135899999999310e+03 1.117635400000000043e-04
9.249369199999999182e+03 1.113342500000000056e-04
9.250000000000000000e+03 1.111146900000000012e-04
9.250602699999999459e+03 1.109049000000000027e-04
9.251836300000000847e+03 1.104754999999999962e-04
9.253070100000000821e+03 1.100460299999999985e-04
9.254304099999999380e+03 1.096165099999999972e-04
9.255538200000000870e+03 1.091869300000000053e-04
9.256772499999999127e+03 1.087572999999999963e-04
9.258006900000000314e+03 1.083158600000000014e-04
9.259241500000000087e+03 1.078026199999999982e-04
9.260476300000000265e+03 1.073052799999999959e-04
9.261711300000000847e+03 1.068683899999999941e-04
9.262946400000000722e+03 1.063898100000000032e-04
9.270000000000000000e+03 1.033441400000000015e-04
9.290000000000000000e+03 9.506346200000000493e-05
9.310000000000000000e+03 8.936371699999999941e-05
9.330000000000000000e+03 8.668158700000000482e-05
9.350000000000000000e+03 8.546400400000000465e-05
9.370000000000000000e+03 8.549138699999999714e-05
9.390000000000000000e+03 8.857350399999999919e-05
9.410000000000000000e+03 1.023798499999999952e-04
9.430000000000000000e+03 1.443137500000000106e-04
9.450000000000000000e+03 2.456261899999999821e-04
9.470000000000000000e+03 4.224969100000000111e-04
9.490000000000000000e+03 6.595640299999999505e-04
9.501897899999999936e+03 7.981781299999999961e-04
9.503165100000000166e+03 8.129406000000000479e-04
9.504432399999999689e+03 8.277050400000000342e-04
9.505699899999999616e+03 8.424714499999999551e-04
9.506967500000000655e+03 8.558909200000000030e-04
9.508235300000000279e+03 8.642684799999999926e-04
9.509503300000000309e+03 8.726471599999999522e-04
9.510000000000000000e+03 8.759292299999999571e-04
9.510771500000000742e+03 8.810269599999999901e-04
9.512039800000000469e+03 8.894078700000000379e-04
9.513308300000000600e+03 8.977898999999999472e-04
9.514576900000000023e+03 9.061730399999999748e-04
9.515845799999999144e+03 9.145573100000000408e-04
9.517114799999999377e+03 9.229426900000000083e-04
9.518383900000000722e+03 9.313291900000000541e-04
9.519653299999999945e+03 9.397168099999999615e-04
9.520922800000000279e+03 9.481055499999999471e-04
9.522192399999999907e+03 9.564954100000000112e-04
9.523462299999999232e+03 9.648863799999999767e-04
9.524732299999999668e+03 9.732784799999999806e-04
9.526002500000000509e+03 9.816716899999999944e-04
9.527272800000000643e+03 9.850329100000001017e-04
9.528543299999999363e+03 9.793067600000000990e-04
9.529814000000000306e+03 9.735798400000000288e-04
9.530000000000000000e+03 9.727417299999999590e-04
9.531084899999999834e+03 9.678521499999999996e-04
9.532355900000000474e+03 9.621236999999999715e-04
9.533627099999999700e+03 9.563944900000000528e-04
9.534898499999999331e+03 9.506645099999999583e-04
9.536170000000000073e+03 9.449337699999999732e-04
9.537441699999999400e+03 9.392022699999999892e-04
9.538713599999999133e+03 9.334700000000000462e-04
9.539985699999999269e+03 9.277369699999999959e-04
9.541257900000000518e+03 9.220031699999999865e-04
9.542530300000000352e+03 9.162686099999999782e-04
9.543802799999999479e+03 9.105332800000000108e-04
9.545075500000000829e+03 9.047971900000000445e-04
9.546348400000000765e+03 8.990603300000000108e-04
9.547621499999999287e+03 8.884482100000000437e-04
9.548894700000000739e+03 8.736029899999999630e-04
9.550000000000000000e+03 8.607162900000000106e-04
9.550168100000000777e+03 8.587557899999999876e-04
9.551441699999999400e+03 8.439066100000000093e-04
9.552715500000000247e+03 8.290554500000000280e-04
9.553989400000000387e+03 8.142022999999999752e-04
9.555263499999999112e+03 7.993471799999999879e-04
9.556537700000000768e+03 7.844900799999999976e-04
9.557812099999999191e+03 7.696310000000000043e-04
9.559086699999999837e+03 7.544589999999999673e-04
9.560361500000000888e+03 7.373445499999999909e-04
9.561636399999999412e+03 7.203691600000000118e-04
9.562911500000000160e+03 7.051803899999999807e-04
9.564186799999999494e+03 6.913924599999999882e-04
9.565462199999999939e+03 6.760520399999999600e-04
9.566737900000000081e+03 6.598026000000000108e-04
9.568013600000000224e+03 6.436319900000000331e-04
9.569289600000000064e+03 6.277498299999999731e-04
9.570000000000000000e+03 6.182384600000000174e-04
9.570565699999999197e+03 6.104892800000000491e-04
9.571842000000000553e+03 5.923434499999999945e-04
9.573118500000000495e+03 5.755493300000000517e-04
9.574395099999999729e+03 5.595163099999999820e-04
9.575671899999999368e+03 5.435059799999999953e-04
9.576948899999999412e+03 5.276181699999999601e-04
9.578226000000000568e+03 5.118477599999999520e-04
9.579503399999999601e+03 4.960447400000000343e-04
9.590000000000000000e+03 3.746704500000000069e-04
9.610000000000000000e+03 2.066644199999999874e-04
9.630000000000000000e+03 1.243040899999999871e-04
9.650000000000000000e+03 9.368933300000000127e-05
9.670000000000000000e+03 8.276697200000000571e-05
9.690000000000000000e+03 8.015676999999999590e-05
9.710000000000000000e+03 7.946058900000000616e-05
9.730000000000000000e+03 7.918297700000000107e-05
9.750000000000000000e+03 7.908482400000000452e-05
9.770000000000000000e+03 7.913742600000000344e-05
9.790000000000000000e+03 7.944205700000000537e-05
9.810000000000000000e+03 8.011592800000000650e-05
9.821380100000000311e+03 8.059585600000000499e-05
9.822689800000000105e+03 8.065109099999999973e-05
9.823999799999999595e+03 8.070633299999999360e-05
9.825309800000000905e+03 8.076158299999999617e-05
9.826620100000000093e+03 8.081683999999999786e-05
9.827930500000000393e+03 8.087210399999999869e-05
9.829241200000000390e+03 8.093807699999999380e-05
9.830000000000000000e+03 8.098315300000000563e-05
9.830551900000000387e+03 8.101593899999999797e-05
9.831862900000000081e+03 8.109380999999999328e-05
9.833174000000000888e+03 8.117169199999999885e-05
9.834485300000000279e+03 8.124958500000000112e-05
9.835796800000000076e+03 8.132748800000000409e-05
9.837108500000000276e+03 8.140540099999999421e-05
9.838420299999999770e+03 8.148332499999999458e-05
9.839732299999999668e+03 8.156125899999999566e-05
9.841044499999999971e+03 8.163920299999999743e-05
9.842356900000000678e+03 8.171715799999999591e-05
9.843669400000000678e+03 8.179512299999999508e-05
9.844982099999999264e+03 8.187309900000000452e-05
9.846295000000000073e+03 8.195108500000000110e-05
9.847608099999999467e+03 8.202908099999999837e-05
9.848921299999999974e+03 8.211099600000000282e-05
9.850000000000000000e+03 8.219832299999999827e-05
9.850234700000000885e+03 8.221732399999999528e-05
9.851548300000000381e+03 8.232366699999999556e-05
9.852862100000000282e+03 8.243002399999999411e-05
9.854175999999999476e+03 8.253639500000000447e-05
9.855490100000000893e+03 8.264277999999999956e-05
9.856804400000000896e+03 8.274917900000000647e-05
9.858118899999999485e+03 8.285559199999999809e-05
9.859433499999999185e+03 8.296201999999999754e-05
9.860748299999999290e+03 8.306846199999999526e-05
9.862063299999999799e+03 8.317491800000000480e-05
9.863378500000000713e+03 8.328138799999999905e-05
9.864693799999999101e+03 8.338787200000000513e-05
9.866009299999999712e+03 8.349437100000000548e-05
9.867325000000000728e+03 8.360088400000000410e-05
9.868640900000000329e+03 8.370741100000000099e-05
9.869956899999999223e+03 8.383395400000000490e-05
9.870000000000000000e+03 8.383822800000000303e-05
9.871273100000000341e+03 8.396450899999999674e-05
9.872589500000000044e+03 8.409508299999999398e-05
9.873906100000000151e+03 8.422567400000000460e-05
9.875222799999999552e+03 8.435628200000000151e-05
9.876539699999999357e+03 8.448690699999999824e-05
9.877856799999999566e+03 8.461755000000000437e-05
9.879174100000000180e+03 8.474821100000000634e-05
9.880491500000000087e+03 8.487979300000000091e-05
9.881809199999999691e+03 8.501721199999999587e-05
9.883127000000000407e+03 8.515677100000000502e-05
9.884444900000000416e+03 8.530161199999999606e-05
9.885763100000000122e+03 8.544983700000000429e-05
9.890000000000000000e+03 8.594732199999999636e-05
9.910000000000000000e+03 8.857152300000000020e-05
9.930000000000000000e+03 9.170115899999999661e-05
9.950000000000000000e+03 9.513477000000000055e-05
9.970000000000000000e+03 9.974501900000000670e-05
9.990000000000000000e+03 1.050977299999999971e-04
1.001980500000000029e+04 1.072019000000000010e-04
1.002114199999999983e+04 1.072531799999999969e-04
1.002247799999999916e+04 1.073044799999999942e-04
1.002381400000000031e+04 1.073557800000000050e-04
1.002500000000000000e+04 1.074012800000000032e-04
1.002515099999999984e+04 1.074070900000000030e-04
1.002648799999999937e+04 1.074584000000000010e-04
1.002782500000000073e+04 1.075097199999999997e-04
1.002916200000000026e+04 1.075610499999999991e-04
1.003050000000000000e+04 1.075849500000000041e-04
1.003183799999999974e+04 1.075823299999999970e-04
1.003317499999999927e+04 1.075797100000000034e-04
1.003451300000000083e+04 1.075770899999999963e-04
1.003585100000000057e+04 1.075744600000000021e-04
1.003719000000000051e+04 1.075718399999999950e-04
1.003852800000000025e+04 1.075692200000000014e-04
1.003986700000000019e+04 1.075665899999999936e-04
1.004120600000000013e+04 1.075639700000000001e-04
1.004254500000000007e+04 1.075613400000000058e-04
1.004388400000000001e+04 1.075587199999999987e-04
1.004522400000000016e+04 1.075560900000000045e-04
1.004656300000000010e+04 1.075534699999999974e-04
1.004790300000000025e+04 1.075508400000000031e-04
1.004924300000000039e+04 1.075482199999999960e-04
1.005058300000000054e+04 1.075280200000000059e-04
1.005192300000000068e+04 1.074887699999999978e-04
1.005326399999999921e+04 1.074495200000000032e-04
1.005460399999999936e+04 1.074102599999999944e-04
1.005594499999999971e+04 1.073709999999999991e-04
1.005728600000000006e+04 1.073317300000000031e-04
1.005862700000000041e+04 1.072924500000000064e-04
1.005996899999999914e+04 1.072531699999999962e-04
1.006130999999999949e+04 1.072138899999999995e-04
1.006265200000000004e+04 1.071746000000000021e-04
1.006399400000000060e+04 1.071353000000000041e-04
1.006533599999999933e+04 1.070960000000000060e-04
1.006667799999999988e+04 1.070566999999999943e-04
1.006802100000000064e+04 1.070173899999999956e-04
1.006936299999999937e+04 1.069780699999999961e-04
1.007070600000000013e+04 1.069387499999999966e-04
1.007204900000000089e+04 1.068994199999999964e-04
1.007339199999999983e+04 1.068600899999999962e-04
1.007473600000000079e+04 1.068207499999999953e-04
1.007500000000000000e+04 1.068130199999999967e-04
1.007607899999999972e+04 1.067814099999999945e-04
1.007742300000000068e+04 1.067420600000000064e-04
1.007876699999999983e+04 1.067027100000000049e-04
1.008011100000000079e+04 1.066564399999999935e-04
1.008145499999999993e+04 1.065672400000000012e-04
1.008279999999999927e+04 1.064776499999999952e-04
1.008414400000000023e+04 1.063875599999999948e-04
1.008548899999999958e+04 1.062974599999999938e-04
1.012500000000000000e+04 6.931100529729094075e-05
1.017500000000000000e+04 6.863586691880691924e-05
1.022500000000000000e+04 6.796651735587605492e-05
1.027500000000000000e+04 6.730296707943542634e-05
1.028925000000000000e+04 6.711491826130044783e-05
1.029062199999999939e+04 6.709683768551650250e-05
1.029199400000000060e+04 6.707876148319999281e-05
1.029336599999999999e+04 6.706068965444758894e-05
1.029473899999999958e+04 6.704260903225043938e-05
1.029611199999999917e+04 6.702453279018394741e-05
1.029748500000000058e+04 6.700646092833999917e-05
1.029885800000000017e+04 6.698839344680875961e-05
1.030023199999999997e+04 6.697031719133820843e-05
1.030160499999999956e+04 6.695225847388639687e-05
1.030297899999999936e+04 6.693419098905049555e-05
1.030435299999999916e+04 6.691612789125433015e-05
1.030572700000000077e+04 6.689806918057973086e-05
1.030710100000000057e+04 6.688001485710683375e-05
1.030847600000000057e+04 6.686195178573142847e-05
1.030985100000000057e+04 6.684389310810145469e-05
1.031122500000000036e+04 6.682585195308363992e-05
1.031260100000000057e+04 6.680778893437671619e-05
1.031397600000000057e+04 6.678974343842728877e-05
1.031535100000000057e+04 6.677170233651385904e-05
1.031672700000000077e+04 6.675365251269811922e-05
1.031810299999999916e+04 6.673560708944742902e-05
1.031947899999999936e+04 6.671756606682690833e-05
1.032085499999999956e+04 6.669952944490006429e-05
1.032223099999999977e+04 6.668149722372868288e-05
1.032360800000000017e+04 6.666345630335956723e-05
1.032498400000000038e+04 6.664543288707614334e-05
1.032500000000000000e+04 6.664522333835241983e-05
1.032636100000000079e+04 6.662740077810918357e-05
1.032773799999999937e+04 6.660937307652748784e-05
1.032911599999999999e+04 6.659133669517381662e-05
1.033049300000000039e+04 6.657331781172188677e-05
1.033187099999999919e+04 6.655529025500415670e-05
1.033324799999999959e+04 6.653728018988303093e-05
1.033462600000000020e+04 6.651926145799551748e-05
1.033600499999999920e+04 6.650123406899673486e-05
1.033738299999999981e+04 6.648322416852699623e-05
1.033876100000000042e+04 6.646521868222829909e-05
1.034013999999999942e+04 6.644720454855643341e-05
1.034151900000000023e+04 6.642919483554351567e-05
1.034289799999999923e+04 6.641118954322655784e-05
1.034427700000000004e+04 6.639318867164099977e-05
1.034565699999999924e+04 6.637517917206130279e-05
1.034703700000000026e+04 6.635717409969267208e-05
1.034841599999999926e+04 6.633918649690830581e-05
1.034979600000000028e+04 6.632119027584323565e-05
1.035117699999999968e+04 6.630318544614911065e-05
1.035255700000000070e+04 6.628519808291250589e-05
1.035393800000000010e+04 6.626720211751480343e-05
1.035531799999999930e+04 6.624922361220197899e-05
1.035669900000000052e+04 6.623123651118968495e-05
1.037500000000000000e+04 6.599329031215893230e-05
1.042500000000000000e+04 6.534716925806303295e-05
1.047500000000000000e+04 6.470685865241868496e-05
1.052500000000000000e+04 6.407235432683499547e-05
1.057500000000000000e+04 6.344364959909782914e-05
1.062500000000000000e+04 6.282073539907556377e-05
1.067500000000000000e+04 6.220360038977436920e-05
1.072500000000000000e+04 6.159223108370511152e-05
1.077500000000000000e+04 6.098661195471997948e-05
1.079666699999999946e+04 6.072595441542350258e-05
1.079810699999999997e+04 6.070866909492406068e-05
1.079954700000000048e+04 6.069138852228566543e-05
1.080098699999999917e+04 6.067411269704833050e-05
1.080242799999999988e+04 6.065682962659579847e-05
1.080386800000000039e+04 6.063956329807177511e-05
1.080530899999999929e+04 6.062228973000012664e-05
1.080675000000000000e+04 6.060502091406994821e-05
1.080819100000000071e+04 6.058775684981440270e-05
1.080963199999999961e+04 6.057049753676508767e-05
1.081107400000000052e+04 6.055323100208235225e-05
1.081251599999999962e+04 6.053596922426075446e-05
1.081395800000000054e+04 6.051871220282719591e-05
1.081539999999999964e+04 6.050145993730779215e-05
1.081684200000000055e+04 6.048421242722705276e-05
1.081828399999999965e+04 6.046696967210853188e-05
1.081972700000000077e+04 6.044971971889344749e-05
1.082117000000000007e+04 6.043247452627943580e-05
1.082261299999999937e+04 6.041523409378544984e-05
1.082405600000000049e+04 6.039799842092905354e-05
1.082500000000000000e+04 6.038672554547129220e-05
1.082550000000000000e+04 6.038075556784172621e-05
1.082694299999999930e+04 6.036352941610635664e-05
1.082838700000000063e+04 6.034629608976611664e-05
1.082983100000000013e+04 6.032906752771789879e-05
1.083127499999999964e+04 6.031184372947238231e-05
1.083271999999999935e+04 6.029461277164991165e-05
1.083416400000000067e+04 6.027739850283503874e-05
1.083560900000000038e+04 6.026017708005658029e-05
1.083705400000000009e+04 6.024296042570836750e-05
1.083849899999999980e+04 6.022574853929402552e-05
1.083994499999999971e+04 6.020852951392593517e-05
1.084138999999999942e+04 6.019132716518440265e-05
1.084283599999999933e+04 6.017411768308954776e-05
1.084428199999999924e+04 6.015691297352938237e-05
1.084572799999999916e+04 6.013971303600060628e-05
1.084717400000000089e+04 6.012251786999865211e-05
1.084862099999999919e+04 6.010531558842879064e-05
1.085006799999999930e+04 6.008811808397335641e-05
1.085151399999999921e+04 6.007093723611044996e-05
1.085296199999999953e+04 6.005373740436842502e-05
1.085440899999999965e+04 6.003655422819721639e-05
1.085585599999999977e+04 6.001937582709703916e-05
1.085730400000000009e+04 6.000219033376921177e-05
1.085875200000000041e+04 5.998500962108408330e-05
1.086020000000000073e+04 5.996783368852459098e-05
1.086164799999999923e+04 5.995066253557220832e-05
1.086309699999999975e+04 5.993348430812817128e-05
1.086454500000000007e+04 5.991632271613028121e-05
1.086599400000000060e+04 5.989915405519950905e-05
1.086744299999999930e+04 5.988199017839118270e-05
1.086889199999999983e+04 5.986483108517981646e-05
1.087500000000000000e+04 5.979255257064239955e-05
1.090518599999999969e+04 5.943659556963830939e-05
1.090663999999999942e+04 5.941950211635450499e-05
1.090809499999999935e+04 5.940240171378954355e-05
1.090954900000000089e+04 5.938531786708824996e-05
1.091100400000000081e+04 5.936822707658430002e-05
1.091245900000000074e+04 5.935114109291425642e-05
1.091391400000000067e+04 5.933405991551056642e-05
1.091537000000000080e+04 5.931697180911907027e-05
1.091682500000000073e+04 5.929990024584342998e-05
1.091828100000000086e+04 5.928282175904559578e-05
1.091973699999999917e+04 5.926574808283792699e-05
1.092119299999999930e+04 5.924867921664603364e-05
1.092264999999999964e+04 5.923160344172805341e-05
1.092410599999999977e+04 5.921454419714330063e-05
1.092500000000000000e+04 5.920407201609587702e-05
1.092556300000000010e+04 5.919747804928500857e-05
1.092702000000000044e+04 5.918041671573986279e-05
1.092847700000000077e+04 5.916336019592689354e-05
1.092993499999999949e+04 5.914629678761767437e-05
1.093139199999999983e+04 5.912924989682439366e-05
1.093285000000000036e+04 5.911219612297450860e-05
1.093430800000000090e+04 5.909514716712761475e-05
1.093576599999999962e+04 5.907810302869603386e-05
1.093722400000000016e+04 5.906106370709088830e-05
1.093868300000000090e+04 5.904401751990063629e-05
1.094014099999999962e+04 5.902698783348006800e-05
1.094160000000000036e+04 5.900995128689806720e-05
1.094305999999999949e+04 5.899290788947392754e-05
1.094451900000000023e+04 5.897588098773151409e-05
1.094597799999999916e+04 5.895885890586208988e-05
1.094743800000000010e+04 5.894182998127241402e-05
1.094889799999999923e+04 5.892480588196651286e-05
1.095035800000000017e+04 5.890778660734318276e-05
1.095181799999999930e+04 5.889077215680020360e-05
1.095327900000000045e+04 5.887375088095758095e-05
1.095473899999999958e+04 5.885674608006725398e-05
1.095620000000000073e+04 5.883973445927503823e-05
1.095766100000000006e+04 5.882272766674974558e-05
1.095912299999999959e+04 5.880571406632487195e-05
1.096058400000000074e+04 5.878871693180920762e-05
1.096204600000000028e+04 5.877171299478172882e-05
1.096350799999999981e+04 5.875471389018658300e-05
1.096496999999999935e+04 5.873771961740926469e-05
1.096643200000000070e+04 5.872073017583412326e-05
1.096789400000000023e+04 5.870374556484455258e-05
1.096935699999999997e+04 5.868675417139836652e-05
1.097081999999999971e+04 5.866976761390951898e-05
1.097228299999999945e+04 5.865278589175684342e-05
1.097374599999999919e+04 5.863580900431827208e-05
1.097500000000000000e+04 5.862126123407890407e-05
1.097520900000000074e+04 5.861883695097030062e-05
1.097667300000000068e+04 5.860185813518869850e-05
1.102500000000000000e+04 5.804409603462428558e-05
1.107500000000000000e+04 5.747255077327842666e-05
1.112500000000000000e+04 5.690659843528631776e-05
1.117500000000000000e+04 5.634621071635840980e-05
1.122500000000000000e+04 5.579135810014034240e-05
1.127500000000000000e+04 5.524200993250381843e-05
1.132500000000000000e+04 5.469813449277165294e-05
1.137500000000000000e+04 5.415969906198860170e-05
1.142500000000000000e+04 5.362666998834398366e-05
1.147500000000000000e+04 5.309901274984983550e-05
1.152500000000000000e+04 5.257669201437524591e-05
1.157500000000000000e+04 5.205967169713347878e-05
1.162500000000000000e+04 5.154791501571527596e-05
1.167500000000000000e+04 5.104138454276053712e-05
1.172500000000000000e+04 5.054004225635385961e-05
1.177500000000000000e+04 5.004384958823135865e-05
1.182500000000000000e+04 4.955276746987820607e-05
1.187500000000000000e+04 4.906675637659801986e-05
1.192500000000000000e+04 4.858577636962957169e-05
1.197500000000000000e+04 4.810978713638521583e-05
1.202500000000000000e+04 4.763874802888212918e-05
1.207500000000000000e+04 4.717261810043527038e-05
1.212500000000000000e+04 4.671135614067881077e-05
1.217500000000000000e+04 4.625492070898034415e-05
1.222500000000000000e+04 4.580327016630913935e-05
1.227500000000000000e+04 4.535636270561927986e-05
1.232500000000000000e+04 4.491415638080426535e-05
1.237500000000000000e+04 4.447660913427972483e-05
1.242500000000000000e+04 4.404367882324724528e-05
1.247500000000000000e+04 4.361532324469099154e-05
1.252500000000000000e+04 4.319150015915791235e-05
1.252905500000000029e+04 4.315732552013731458e-05
1.253072500000000036e+04 4.314325971193691669e-05
1.253239600000000064e+04 4.312919048932575621e-05
1.253406799999999930e+04 4.311511785971940331e-05
1.253573899999999958e+04 4.310105865482883686e-05
1.253741100000000006e+04 4.308699604577993363e-05
1.253908300000000054e+04 4.307293844613914766e-05
1.254075499999999920e+04 4.305888585432634917e-05
1.254242699999999968e+04 4.304483826876169295e-05
1.254410000000000036e+04 4.303078729068961103e-05
1.254577299999999923e+04 4.301674132169125132e-05
1.254744599999999991e+04 4.300270036018388195e-05
1.254911900000000060e+04 4.298866440458477779e-05
1.255079199999999946e+04 4.297463345331126796e-05
1.255246600000000035e+04 4.296059912256541732e-05
1.255413999999999942e+04 4.294656979895939070e-05
1.255581400000000031e+04 4.293254548090776605e-05
1.255748799999999937e+04 4.291852616682513484e-05
1.255916300000000047e+04 4.290450348486944557e-05
1.256083799999999974e+04 4.289048580968746557e-05
1.256251300000000083e+04 4.287647313969100807e-05
1.256418800000000010e+04 4.286246547329194728e-05
1.256586299999999937e+04 4.284846280890213709e-05
1.256753900000000067e+04 4.283445678961234413e-05
1.256921500000000015e+04 4.282045577512525543e-05
1.257089099999999962e+04 4.280645976384998727e-05
1.257256799999999930e+04 4.279246040783057329e-05
1.257424400000000060e+04 4.277847440118918591e-05
1.257500000000000000e+04 4.277216731336822101e-05
1.257592100000000028e+04 4.276448505258764672e-05
1.257759799999999996e+04 4.275050070679741024e-05
1.257927499999999964e+04 4.273652136222495676e-05
1.258095299999999952e+04 4.272253868582521688e-05
1.258262999999999920e+04 4.270856934188765934e-05
1.258430800000000090e+04 4.269459666889545240e-05
1.258598699999999917e+04 4.268062067419453332e-05
1.258766500000000087e+04 4.266665800418624797e-05
1.258934399999999914e+04 4.265269201523431161e-05
1.259102200000000084e+04 4.263873934182146273e-05
1.259270099999999911e+04 4.262478335222636479e-05
1.259438099999999940e+04 4.261082405378320505e-05
1.259605999999999949e+04 4.259687806310473912e-05
1.259773999999999978e+04 4.258292876633203747e-05
1.259942000000000007e+04 4.256898446948137525e-05
1.260110000000000036e+04 4.255504517095119613e-05
1.260278000000000065e+04 4.254111086913993698e-05
1.260446099999999933e+04 4.252717327267940898e-05
1.260614199999999983e+04 4.251324067568039878e-05
1.260782300000000032e+04 4.249931307653866661e-05
1.260950400000000081e+04 4.248539047365002696e-05
1.261118599999999969e+04 4.247146458753413414e-05
1.262500000000000000e+04 4.235728246170393009e-05
1.267500000000000000e+04 4.194680338661903860e-05
1.272500000000000000e+04 4.154068791801489573e-05
1.277500000000000000e+04 4.113889395162250302e-05
1.278047400000000016e+04 4.109516621029875110e-05
1.278217900000000009e+04 4.108155669275342719e-05
1.278388299999999981e+04 4.106796012216636706e-05
1.278558799999999974e+04 4.105436053845842620e-05
1.278729299999999967e+04 4.104076592063114477e-05
1.278899799999999959e+04 4.102717626702106525e-05
1.279070399999999972e+04 4.101358360985998488e-05
1.279240899999999965e+04 4.100000388260366423e-05
1.279411499999999978e+04 4.098642115428807650e-05
1.279582099999999991e+04 4.097284338935231390e-05
1.279752800000000025e+04 4.095926263166326897e-05
1.279923400000000038e+04 4.094569479139719434e-05
1.280094100000000071e+04 4.093212396086049094e-05
1.280264799999999923e+04 4.091855809285243944e-05
1.280435499999999956e+04 4.090499718570496769e-05
1.280606300000000010e+04 4.089143329781614369e-05
1.280777100000000064e+04 4.087787437326147958e-05
1.280947799999999916e+04 4.086432834449465340e-05
1.281118699999999990e+04 4.085077140747276085e-05
1.281289500000000044e+04 4.083722736289809637e-05
1.281460399999999936e+04 4.082368034956149720e-05
1.281631300000000010e+04 4.081013829701076947e-05
1.281802200000000084e+04 4.079660120357319930e-05
1.281973099999999977e+04 4.078306906757628287e-05
1.282144000000000051e+04 4.076954188734765864e-05
1.282314999999999964e+04 4.075601175030326616e-05
1.282486000000000058e+04 4.074248657147921108e-05
1.282500000000000000e+04 4.074137946643103045e-05
1.282656999999999971e+04 4.072896634920070597e-05
1.282828100000000086e+04 4.071544317957714865e-05
1.282999200000000019e+04 4.070192496894377326e-05
1.283170299999999952e+04 4.068841171562331225e-05
1.283341400000000067e+04 4.067490341793851164e-05
1.283512500000000000e+04 4.066140007421248338e-05
1.283683699999999953e+04 4.064789379503339311e-05
1.283854800000000068e+04 4.063440035708732362e-05
1.284026100000000042e+04 4.062089610417393779e-05
1.284197299999999996e+04 4.060740468913483637e-05
1.284368499999999949e+04 4.059391822545056538e-05
1.284539799999999923e+04 4.058042883817221543e-05
1.284711100000000079e+04 4.056694440467204361e-05
1.284882400000000052e+04 4.055346492326846592e-05
1.285053800000000047e+04 4.053998252768304614e-05
1.285225100000000020e+04 4.052651294831716790e-05
1.285396500000000015e+04 4.051304045718372865e-05
1.285567900000000009e+04 4.049957291719599077e-05
1.285739400000000023e+04 4.048610247362776677e-05
1.285910800000000017e+04 4.047264483376686268e-05
1.286082300000000032e+04 4.045918429273073433e-05
1.286253800000000047e+04 4.044572870187590274e-05
1.286425300000000061e+04 4.043227805951645387e-05
1.287500000000000000e+04 4.034810254120159108e-05
1.292500000000000000e+04 3.995902137010327957e-05
1.297500000000000000e+04 3.957409427750677194e-05
1.302500000000000000e+04 3.919327973197086568e-05
1.307500000000000000e+04 3.881653635945355775e-05
1.312500000000000000e+04 3.844382295578129113e-05
1.317500000000000000e+04 3.807509849840558919e-05
1.322500000000000000e+04 3.771032215747748288e-05
1.327500000000000000e+04 3.734945330626799470e-05
1.332500000000000000e+04 3.699245153096162171e-05
1.337500000000000000e+04 3.663927663985015309e-05
1.342500000000000000e+04 3.628988867195076962e-05
1.347500000000000000e+04 3.594424790507404606e-05
1.352500000000000000e+04 3.560231486336471954e-05
1.357500000000000000e+04 3.526405032433782962e-05
1.362500000000000000e+04 3.492941532543198860e-05
1.367500000000000000e+04 3.459837117010069362e-05
1.372500000000000000e+04 3.427087943346164334e-05
1.377500000000000000e+04 3.394690196752348014e-05
1.382500000000000000e+04 3.362640090600833495e-05
1.387500000000000000e+04 3.330933866878834862e-05
1.392500000000000000e+04 3.299567796595265657e-05
1.397500000000000000e+04 3.268538180152223818e-05
1.402500000000000000e+04 3.237841347682758597e-05
1.407500000000000000e+04 3.207473659356498347e-05
1.412500000000000000e+04 3.177431505654573698e-05
1.417500000000000000e+04 3.147711307615258465e-05
1.422500000000000000e+04 3.118309517051656444e-05
1.427500000000000000e+04 3.089222616742754769e-05
1.432500000000000000e+04 3.060447120599064935e-05
1.437500000000000000e+04 3.031979573804085770e-05
1.442500000000000000e+04 3.003816552932670530e-05
1.447500000000000000e+04 2.975954666047475150e-05
1.452500000000000000e+04 2.948390552774503423e-05
1.457000000000000000e+04 2.923834695397297450e-05
1.462000000000000000e+04 2.896827207430559110e-05
1.467500000000000000e+04 2.867451725376591882e-05
1.472500000000000000e+04 2.841045735637128845e-05
1.477500000000000000e+04 2.814921192396045398e-05
1.482500000000000000e+04 2.789074925198716659e-05
1.487500000000000000e+04 2.763503795178017899e-05
1.492500000000000000e+04 2.738204694996058502e-05
1.497500000000000000e+04 2.713174548772814016e-05
1.502500000000000000e+04 2.688410312002366791e-05
1.507500000000000000e+04 2.663908971457410813e-05
1.512500000000000000e+04 2.639667545082701727e-05
1.517500000000000000e+04 2.615683081878008410e-05
1.522500000000000000e+04 2.591952661771219639e-05
1.527500000000000000e+04 2.568473395482115783e-05
1.532500000000000000e+04 2.545242424377400472e-05
1.537500000000000000e+04 2.522256920317462846e-05
1.542500000000000000e+04 2.499514085495410125e-05
1.547500000000000000e+04 2.477011152268809938e-05
1.552500000000000000e+04 2.454745382984639104e-05
1.557500000000000000e+04 2.432714069797818342e-05
1.562500000000000000e+04 2.410914534483827576e-05
1.567500000000000000e+04 2.389344128245715241e-05
1.572500000000000000e+04 2.368000231515963723e-05
1.577500000000000000e+04 2.346880253753526031e-05
1.582500000000000000e+04 2.325981633236390145e-05
1.587500000000000000e+04 2.305301836850027450e-05
1.592500000000000000e+04 2.284838359872027835e-05
1.597500000000000000e+04 2.264588725753222313e-05
1.605000000000000000e+04 2.234609881215439436e-05
1.615000000000000000e+04 2.195363916788037095e-05
1.625000000000000000e+04 2.156930143325663394e-05
1.635000000000000000e+04 2.119290061983731304e-05
1.645000000000000000e+04 2.082425597064655379e-05
1.655000000000000000e+04 2.046319088381613920e-05
1.665000000000000000e+04 2.010953283556200563e-05
1.675000000000000000e+04 1.976311330272132469e-05
1.685000000000000000e+04 1.942376768505123686e-05
1.695000000000000000e+04 1.909133522747031892e-05
1.705000000000000000e+04 1.876565894240673685e-05
1.715000000000000000e+04 1.844658553239986493e-05
1.725000000000000000e+04 1.813396531308779941e-05
1.730979200000000128e+04 1.795006560782067895e-05
1.731209999999999854e+04 1.794301176881099032e-05
1.731440899999999965e+04 1.793595818780738835e-05
1.731671800000000076e+04 1.792890792003317693e-05
1.731902699999999822e+04 1.792186096373850796e-05
1.732133699999999953e+04 1.791481426737299537e-05
1.732364600000000064e+04 1.790777393022390635e-05
1.732595599999999831e+04 1.790073385237275799e-05
1.732826699999999983e+04 1.789369403636764222e-05
1.733057800000000134e+04 1.788665752882820709e-05
1.733288899999999921e+04 1.787962432800584795e-05
1.733520000000000073e+04 1.787259443215292917e-05
1.733751199999999881e+04 1.786556479973879695e-05
1.733982400000000052e+04 1.785853847165879988e-05
1.734213599999999860e+04 1.785151544616598332e-05
1.734444800000000032e+04 1.784449572151430743e-05
1.734676099999999860e+04 1.783747626188613206e-05
1.734907400000000052e+04 1.783046010246222007e-05
1.735000000000000000e+04 1.782765213669863322e-05
1.735138799999999901e+04 1.782344421027731813e-05
1.735370200000000114e+04 1.781643161765735943e-05
1.735601599999999962e+04 1.780942232285667682e-05
1.735833000000000175e+04 1.780241632413049425e-05
1.736064500000000044e+04 1.779541059421344638e-05
1.736295999999999913e+04 1.778840815973005714e-05
1.736527500000000146e+04 1.778140901893619419e-05
1.736759100000000035e+04 1.777441014883492502e-05
1.736990699999999924e+04 1.776741457178034514e-05
1.737222300000000178e+04 1.776042228602901001e-05
1.737454000000000087e+04 1.775343027284742581e-05
1.737685699999999997e+04 1.774644155032423001e-05
1.737917399999999907e+04 1.773945611671665573e-05
1.738149199999999837e+04 1.773247095754973502e-05
1.738380900000000111e+04 1.772549209796652598e-05
1.738612700000000041e+04 1.771851351217759290e-05
1.738844599999999991e+04 1.771153520269409370e-05
1.739076499999999942e+04 1.770456017908920648e-05
1.739308399999999892e+04 1.769758843962142812e-05
1.739540299999999843e+04 1.769061998255028209e-05
1.739772300000000178e+04 1.768365180331779105e-05
1.740004300000000148e+04 1.767668690583160755e-05
1.740236300000000119e+04 1.766972528835186832e-05
1.740468400000000111e+04 1.766276395056214739e-05
1.740700500000000102e+04 1.765580589212659097e-05
1.740932600000000093e+04 1.764885111130600327e-05
1.741164700000000084e+04 1.764189960636219814e-05
1.741396900000000096e+04 1.763494838262660944e-05
1.741629100000000108e+04 1.762800043411397858e-05
1.741861400000000140e+04 1.762105276897560019e-05
1.742093700000000172e+04 1.761410837840397982e-05
1.742325999999999840e+04 1.760716726066129725e-05
1.745000000000000000e+04 1.752750331615118444e-05
1.755000000000000000e+04 1.723337954985863335e-05
1.765000000000000000e+04 1.694514484731830432e-05
1.775000000000000000e+04 1.666266645556064064e-05
1.785000000000000000e+04 1.638581478652139785e-05
1.795000000000000000e+04 1.611446334539306136e-05
1.805000000000000000e+04 1.584848866000368111e-05
1.811985499999999956e+04 1.566581743177096708e-05
1.812227100000000064e+04 1.565954497517343841e-05
1.812468799999999828e+04 1.565327294240072029e-05
1.812710399999999936e+04 1.564700652173479654e-05
1.812952200000000084e+04 1.564073793224665597e-05
1.813193899999999849e+04 1.563447495156534056e-05
1.813435699999999997e+04 1.562821239559924352e-05
1.813677500000000146e+04 1.562195285454354355e-05
1.813919399999999951e+04 1.561569373989224216e-05
1.814161300000000119e+04 1.560943763934581629e-05
1.814403199999999924e+04 1.560318455125552647e-05
1.814645100000000093e+04 1.559693447397356497e-05
1.814887099999999919e+04 1.559068482397487328e-05
1.815000000000000000e+04 1.558777021126452977e-05
1.815129100000000108e+04 1.558443818397822940e-05
1.815371199999999953e+04 1.557819197294520606e-05
1.815613300000000163e+04 1.557194877110603575e-05
1.815855400000000009e+04 1.556570857681367306e-05
1.816097499999999854e+04 1.555947138842202467e-05
1.816339700000000084e+04 1.555323462986138566e-05
1.816581899999999951e+04 1.554700087639252076e-05
1.816824100000000180e+04 1.554077012637018027e-05
1.817066400000000067e+04 1.553453980744524135e-05
1.817308699999999953e+04 1.552831249115654835e-05
1.817551099999999860e+04 1.552208560763244477e-05
1.817793400000000111e+04 1.551586429292163498e-05
1.818035800000000017e+04 1.550964341016380796e-05
1.818278299999999945e+04 1.550342296142754014e-05
1.818520699999999852e+04 1.549720807533672292e-05
1.818763200000000143e+04 1.549099362245450639e-05
1.819005800000000090e+04 1.548477960484580102e-05
1.819248300000000017e+04 1.547857114371880947e-05
1.819490899999999965e+04 1.547236311705104243e-05
1.819733499999999913e+04 1.546615808400845618e-05
1.819976199999999881e+04 1.545995348707845192e-05
1.820218899999999849e+04 1.545375188295805769e-05
1.820461600000000180e+04 1.544755327000636738e-05
1.820704400000000169e+04 1.544135509440853842e-05
1.820947200000000157e+04 1.543515990916254158e-05
1.821190000000000146e+04 1.542896771262838895e-05
1.821432900000000154e+04 1.542277595468433547e-05
1.821675700000000143e+04 1.541658973188683845e-05
1.821918700000000172e+04 1.541040140083807121e-05
1.822161600000000180e+04 1.540421860165848666e-05
1.822404599999999846e+04 1.539803624189084008e-05
1.822647599999999875e+04 1.539185686592061691e-05
1.822890699999999924e+04 1.538567793099829791e-05
1.823133699999999953e+04 1.537950451893816222e-05
1.823376900000000023e+04 1.537332900844634489e-05
1.823620000000000073e+04 1.536715901754284383e-05
1.823863200000000143e+04 1.536098946849783376e-05
1.825000000000000000e+04 1.533219036472168532e-05
1.835000000000000000e+04 1.508163430324082012e-05
1.845000000000000000e+04 1.483598996084928767e-05
1.855000000000000000e+04 1.459514795775474832e-05
1.865000000000000000e+04 1.435900153655534163e-05
1.869413799999999901e+04 1.425623782085207740e-05
1.869663000000000102e+04 1.425046234973828396e-05
1.869912399999999980e+04 1.424468506832305647e-05
1.870161699999999837e+04 1.423891292614495173e-05
1.870411100000000079e+04 1.423314129094747391e-05
1.870660499999999956e+04 1.422737247706017274e-05
1.870909999999999854e+04 1.422160417152656938e-05
1.871159400000000096e+04 1.421584099666381588e-05
1.871409000000000015e+04 1.421007602014377913e-05
1.871658499999999913e+04 1.420431617114464274e-05
1.871908099999999831e+04 1.419855683097807931e-05
1.872157700000000114e+04 1.419280030719098161e-05
1.872407400000000052e+04 1.418704429360186045e-05
1.872657099999999991e+04 1.418129109550013193e-05
1.872906799999999930e+04 1.417554071131225788e-05
1.873156499999999869e+04 1.416979313946570300e-05
1.873406299999999828e+04 1.416404607828644527e-05
1.873656100000000151e+04 1.415830182855609142e-05
1.873906000000000131e+04 1.415255809085082347e-05
1.874155900000000111e+04 1.414681716370048557e-05
1.874405800000000090e+04 1.414107904553351823e-05
1.874655700000000070e+04 1.413534373477926823e-05
1.874905700000000070e+04 1.412960893650997018e-05
1.875000000000000000e+04 1.412744649965234396e-05
1.875155700000000070e+04 1.412387694475915476e-05
1.875405800000000090e+04 1.411814546684344995e-05
1.875655900000000111e+04 1.411241679455040065e-05
1.875906000000000131e+04 1.410669092631037858e-05
1.876156100000000151e+04 1.410096786055470415e-05
1.876406299999999828e+04 1.409524530908457718e-05
1.876656499999999869e+04 1.408952555920269966e-05
1.876906799999999930e+04 1.408380632494896935e-05
1.877157099999999991e+04 1.407808989138583686e-05
1.877407400000000052e+04 1.407237625694562207e-05
1.877657700000000114e+04 1.406666542006160710e-05
1.877908099999999831e+04 1.406095509924678262e-05
1.878158499999999913e+04 1.405524757509023698e-05
1.878409000000000015e+04 1.404954056833791586e-05
1.878659500000000116e+04 1.404383635734442114e-05
1.878909999999999854e+04 1.403813494054402768e-05
1.879160499999999956e+04 1.403243631637195390e-05
1.879411100000000079e+04 1.402673821003582548e-05
1.879661699999999837e+04 1.402104289542832545e-05
1.879912399999999980e+04 1.401534809998429165e-05
1.880163100000000122e+04 1.400965609536761438e-05
1.880413799999999901e+04 1.400396688001452345e-05
1.880664600000000064e+04 1.399827818469816599e-05
1.880915299999999843e+04 1.399259454429581713e-05
1.881166200000000026e+04 1.398690915758697768e-05
1.881416999999999825e+04 1.398122882266755070e-05
1.881667900000000009e+04 1.397554900820264434e-05
1.885000000000000000e+04 1.390038114787275167e-05
1.895000000000000000e+04 1.367770622030604194e-05
1.905000000000000000e+04 1.345932483535616510e-05
1.915000000000000000e+04 1.324514243300770939e-05
1.925000000000000000e+04 1.303506671830214058e-05
1.935000000000000000e+04 1.282900760601853241e-05
1.945000000000000000e+04 1.262687716655082101e-05
1.955000000000000000e+04 1.242858957297206239e-05
1.965000000000000000e+04 1.223406104927496632e-05
1.975000000000000000e+04 1.204320981977597397e-05
1.985000000000000000e+04 1.185595605966972484e-05
1.995000000000000000e+04 1.167222184671908658e-05
2.005000000000000000e+04 1.149193111406546213e-05
2.015000000000000000e+04 1.131500960414307550e-05
2.025000000000000000e+04 1.114138482368032783e-05
2.035000000000000000e+04 1.097098599977072396e-05
2.045000000000000000e+04 1.080374403699555983e-05
2.055000000000000000e+04 1.063959147557982227e-05
2.065000000000000000e+04 1.047846245056288016e-05
2.075000000000000000e+04 1.032029265196482709e-05
2.085000000000000000e+04 1.016501928592975636e-05
2.095000000000000000e+04 1.001258103682633220e-05
2.105000000000000000e+04 9.862918030286860007e-06
2.115000000000000000e+04 9.715971797165173855e-06
2.125000000000000000e+04 9.571685238394430427e-06
2.135000000000000000e+04 9.430002590725307325e-06
2.145000000000000000e+04 9.290869393325723656e-06
2.155000000000000000e+04 9.154232455223014511e-06
2.165000000000000000e+04 9.020039823569697601e-06
2.175000000000000000e+04 8.888240752714248147e-06
2.185000000000000000e+04 8.758785674058399765e-06
2.195000000000000000e+04 8.631626166682692378e-06
2.205000000000000000e+04 8.506714928722372733e-06
2.215000000000000000e+04 8.384005749475754798e-06
2.225000000000000000e+04 8.263453482227623356e-06
2.235000000000000000e+04 8.145014017770480937e-06
2.245000000000000000e+04 8.028644258606604253e-06
2.255000000000000000e+04 7.914302093814379454e-06
2.265000000000000000e+04 7.801946374562373636e-06
2.275000000000000000e+04 7.691536890255328506e-06
2.285000000000000000e+04 7.583034345296060501e-06
2.295000000000000000e+04 7.476400336448022467e-06
2.305000000000000000e+04 7.371597330783226083e-06
2.315000000000000000e+04 7.268588644200857826e-06
2.325000000000000000e+04 7.167338420501838224e-06
2.335000000000000000e+04 7.067811611005393262e-06
2.345000000000000000e+04 6.969973954693407785e-06
2.355000000000000000e+04 6.873791958869309907e-06
2.365000000000000000e+04 6.779232880317833107e-06
2.375000000000000000e+04 6.686264706952986945e-06
2.385000000000000000e+04 6.594856139941275935e-06
2.395000000000000000e+04 6.504976576287978629e-06
2.405000000000000000e+04 6.416596091874244740e-06
2.415000000000000000e+04 6.329685424933209444e-06
2.425000000000000000e+04 6.244215959953672117e-06
2.435000000000000000e+04 6.160159712000014697e-06
2.445000000000000000e+04 6.077489311437380414e-06
2.455000000000000000e+04 5.996177989051465682e-06
2.465000000000000000e+04 5.916199561552420270e-06
2.475000000000000000e+04 5.837528417452731986e-06
2.485000000000000000e+04 5.760139503309161055e-06
2.495000000000000000e+04 5.684008310319008693e-06
2.505000000000000000e+04 5.609110861261416091e-06
2.515000000000000000e+04 5.535423697774371353e-06
2.525000000000000000e+04 5.462923867958621176e-06
2.535000000000000000e+04 5.391588914299664578e-06
2.545000000000000000e+04 5.321396861899422716e-06
2.555000000000000000e+04 5.252326207009314372e-06
2.565000000000000000e+04 5.184355905856662334e-06
2.575000000000000000e+04 5.117465363756632038e-06
2.585000000000000000e+04 5.051634424502075801e-06
2.595000000000000000e+04 4.986843360023841441e-06
2.605000000000000000e+04 4.923072860314391256e-06
2.615000000000000000e+04 4.860304023607575628e-06
2.625000000000000000e+04 4.798518346807881542e-06
2.635000000000000000e+04 4.737697716162354351e-06
2.645000000000000000e+04 4.677824398168816327e-06
2.655000000000000000e+04 4.618881030714030936e-06
2.665000000000000000e+04 4.560850614435660839e-06
2.675000000000000000e+04 4.503716504302164090e-06
2.685000000000000000e+04 4.447462401404639143e-06
2.695000000000000000e+04 4.392072344955161256e-06
2.705000000000000000e+04 4.337530704485977500e-06
2.715000000000000000e+04 4.283822172244313027e-06
2.725000000000000000e+04 4.230931755777513256e-06
2.735000000000000000e+04 4.178844770703523650e-06
2.745000000000000000e+04 4.127546833661742615e-06
2.755000000000000000e+04 4.077023855439520231e-06
2.765000000000000000e+04 4.027262034269578921e-06
2.775000000000000000e+04 3.978247849293906580e-06
2.785000000000000000e+04 3.929968054189624432e-06
2.795000000000000000e+04 3.882409670952676606e-06
2.805000000000000000e+04 3.835559983835043580e-06
2.815000000000000000e+04 3.789406533431517513e-06
2.825000000000000000e+04 3.743937110912078723e-06
2.835000000000000000e+04 3.699139752396023554e-06
2.845000000000000000e+04 3.655002733464133199e-06
2.855000000000000000e+04 3.611514563805264118e-06
2.865000000000000000e+04 3.568663981993819439e-06
2.875000000000000000e+04 3.526439950394699243e-06
2.885000000000000000e+04 3.484831650192347955e-06
2.895000000000000000e+04 3.443828476540708059e-06
2.905000000000000000e+04 3.403420033830913519e-06
2.915000000000000000e+04 3.363596131073607075e-06
2.925000000000000000e+04 3.324346777392983312e-06
2.935000000000000000e+04 3.285662177629558149e-06
2.945000000000000000e+04 3.247532728048939830e-06
2.955000000000000000e+04 3.209949012153766427e-06
2.965000000000000000e+04 3.172901796596203509e-06
2.975000000000000000e+04 3.136382027188362629e-06
2.985000000000000000e+04 3.100380825008144435e-06
2.995000000000000000e+04 3.064889482598022034e-06
3.005000000000000000e+04 3.029899460254392521e-06
3.015000000000000000e+04 2.995402382405141477e-06
3.025000000000000000e+04 2.961390034073213492e-06
3.035000000000000000e+04 2.927854357423910640e-06
3.045000000000000000e+04 2.894787448393845760e-06
3.055000000000000000e+04 2.862181553399411815e-06
3.065000000000000000e+04 2.830029066122793722e-06
3.075000000000000000e+04 2.798322524373488938e-06
3.085000000000000000e+04 2.767054607023471628e-06
3.095000000000000000e+04 2.736218131014097563e-06
3.105000000000000000e+04 2.705806048432954027e-06
3.115000000000000000e+04 2.675811443658859043e-06
3.125000000000000000e+04 2.646227530573330224e-06
3.135000000000000000e+04 2.617047649836796177e-06
3.145000000000000000e+04 2.588265266227972414e-06
3.155000000000000000e+04 2.559873966044788190e-06
3.165000000000000000e+04 2.531867454565305715e-06
3.175000000000000000e+04 2.504239553567170617e-06
3.185000000000000000e+04 2.476984198904095251e-06
3.195000000000000000e+04 2.450095438137970468e-06
3.210000000000000000e+04 2.410436908242867094e-06
3.230000000000000000e+04 2.358788304199093932e-06
3.250000000000000000e+04 2.308504317793755311e-06
3.270000000000000000e+04 2.259542311221768883e-06
3.290000000000000000e+04 2.211861176445748268e-06
3.310000000000000000e+04 2.165421273560936594e-06
3.330000000000000000e+04 2.120184371899172269e-06
3.350000000000000000e+04 2.076113593739672776e-06
3.370000000000000000e+04 2.033173360501305650e-06
3.390000000000000000e+04 1.991329341297408008e-06
3.410000000000000000e+04 1.950548403740398418e-06
3.430000000000000000e+04 1.910798566889115738e-06
3.450000000000000000e+04 1.872048956237369717e-06
3.470000000000000000e+04 1.834269760647262506e-06
3.490000000000000000e+04 1.797432191135821021e-06
3.510000000000000000e+04 1.761508441428015712e-06
3.530000000000000000e+04 1.726471650193702436e-06
3.550000000000000000e+04 1.692295864890112525e-06
3.570000000000000000e+04 1.658956007135452951e-06
3.590000000000000000e+04 1.626427839542905644e-06
3.610000000000000000e+04 1.594687933947819823e-06
3.630000000000000000e+04 1.563713640964222166e-06
3.650000000000000000e+04 1.533483060809930337e-06
3.670000000000000000e+04 1.503975015342553697e-06
3.690000000000000000e+04 1.475169021251464854e-06
3.710000000000000000e+04 1.447045264353554043e-06
3.730000000000000000e+04 1.419584574943092921e-06
3.750000000000000000e+04 1.392768404148451819e-06
3.770000000000000000e+04 1.366578801250712055e-06
3.790000000000000000e+04 1.340998391921375696e-06
3.810000000000000000e+04 1.316010357338425411e-06
3.830000000000000000e+04 1.291598414141964432e-06
3.850000000000000000e+04 1.267746795192481012e-06
3.870000000000000000e+04 1.244440231096575979e-06
3.890000000000000000e+04 1.221663932466632692e-06
3.910000000000000000e+04 1.199403572882497522e-06
3.930000000000000000e+04 1.177645272524768954e-06
3.950000000000000000e+04 1.156375582450663665e-06
3.970000000000000000e+04 1.135581469484854143e-06
3.990000000000000000e+04 1.115250301698890237e-06
4.010000000000000000e+04 1.095369834454098572e-06
4.030000000000000000e+04 1.075928196983984352e-06
4.050000000000000000e+04 1.056913879493265238e-06
4.070000000000000000e+04 1.038315720751728540e-06
4.090000000000000000e+04 1.020122896162108794e-06
4.110000000000000000e+04 1.002324906282094635e-06
4.130000000000000000e+04 9.849115657815329570e-07
4.150000000000000000e+04 9.678729928166936546e-07
4.170000000000000000e+04 9.511995988043466343e-07
4.190000000000000000e+04 9.348820785791025939e-07
4.210000000000000000e+04 9.189114009182830928e-07
4.230000000000000000e+04 9.032787994192237737e-07
4.250000000000000000e+04 8.879757637146482328e-07
4.270000000000000000e+04 8.729940310123259128e-07
4.290000000000000000e+04 8.583255779458849016e-07
4.310000000000000000e+04 8.439626127242094578e-07
4.330000000000000000e+04 8.298975675673925920e-07
4.350000000000000000e+04 8.161230914177649289e-07
4.370000000000000000e+04 8.026320429149994305e-07
4.390000000000000000e+04 7.894174836247834786e-07
4.410000000000000000e+04 7.764726715109977900e-07
4.430000000000000000e+04 7.637910546417758445e-07
4.450000000000000000e+04 7.513662651202301211e-07
4.470000000000000000e+04 7.391921132310362093e-07
4.490000000000000000e+04 7.272625817944245854e-07
4.510000000000000000e+04 7.155718207195074046e-07
4.530000000000000000e+04 7.041141417491868872e-07
4.550000000000000000e+04 6.928840133892550430e-07
4.570000000000000000e+04 6.818760560145613984e-07
4.590000000000000000e+04 6.710850371454628263e-07
4.610000000000000000e+04 6.605058668880258104e-07
4.630000000000000000e+04 6.501335935317492015e-07
4.650000000000000000e+04 6.399633992987995701e-07
4.670000000000000000e+04 6.299905962390434808e-07
4.690000000000000000e+04 6.202106222653509637e-07
4.710000000000000000e+04 6.106190373239156149e-07
4.730000000000000000e+04 6.012115196945109267e-07
4.750000000000000000e+04 5.919838624158449140e-07
4.770000000000000000e+04 5.829319698313438738e-07
4.790000000000000000e+04 5.740518542509107307e-07
4.810000000000000000e+04 5.653396327243607592e-07
4.830000000000000000e+04 5.567915239224200084e-07
4.850000000000000000e+04 5.484038451213470901e-07
4.870000000000000000e+04 5.401730092873789646e-07
4.890000000000000000e+04 5.320955222573602825e-07
4.910000000000000000e+04 5.241679800120664004e-07
4.930000000000000000e+04 5.163870660388572442e-07
4.950000000000000000e+04 5.087495487804427649e-07
4.970000000000000000e+04 5.012522791666602708e-07
4.990000000000000000e+04 4.938921882262830321e-07
5.010000000000000000e+04 4.866662847760112691e-07
5.030000000000000000e+04 4.795716531838847249e-07
5.050000000000000000e+04 4.726054512044866283e-07
5.070000000000000000e+04 4.657649078833887351e-07
5.090000000000000000e+04 4.590473215284059870e-07
5.110000000000000000e+04 4.524500577453069372e-07
5.130000000000000000e+04 4.459705475357255633e-07
5.150000000000000000e+04 4.396062854550995007e-07
5.170000000000000000e+04 4.333548278285526863e-07
5.190000000000000000e+04 4.272137910227044660e-07
5.210000000000000000e+04 4.211808497714812342e-07
5.230000000000000000e+04 4.152537355540608859e-07
5.250000000000000000e+04 4.094302350231680316e-07
5.270000000000000000e+04 4.037081884819902794e-07
5.290000000000000000e+04 3.980854884080609058e-07
5.310000000000000000e+04 3.925600780225095112e-07
5.330000000000000000e+04 3.871299499031374185e-07
5.350000000000000000e+04 3.817931446398512849e-07
5.370000000000000000e+04 3.765477495310084559e-07
5.390000000000000000e+04 3.713918973193184425e-07
5.410000000000000000e+04 3.663237649659644292e-07
5.430000000000000000e+04 3.613415724616789771e-07
5.450000000000000000e+04 3.564435816735355601e-07
5.470000000000000000e+04 3.516280952262810445e-07
5.490000000000000000e+04 3.468934554170607500e-07
5.510000000000000000e+04 3.422380431624418818e-07
5.530000000000000000e+04 3.376602769766683382e-07
5.550000000000000000e+04 3.331586119801322543e-07
5.570000000000000000e+04 3.287315389370665939e-07
5.590000000000000000e+04 3.243775833215200656e-07
5.610000000000000000e+04 3.200953044106844799e-07
5.630000000000000000e+04 3.158832944047013620e-07
5.650000000000000000e+04 3.117401775720861761e-07
5.670000000000000000e+04 3.076646094199526158e-07
5.690000000000000000e+04 3.036552758882386318e-07
5.710000000000000000e+04 2.997108925671703314e-07
5.730000000000000000e+04 2.958302039372228627e-07
5.750000000000000000e+04 2.920119826308652377e-07
5.770000000000000000e+04 2.882550287153967531e-07
5.790000000000000000e+04 2.845581689962136870e-07
5.810000000000000000e+04 2.809202563398621026e-07
5.830000000000000000e+04 2.773401690162538722e-07
5.850000000000000000e+04 2.738168100594526288e-07
5.870000000000000000e+04 2.703491066464422791e-07
5.890000000000000000e+04 2.669360094933295728e-07
5.910000000000000000e+04 2.635764922684316912e-07
5.930000000000000000e+04 2.602695510217320064e-07
5.950000000000000000e+04 2.570142036301977501e-07
5.970000000000000000e+04 2.538094892584757767e-07
5.990000000000000000e+04 2.506544678344906019e-07
6.010000000000000000e+04 2.475482195394939862e-07
6.030000000000000000e+04 2.444898443121237572e-07
6.050000000000000000e+04 2.414784613660491973e-07
6.070000000000000000e+04 2.385132087207881126e-07
6.090000000000000000e+04 2.355932427453026112e-07
6.110000000000000000e+04 2.327177377139845641e-07
6.130000000000000000e+04 2.298858853746641968e-07
6.150000000000000000e+04 2.270968945282767124e-07
6.170000000000000000e+04 2.243499906198446924e-07
6.190000000000000000e+04 2.216444153404343397e-07
6.210000000000000000e+04 2.189794262397660182e-07
6.230000000000000000e+04 2.163542963491576694e-07
6.250000000000000000e+04 2.137683138145033179e-07
6.270000000000000000e+04 2.112207815389845962e-07
6.290000000000000000e+04 2.087110168352363198e-07
6.310000000000000000e+04 2.062383510866858544e-07
6.330000000000000000e+04 2.038021294177993508e-07
6.350000000000000000e+04 2.014017103729771404e-07
6.370000000000000000e+04 1.990364656038474611e-07
6.390000000000000000e+04 1.967057795647141730e-07
6.420000000000000000e+04 1.932732323238801542e-07
6.460000000000000000e+04 1.888119315214781879e-07
6.500000000000000000e+04 1.844783997101365782e-07
6.540000000000000000e+04 1.802682785509127825e-07
6.580000000000000000e+04 1.761773818507224728e-07
6.620000000000000000e+04 1.722016878501689794e-07
6.660000000000000000e+04 1.683373318971161692e-07
6.700000000000000000e+04 1.645805994847282470e-07
6.740000000000000000e+04 1.609279196339871351e-07
6.780000000000000000e+04 1.573758586018884637e-07
6.820000000000000000e+04 1.539211138976436740e-07
6.860000000000000000e+04 1.505605085902557391e-07
6.900000000000000000e+04 1.472909858918235106e-07
6.940000000000000000e+04 1.441096040018407920e-07
6.980000000000000000e+04 1.410135311986206374e-07
7.020000000000000000e+04 1.380000411647758154e-07
7.060000000000000000e+04 1.350665085344462275e-07
7.100000000000000000e+04 1.322104046506664377e-07
7.140000000000000000e+04 1.294292935219313437e-07
7.180000000000000000e+04 1.267208279676429957e-07
7.220000000000000000e+04 1.240827459427003571e-07
7.260000000000000000e+04 1.215128670320464376e-07
7.300000000000000000e+04 1.190090891064997908e-07
7.340000000000000000e+04 1.165693851316810755e-07
7.380000000000000000e+04 1.141918001222993122e-07
7.420000000000000000e+04 1.118744482344909702e-07
7.460000000000000000e+04 1.096155099893040282e-07
7.500000000000000000e+04 1.074132296207992157e-07
7.540000000000000000e+04 1.052659125425936718e-07
7.580000000000000000e+04 1.031719229270080782e-07
7.620000000000000000e+04 1.011296813912917674e-07
7.660000000000000000e+04 9.913766278569755994e-08
7.700000000000000000e+04 9.719439407845620491e-08
7.740000000000000000e+04 9.529845233296413441e-08
7.780000000000000000e+04 9.344846277274547021e-08
7.820000000000000000e+04 9.164309692998162608e-08
7.860000000000000000e+04 8.988107087362584948e-08
7.900000000000000000e+04 8.816114351332240768e-08
7.940000000000000000e+04 8.648211497555145279e-08
7.980000000000000000e+04 8.484282504860087239e-08
8.020000000000000000e+04 8.324215169314519620e-08
8.060000000000000000e+04 8.167900961537346547e-08
8.100000000000000000e+04 8.015234889976525511e-08
8.140000000000000000e+04 7.866115369876021816e-08
8.180000000000000000e+04 7.720444097670749983e-08
8.220000000000000000e+04 7.578125930560949591e-08
8.260000000000000000e+04 7.439068771030225222e-08
8.300000000000000000e+04 7.303183456082924456e-08
8.340000000000000000e+04 7.170383650988003768e-08
8.380000000000000000e+04 7.040585747326532525e-08
8.420000000000000000e+04 6.913708765150573137e-08
8.460000000000000000e+04 6.789674259069979308e-08
8.500000000000000000e+04 6.668406228093149017e-08
8.540000000000000000e+04 6.549831029055695236e-08
8.580000000000000000e+04 6.433877293479446574e-08
8.620000000000000000e+04 6.320475847711530054e-08
8.660000000000000000e+04 6.209559636200477480e-08
8.700000000000000000e+04 6.101063647773303355e-08
8.740000000000000000e+04 5.994924844783750532e-08
8.780000000000000000e+04 5.891082095008147951e-08
8.820000000000000000e+04 5.789476106171191864e-08
8.860000000000000000e+04 5.690049362989325366e-08
8.900000000000000000e+04 5.592746066624759795e-08
8.940000000000000000e+04 5.497512076448131421e-08
8.980000000000000000e+04 5.404294854012489177e-08
9.020000000000000000e+04 5.313043409145832226e-08
9.060000000000000000e+04 5.223708248073532219e-08
9.100000000000000000e+04 5.136241323486365076e-08
9.140000000000000000e+04 5.050595986473273227e-08
9.180000000000000000e+04 4.966726940242016553e-08
9.220000000000000000e+04 4.884590195554130654e-08
9.260000000000000000e+04 4.804143027804073341e-08
9.300000000000000000e+04 4.725343935675349288e-08
9.340000000000000000e+04 4.648152601309759108e-08
9.380000000000000000e+04 4.572529851928319971e-08
9.420000000000000000e+04 4.498437622845603065e-08
9.460000000000000000e+04 4.425838921821320350e-08
9.500000000000000000e+04 4.354697794695915985e-08
9.540000000000000000e+04 4.284979292258837524e-08
9.580000000000000000e+04 4.216649438300758664e-08
9.620000000000000000e+04 4.149675198802854385e-08
9.660000000000000000e+04 4.084024452218423686e-08
9.700000000000000000e+04 4.019665960804060243e-08
9.740000000000000000e+04 3.956569342959339551e-08
9.780000000000000000e+04 3.894705046535807547e-08
9.820000000000000000e+04 3.834044323077710777e-08
9.860000000000000000e+04 3.774559202958502942e-08
9.900000000000000000e+04 3.716222471378645648e-08
9.940000000000000000e+04 3.659007645191774956e-08
9.980000000000000000e+04 3.602888950527515649e-08
1.000000000000000000e+05 3.575232786791018170e-08
1.009000000000000000e+05 3.454012033831602561e-08
1.019000000000000000e+05 3.325282126918536919e-08
1.028000000000000000e+05 3.214511616125500069e-08
1.038000000000000000e+05 3.096784975980653786e-08
1.047000000000000000e+05 2.995402686459766411e-08
1.057000000000000000e+05 2.887570419687177660e-08
1.067000000000000000e+05 2.784544355743249951e-08
1.076000000000000000e+05 2.695719417538663883e-08
1.086000000000000000e+05 2.601136525633467345e-08
1.096000000000000000e+05 2.510663452184648390e-08
1.107000000000000000e+05 2.415636880837579578e-08
1.117000000000000000e+05 2.333118406388413944e-08
1.127000000000000000e+05 2.254091788329472864e-08
1.138000000000000000e+05 2.170986176239832428e-08
1.148000000000000000e+05 2.098732636379342058e-08
1.159000000000000000e+05 2.022689449025127367e-08
1.169000000000000000e+05 1.956524517604871958e-08
1.180000000000000000e+05 1.886835972828231211e-08
1.191000000000000000e+05 1.820221331485969749e-08
1.202000000000000000e+05 1.756519389200143750e-08
1.213000000000000000e+05 1.695578714411751557e-08
1.225000000000000000e+05 1.632080176406496872e-08
1.236000000000000000e+05 1.576463087653747424e-08
1.247000000000000000e+05 1.523194076197381373e-08
1.259000000000000000e+05 1.467622032247107034e-08
1.271000000000000000e+05 1.414560383739489080e-08
1.282000000000000000e+05 1.368010564145629680e-08
1.294000000000000000e+05 1.319390853266881290e-08
1.306000000000000000e+05 1.272911229060250075e-08
1.318000000000000000e+05 1.228459682814702495e-08
1.330000000000000000e+05 1.185930983368233960e-08
1.343000000000000000e+05 1.141913521753806992e-08
1.355000000000000000e+05 1.103079862181763639e-08
1.368000000000000000e+05 1.062853964751809263e-08
1.380000000000000000e+05 1.027336840249761268e-08
1.393000000000000000e+05 9.905173884266621946e-09
1.406000000000000000e+05 9.553322258400117290e-09
1.419000000000000000e+05 9.216950995549035434e-09
1.432000000000000000e+05 8.895250193778630610e-09
1.445000000000000000e+05 8.587458941745664874e-09
1.459000000000000000e+05 8.270727603551969071e-09
1.472000000000000000e+05 7.989588637736659779e-09
1.486000000000000000e+05 7.700049011928209328e-09
1.500000000000000000e+05 7.423503697113268493e-09
1.514000000000000000e+05 7.159259319682888957e-09
1.528000000000000000e+05 6.906665277177392322e-09
1.542000000000000000e+05 6.665110750264377868e-09
1.556000000000000000e+05 6.434021947451064738e-09
1.570000000000000000e+05 6.212859562568220949e-09
1.585000000000000000e+05 5.986339563378742807e-09
1.600000000000000000e+05 5.770047189858433868e-09
1.614000000000000000e+05 5.576917042180819765e-09
1.629000000000000000e+05 5.378871337811298535e-09
1.644000000000000000e+05 5.189537238976352783e-09
1.660000000000000000e+05 4.996670049247471495e-09
1.675000000000000000e+05 4.823926830909642300e-09
1.690000000000000000e+05 4.658582902631038965e-09
1.706000000000000000e+05 4.489947348109999599e-09
1.722000000000000000e+05 4.328872128778231426e-09
1.738000000000000000e+05 4.174954215249929521e-09
1.754000000000000000e+05 4.027815417301158769e-09
1.770000000000000000e+05 3.887100649980041940e-09
1.786000000000000000e+05 3.752476334670724381e-09
1.803000000000000000e+05 3.615760944710236877e-09
1.820000000000000000e+05 3.485214317523101143e-09
1.837000000000000000e+05 3.360505499140685719e-09
1.854000000000000000e+05 3.241324062677879383e-09
1.871000000000000000e+05 3.127378666359627423e-09
1.888000000000000000e+05 3.018395724488777691e-09
1.905000000000000000e+05 2.914118181613030342e-09
1.923000000000000000e+05 2.808567063286520183e-09
1.941000000000000000e+05 2.707751086196614422e-09
1.959000000000000000e+05 2.611417655397539757e-09
1.977000000000000000e+05 2.519329754917292350e-09
1.995000000000000000e+05 2.431264859440839013e-09
2.014000000000000000e+05 2.342441148566127472e-09
2.032000000000000000e+05 2.262003159358628823e-09
2.051000000000000000e+05 2.180806156765461067e-09
2.070000000000000000e+05 2.103219470004463486e-09
2.089000000000000000e+05 2.029052194940074172e-09
2.109000000000000000e+05 1.954478612445420378e-09
2.128000000000000000e+05 1.886780533832709580e-09
2.148000000000000000e+05 1.818655451173732895e-09
2.168000000000000000e+05 1.753577099334066216e-09
2.188000000000000000e+05 1.691383443087010155e-09
2.208000000000000000e+05 1.631922411205295075e-09
2.228000000000000000e+05 1.575051202418035072e-09
2.249000000000000000e+05 1.517977032981340255e-09
2.270000000000000000e+05 1.463464497333736963e-09
2.291000000000000000e+05 1.411376874811827140e-09
2.312000000000000000e+05 1.361585881824130016e-09
2.333000000000000000e+05 1.313971082098819860e-09
2.355000000000000000e+05 1.266299835361416768e-09
2.377000000000000000e+05 1.220770787016198559e-09
2.399000000000000000e+05 1.177269464198353423e-09
2.421000000000000000e+05 1.135688466754887989e-09
2.443000000000000000e+05 1.095926972262224105e-09
2.466000000000000000e+05 1.056200858033429004e-09
2.489000000000000000e+05 1.018258398159623499e-09
2.512000000000000000e+05 9.820043585228189022e-10
2.535000000000000000e+05 9.473493842621932453e-10
2.559000000000000000e+05 9.128018631966697778e-10
2.582000000000000000e+05 8.811591868751261910e-10
2.606000000000000000e+05 8.495887867796424076e-10
2.630000000000000000e+05 8.194195733254775072e-10
2.655000000000000000e+05 7.894035967001562929e-10
2.679000000000000000e+05 7.618703486655731946e-10
2.704000000000000000e+05 7.344542676357401501e-10
2.729000000000000000e+05 7.082602837055887143e-10
2.754000000000000000e+05 6.832236097631996944e-10
2.780000000000000000e+05 6.583478101839954406e-10
2.805000000000000000e+05 6.354874414597133386e-10
2.831000000000000000e+05 6.127553562405780301e-10
2.858000000000000000e+05 5.902144243908496551e-10
2.884000000000000000e+05 5.694796048841619168e-10
2.911000000000000000e+05 5.489019193540198237e-10
2.938000000000000000e+05 5.292452766372845474e-10
2.965000000000000000e+05 5.104606497897647201e-10
2.992000000000000000e+05 4.925020294694950047e-10
3.020000000000000000e+05 4.747045683548783963e-10
3.048000000000000000e+05 4.577037708120565184e-10
3.076000000000000000e+05 4.414572271120573063e-10
3.105000000000000000e+05 4.253831583271490626e-10
3.133000000000000000e+05 4.105516725053566143e-10
3.162000000000000000e+05 3.958655662542881270e-10
3.192000000000000000e+05 3.813574811572873096e-10
3.221000000000000000e+05 3.679593664543927970e-10
3.251000000000000000e+05 3.547126126261026647e-10
3.281000000000000000e+05 3.420566100437958535e-10
3.311000000000000000e+05 3.299600264385485870e-10
3.342000000000000000e+05 3.180166993294902766e-10
3.373000000000000000e+05 3.066088668248533848e-10
3.404000000000000000e+05 2.957079755495363347e-10
3.436000000000000000e+05 2.849587857705016094e-10
3.467000000000000000e+05 2.750073116758560047e-10
3.499000000000000000e+05 2.651862528897270720e-10
3.532000000000000000e+05 2.555131150417350876e-10
3.565000000000000000e+05 2.462770176944721286e-10
3.597000000000000000e+05 2.377159689758083020e-10
3.631000000000000000e+05 2.290234781973763633e-10
3.664000000000000000e+05 2.209633470088531382e-10
3.698000000000000000e+05 2.130263761852090885e-10
3.733000000000000000e+05 2.052246791570624275e-10
3.767000000000000000e+05 1.979849330854402047e-10
3.802000000000000000e+05 1.908626165689932564e-10
3.837000000000000000e+05 1.840576990442788282e-10
3.873000000000000000e+05 1.773717770185834546e-10
3.908000000000000000e+05 1.711601353134026692e-10
3.945000000000000000e+05 1.648863366480734855e-10
3.981000000000000000e+05 1.590556194292582208e-10
4.018000000000000000e+05 1.533290097183627204e-10
4.055000000000000000e+05 1.478578112294970768e-10
4.093000000000000000e+05 1.424903780272784930e-10
4.130000000000000000e+05 1.374962123515819276e-10
4.169000000000000000e+05 1.324666618646050688e-10
4.207000000000000000e+05 1.277853641536114639e-10
4.246000000000000000e+05 1.231939087595061981e-10
4.285000000000000000e+05 1.188068261238681943e-10
4.325000000000000000e+05 1.145082239322604183e-10
4.365000000000000000e+05 1.104022810328723706e-10
4.406000000000000000e+05 1.063828916751489198e-10
4.446000000000000000e+05 1.026362933010367253e-10
4.487000000000000000e+05 9.896562470051617970e-11
4.529000000000000000e+05 9.537398703421285929e-11
4.571000000000000000e+05 9.194381006073344576e-11
4.613000000000000000e+05 8.866646172733835680e-11
4.656000000000000000e+05 8.546095800137210387e-11
4.699000000000000000e+05 8.239900820531654554e-11
4.742000000000000000e+05 7.947296654982474717e-11
4.786000000000000000e+05 7.661208127874655421e-11
4.831000000000000000e+05 7.381808372492698330e-11
4.875000000000000000e+05 7.120826119347966808e-11
4.920000000000000000e+05 6.865732559024538793e-11
4.966000000000000000e+05 6.616666836682396214e-11
5.012000000000000000e+05 6.378793198178841878e-11
5.058000000000000000e+05 6.151513528606625008e-11
5.105000000000000000e+05 5.929651335817747851e-11
5.152000000000000000e+05 5.717701520451899665e-11
5.200000000000000000e+05 5.510925794365663361e-11
5.248000000000000000e+05 5.313413259405776973e-11
5.297000000000000000e+05 5.120828130546807413e-11
5.346000000000000000e+05 4.936889624158604892e-11
5.395000000000000000e+05 4.761136049119517077e-11
5.445000000000000000e+05 4.589783430093648940e-11
5.495000000000000000e+05 4.426070463025001160e-11
5.546000000000000000e+05 4.266533617512758599e-11
5.598000000000000000e+05 4.111200520679297671e-11
5.649000000000000000e+05 3.965661246612939791e-11
5.702000000000000000e+05 3.821173774473601607e-11
5.754000000000000000e+05 3.685752054079362939e-11
5.808000000000000000e+05 3.551411225757244684e-11
5.861000000000000000e+05 3.425457924877149786e-11
5.916000000000000000e+05 3.300599482189792564e-11
5.970000000000000000e+05 3.183497497842843266e-11
6.026000000000000000e+05 3.067491826897030462e-11
6.081000000000000000e+05 2.958656042278380759e-11
6.138000000000000000e+05 2.850907782494606876e-11
6.194000000000000000e+05 2.749784728913939004e-11
6.252000000000000000e+05 2.649732126323164766e-11
6.310000000000000000e+05 2.554188937542093070e-11
6.368000000000000000e+05 2.462913460315438977e-11
6.427000000000000000e+05 2.374209092121792465e-11
6.486000000000000000e+05 2.289462426581540258e-11
6.546000000000000000e+05 2.207121723538707351e-11
6.607000000000000000e+05 2.127168404133931156e-11
6.668000000000000000e+05 2.050802872523193438e-11
6.730000000000000000e+05 1.976664714268162451e-11
6.792000000000000000e+05 1.905846631463467323e-11
6.855000000000000000e+05 1.837105097099900525e-11
6.918000000000000000e+05 1.771435043850502181e-11
6.982000000000000000e+05 1.707699635278268117e-11
7.047000000000000000e+05 1.645875292768297364e-11
7.112000000000000000e+05 1.586823572083991907e-11
7.178000000000000000e+05 1.529548246750745495e-11
7.244000000000000000e+05 1.474833874131197968e-11
7.311000000000000000e+05 1.421769977348534320e-11
7.379000000000000000e+05 1.370331821979273851e-11
7.447000000000000000e+05 1.321198967548666124e-11
7.516000000000000000e+05 1.273573788432064408e-11
7.586000000000000000e+05 1.227430976134345559e-11
7.656000000000000000e+05 1.183359091051366226e-11
7.727000000000000000e+05 1.140659692498584112e-11
7.798000000000000000e+05 1.099868933503015893e-11
7.870000000000000000e+05 1.060348723575832569e-11
7.943000000000000000e+05 1.022075177163891784e-11
8.017000000000000000e+05 9.850236032103103286e-12
8.091000000000000000e+05 9.496358616519448861e-12
8.166000000000000000e+05 9.153765612438665015e-12
8.241000000000000000e+05 8.826483413580592442e-12
8.318000000000000000e+05 8.505548550073758634e-12
8.395000000000000000e+05 8.199068539215227343e-12
8.472000000000000000e+05 7.906269124573395225e-12
8.551000000000000000e+05 7.619321679658694588e-12
8.630000000000000000e+05 7.345274781882245480e-12
8.710000000000000000e+05 7.080199729996382042e-12
8.790000000000000000e+05 6.826974915035436560e-12
8.872000000000000000e+05 6.579058716903765494e-12
8.954000000000000000e+05 6.342294564110067720e-12
9.036000000000000000e+05 6.116085855794186601e-12
9.120000000000000000e+05 5.894719786111512342e-12
9.204000000000000000e+05 5.683278812509774014e-12
9.290000000000000000e+05 5.476533471835340946e-12
9.376000000000000000e+05 5.279104334011505992e-12
9.462000000000000000e+05 5.090492152117701195e-12
9.550000000000000000e+05 4.906132193895494195e-12
9.638000000000000000e+05 4.730043224947290007e-12
9.727000000000000000e+05 4.559915275210968538e-12
9.817000000000000000e+05 4.395582950921715304e-12
9.908000000000000000e+05 4.236882513885693379e-12
1.000000000000000000e+06 4.083652118339174452e-12
1.009000000000000000e+06 3.940398075475581345e-12
1.019000000000000000e+06 3.788515898539698409e-12
1.028000000000000000e+06 3.658030744199067933e-12
1.038000000000000000e+06 3.519567113783210036e-12
1.047000000000000000e+06 3.400509126071397930e-12
1.057000000000000000e+06 3.274066271994464966e-12
1.067000000000000000e+06 3.153446121443821544e-12
1.076000000000000000e+06 3.049602470218825444e-12
1.086000000000000000e+06 2.939183821869588478e-12
1.096000000000000000e+06 2.833717705102829994e-12
1.107000000000000000e+06 2.723110341221079143e-12
1.117000000000000000e+06 2.627204040939622027e-12
1.127000000000000000e+06 2.535482992418083641e-12
1.138000000000000000e+06 2.439164891150023586e-12
1.148000000000000000e+06 2.355541211144231358e-12
1.159000000000000000e+06 2.267652019857943898e-12
1.169000000000000000e+06 2.191282847336592688e-12
1.180000000000000000e+06 2.110952726423122607e-12
1.191000000000000000e+06 2.034270107861579908e-12
1.202000000000000000e+06 1.961038041074741363e-12
1.213000000000000000e+06 1.891071871502250837e-12
1.225000000000000000e+06 1.818266617999167747e-12
1.236000000000000000e+06 1.754581837997590974e-12
1.247000000000000000e+06 1.693660992062174556e-12
1.259000000000000000e+06 1.630186687356681518e-12
1.271000000000000000e+06 1.569658285063236804e-12
1.282000000000000000e+06 1.516622790057742668e-12
1.294000000000000000e+06 1.461295210163765388e-12
1.306000000000000000e+06 1.408467759805187611e-12
1.318000000000000000e+06 1.358006086073736605e-12
1.330000000000000000e+06 1.309784184322001867e-12
1.343000000000000000e+06 1.259934346330442980e-12
1.355000000000000000e+06 1.216007220159671461e-12
1.368000000000000000e+06 1.170558008266813021e-12
1.380000000000000000e+06 1.130474729835844708e-12
1.393000000000000000e+06 1.088968103621490696e-12
1.406000000000000000e+06 1.049349058097670292e-12
1.419000000000000000e+06 1.011515515165415394e-12
1.432000000000000000e+06 9.753717793558294333e-13
1.445000000000000000e+06 9.408280857795851389e-13
1.459000000000000000e+06 9.053200589181742168e-13
1.472000000000000000e+06 8.738362035256098410e-13
1.486000000000000000e+06 8.414458552884169219e-13
1.500000000000000000e+06 8.105424522828778318e-13
1.514000000000000000e+06 7.810448281199684884e-13
1.528000000000000000e+06 7.528769386650006578e-13
1.542000000000000000e+06 7.259674959117373264e-13
1.556000000000000000e+06 7.002496310361262116e-13
1.570000000000000000e+06 6.756605840684465872e-13
1.585000000000000000e+06 6.505009326901433956e-13
1.600000000000000000e+06 6.265015435664264772e-13
1.614000000000000000e+06 6.050927442989642581e-13
1.629000000000000000e+06 5.831596936602060064e-13
1.644000000000000000e+06 5.622114670961710343e-13
1.660000000000000000e+06 5.408929943130652781e-13
1.675000000000000000e+06 5.218170720292950518e-13
1.690000000000000000e+06 5.035747315381959543e-13
1.706000000000000000e+06 4.849862546205658668e-13
1.722000000000000000e+06 4.672476121907836790e-13
1.738000000000000000e+06 4.503126040994096385e-13
1.754000000000000000e+06 4.341379340348004909e-13
1.770000000000000000e+06 4.186830027939613556e-13
1.786000000000000000e+06 4.039097179641197841e-13
1.803000000000000000e+06 3.889200236356794654e-13
1.820000000000000000e+06 3.746192838449292077e-13
1.837000000000000000e+06 3.609698467807227038e-13
1.854000000000000000e+06 3.479364395557500550e-13
1.871000000000000000e+06 3.354859979689921809e-13
1.888000000000000000e+06 3.235875098514782609e-13
1.905000000000000000e+06 3.122118708017571968e-13
1.923000000000000000e+06 3.007066188754825063e-13
1.941000000000000000e+06 2.897264892180278389e-13
1.959000000000000000e+06 2.792429814915018361e-13
1.977000000000000000e+06 2.692293837643071576e-13
1.995000000000000000e+06 2.596606453983359881e-13
2.014000000000000000e+06 2.500169765084251379e-13
2.032000000000000000e+06 2.412904367117038181e-13
2.051000000000000000e+06 2.324881642494082876e-13
2.070000000000000000e+06 2.240836390886525902e-13
2.089000000000000000e+06 2.160554872998911667e-13
2.109000000000000000e+06 2.079893915532661899e-13
2.128000000000000000e+06 2.006723486563948252e-13
2.148000000000000000e+06 1.933144567369297417e-13
2.168000000000000000e+06 1.862907267241732153e-13
2.188000000000000000e+06 1.795831115995745815e-13
2.208000000000000000e+06 1.731746912824175840e-13
2.228000000000000000e+06 1.670495929184290020e-13
2.249000000000000000e+06 1.609068750916942951e-13
2.270000000000000000e+06 1.550439278229898248e-13
2.291000000000000000e+06 1.494455988570072861e-13
2.312000000000000000e+06 1.440976847665758496e-13
2.333000000000000000e+06 1.389868636529995815e-13
2.355000000000000000e+06 1.338733547343687956e-13
2.377000000000000000e+06 1.289928633043467877e-13
2.399000000000000000e+06 1.243327626641875671e-13
2.421000000000000000e+06 1.198812172019552498e-13
2.443000000000000000e+06 1.156271262526181348e-13
2.466000000000000000e+06 1.113794895611368036e-13
2.489000000000000000e+06 1.073251232440670476e-13
2.512000000000000000e+06 1.034535699678588703e-13
2.535000000000000000e+06 9.975502660643024031e-14
2.559000000000000000e+06 9.607019470030260149e-14
2.582000000000000000e+06 9.269721013814182174e-14
2.606000000000000000e+06 8.933390283256947997e-14
2.630000000000000000e+06 8.612175860341048754e-14
2.655000000000000000e+06 8.292781136885588761e-14
2.679000000000000000e+06 7.999974114824406896e-14
2.704000000000000000e+06 7.708578497520349963e-14
2.729000000000000000e+06 7.430330327253455610e-14
2.754000000000000000e+06 7.164524146821859069e-14
2.780000000000000000e+06 6.900573348164900229e-14
2.805000000000000000e+06 6.658140777646740604e-14
2.831000000000000000e+06 6.417198313928232487e-14
2.858000000000000000e+06 6.178413006139602582e-14
2.884000000000000000e+06 5.958878925693691802e-14
2.911000000000000000e+06 5.741123660799087369e-14
2.938000000000000000e+06 5.533224924738093121e-14
2.965000000000000000e+06 5.334652153687141498e-14
2.992000000000000000e+06 5.144907806350384539e-14
3.020000000000000000e+06 4.956961933173011195e-14
3.048000000000000000e+06 4.777520399628757466e-14
3.076000000000000000e+06 4.606125582496627632e-14
3.105000000000000000e+06 4.436634900004709083e-14
3.133000000000000000e+06 4.280323072993345979e-14
3.162000000000000000e+06 4.125617824437150673e-14
3.192000000000000000e+06 3.972862505567069008e-14
3.221000000000000000e+06 3.831861691734317721e-14
3.251000000000000000e+06 3.692519370307941411e-14
3.281000000000000000e+06 3.559453683918792147e-14
3.311000000000000000e+06 3.432328393588805105e-14
3.342000000000000000e+06 3.306871444932820692e-14
3.373000000000000000e+06 3.187094530909521695e-14
3.404000000000000000e+06 3.072691832343476808e-14
3.436000000000000000e+06 2.959931891181928929e-14
3.467000000000000000e+06 2.855586117528029324e-14
3.499000000000000000e+06 2.752652388900283874e-14
3.532000000000000000e+06 2.651313458850358858e-14
3.565000000000000000e+06 2.554595392790685874e-14
3.597000000000000000e+06 2.464984147064658782e-14
3.631000000000000000e+06 2.374035348170894514e-14
3.664000000000000000e+06 2.289738270714277266e-14
3.698000000000000000e+06 2.206763450856756979e-14
3.733000000000000000e+06 2.125236761908850977e-14
3.767000000000000000e+06 2.049613307698837504e-14
3.802000000000000000e+06 1.975246308140554753e-14
3.837000000000000000e+06 1.904221782229312558e-14
3.873000000000000000e+06 1.834466984034502171e-14
3.908000000000000000e+06 1.769685697139307702e-14
3.945000000000000000e+06 1.704281586152023305e-14
3.981000000000000000e+06 1.643520094122846463e-14
4.018000000000000000e+06 1.583866145760558609e-14
4.055000000000000000e+06 1.526894337041164671e-14
4.093000000000000000e+06 1.471024037052316044e-14
4.130000000000000000e+06 1.419058305821572263e-14
4.169000000000000000e+06 1.366743577956391399e-14
4.207000000000000000e+06 1.318068963143304401e-14
4.246000000000000000e+06 1.270345595542691799e-14
4.285000000000000000e+06 1.224762710663017033e-14
4.325000000000000000e+06 1.180114972599466498e-14
4.365000000000000000e+06 1.137483315443542143e-14
4.406000000000000000e+06 1.095764931294895633e-14
4.446000000000000000e+06 1.056891277103646018e-14
4.487000000000000000e+06 1.018818283783820647e-14
4.529000000000000000e+06 9.815776454066866071e-15
4.571000000000000000e+06 9.460231245855134755e-15
4.613000000000000000e+06 9.120639359184079539e-15
4.656000000000000000e+06 8.788600907525823657e-15
4.699000000000000000e+06 8.471535764685319806e-15
4.742000000000000000e+06 8.168640921886646030e-15
4.786000000000000000e+06 7.872585007202374720e-15
4.831000000000000000e+06 7.583543191629065987e-15
4.875000000000000000e+06 7.313639085875617878e-15
4.920000000000000000e+06 7.049906121014550970e-15
4.966000000000000000e+06 6.792484635115715874e-15
5.012000000000000000e+06 6.546706039132693345e-15
5.058000000000000000e+06 6.311944096613985570e-15
5.105000000000000000e+06 6.082846362429862468e-15
5.152000000000000000e+06 5.864049087250160720e-15
5.200000000000000000e+06 5.650655757245975522e-15
5.248000000000000000e+06 5.446881474126631977e-15
5.297000000000000000e+06 5.248248225172644930e-15
5.346000000000000000e+06 5.058587519894969164e-15
5.395000000000000000e+06 4.877417359720445015e-15
5.445000000000000000e+06 4.700833064784261281e-15
5.495000000000000000e+06 4.532168351843972566e-15
5.546000000000000000e+06 4.367851154320948489e-15
5.598000000000000000e+06 4.207907591916049082e-15
5.649000000000000000e+06 4.058088945111949451e-15
5.702000000000000000e+06 3.909392750323988828e-15
5.754000000000000000e+06 3.770063288873858232e-15
5.808000000000000000e+06 3.631882165381783992e-15
5.861000000000000000e+06 3.502362028147626413e-15
5.916000000000000000e+06 3.374000819921219074e-15
5.970000000000000000e+06 3.253644400705356970e-15
6.026000000000000000e+06 3.134444899407374174e-15
6.081000000000000000e+06 3.022640697305604969e-15
6.138000000000000000e+06 2.911981131232458131e-15
6.194000000000000000e+06 2.808151302458109757e-15
6.252000000000000000e+06 2.705445566583976513e-15
6.310000000000000000e+06 2.607392658607971577e-15
6.368000000000000000e+06 2.513741913064547666e-15
6.427000000000000000e+06 2.422750679910093177e-15
6.486000000000000000e+06 2.335839513029485606e-15
6.546000000000000000e+06 2.251415308425866190e-15
6.607000000000000000e+06 2.169457839710816558e-15
6.668000000000000000e+06 2.091195997690586104e-15
6.730000000000000000e+06 2.015234036403670177e-15
6.792000000000000000e+06 1.942690079915815530e-15
6.855000000000000000e+06 1.872288886840049323e-15
6.918000000000000000e+06 1.805048084937439746e-15
6.982000000000000000e+06 1.739802365766745148e-15
7.047000000000000000e+06 1.676526694852612633e-15
7.112000000000000000e+06 1.616101673494966067e-15
7.178000000000000000e+06 1.557506770233488756e-15
7.244000000000000000e+06 1.501543548886643618e-15
7.311000000000000000e+06 1.447279721031700664e-15
7.379000000000000000e+06 1.394689257470099139e-15
7.447000000000000000e+06 1.344465995338823317e-15
7.516000000000000000e+06 1.295793697411528484e-15
7.586000000000000000e+06 1.248645841377653714e-15
7.656000000000000000e+06 1.203622973718357487e-15
7.727000000000000000e+06 1.160010782025728488e-15
7.798000000000000000e+06 1.118356128436813938e-15
7.870000000000000000e+06 1.078006685853724346e-15
7.943000000000000000e+06 1.038937538010012307e-15
8.017000000000000000e+06 1.001122962221963454e-15
8.091000000000000000e+06 9.650132760072659987e-16
8.166000000000000000e+06 9.300615504565641818e-16
8.241000000000000000e+06 8.966779852583517257e-16
8.318000000000000000e+06 8.639478451466213958e-16
8.395000000000000000e+06 8.326975464934677681e-16
8.472000000000000000e+06 8.028475200107437657e-16
8.551000000000000000e+06 7.735992741581737118e-16
8.630000000000000000e+06 7.456708954377256855e-16
8.710000000000000000e+06 7.186615535974019014e-16
8.790000000000000000e+06 6.928641124841834677e-16
8.872000000000000000e+06 6.676118113595522543e-16
8.954000000000000000e+06 6.434995389783172393e-16
9.036000000000000000e+06 6.204660885688664100e-16
9.120000000000000000e+06 5.979294731569880448e-16
9.204000000000000000e+06 5.764068501656921549e-16
9.290000000000000000e+06 5.553656416293648715e-16
9.376000000000000000e+06 5.352758435695291862e-16
9.462000000000000000e+06 5.160862962998707479e-16
9.550000000000000000e+06 4.973323465699901938e-16
9.638000000000000000e+06 4.794225801006008055e-16
9.727000000000000000e+06 4.621217897572535725e-16
9.817000000000000000e+06 4.454129512867950709e-16
9.908000000000000000e+06 4.292792182872811510e-16
1.000000000000000000e+07 4.137039461222598786e-16
1.009000000000000000e+07 3.991448931319646261e-16
1.019000000000000000e+07 3.837112997796728647e-16
1.028000000000000000e+07 3.704539582099810388e-16
1.038000000000000000e+07 3.563880596502981708e-16
1.047000000000000000e+07 3.442952345654109695e-16
1.057000000000000000e+07 3.314541341899116731e-16
1.067000000000000000e+07 3.192061551065849358e-16
1.076000000000000000e+07 3.086631272759120291e-16
1.086000000000000000e+07 2.974540512535162409e-16
1.096000000000000000e+07 2.867492079600672002e-16
1.107000000000000000e+07 2.755241239071543406e-16
1.117000000000000000e+07 2.657923511378556290e-16
1.127000000000000000e+07 2.564864786003963213e-16
1.138000000000000000e+07 2.467155111906298483e-16
1.148000000000000000e+07 2.382334487243028541e-16
1.159000000000000000e+07 2.293198855627702320e-16
1.169000000000000000e+07 2.215756496734233073e-16
1.180000000000000000e+07 2.134307712541605592e-16
1.191000000000000000e+07 2.056567232564012230e-16
1.202000000000000000e+07 1.982334285438036343e-16
1.213000000000000000e+07 1.911420667765506110e-16
1.225000000000000000e+07 1.837638904125159930e-16
1.236000000000000000e+07 1.773108009842166333e-16
1.247000000000000000e+07 1.711385010876777480e-16
1.259000000000000000e+07 1.647082668355811478e-16
1.271000000000000000e+07 1.585772218693763954e-16
1.282000000000000000e+07 1.532057722571152499e-16
1.294000000000000000e+07 1.476028174153321338e-16
1.306000000000000000e+07 1.422536718866782955e-16
1.318000000000000000e+07 1.371446629944021489e-16
1.330000000000000000e+07 1.322629697013911121e-16
1.343000000000000000e+07 1.272170539709627128e-16
1.355000000000000000e+07 1.227711510673880543e-16
1.368000000000000000e+07 1.181717058159521824e-16
1.380000000000000000e+07 1.141157328184566125e-16
1.393000000000000000e+07 1.099161814441830216e-16
1.406000000000000000e+07 1.059080485768390513e-16
1.419000000000000000e+07 1.020809590236501156e-16
1.432000000000000000e+07 9.842518778276463526e-17
1.445000000000000000e+07 9.493161389034662742e-17
1.459000000000000000e+07 9.134088969828628866e-17
1.472000000000000000e+07 8.815743594201597470e-17
1.486000000000000000e+07 8.488265492909350965e-17
1.500000000000000000e+07 8.175853178576941803e-17
1.514000000000000000e+07 7.877682520907223702e-17
1.528000000000000000e+07 7.592981508632207043e-17
1.542000000000000000e+07 7.321026516378447164e-17
1.556000000000000000e+07 7.061138869669866446e-17
1.570000000000000000e+07 6.812681681853315485e-17
1.585000000000000000e+07 6.558483193570782926e-17
1.600000000000000000e+07 6.316030872596807327e-17
1.614000000000000000e+07 6.099769769093000229e-17
1.629000000000000000e+07 5.878232979017027419e-17
1.644000000000000000e+07 5.666662949214649255e-17
1.660000000000000000e+07 5.451373623041640731e-17
1.675000000000000000e+07 5.258748830592333562e-17
1.690000000000000000e+07 5.074557395197775285e-17
1.706000000000000000e+07 4.886887598819483810e-17
1.722000000000000000e+07 4.707813767024693935e-17
1.738000000000000000e+07 4.536867726340508591e-17
1.754000000000000000e+07 4.373610783633669066e-17
1.770000000000000000e+07 4.217631623536593963e-17
1.786000000000000000e+07 4.068544373073572917e-17
1.803000000000000000e+07 3.917285899614040456e-17
1.820000000000000000e+07 3.772991819843231416e-17
1.837000000000000000e+07 3.635280858897826169e-17
1.854000000000000000e+07 3.503795873522219704e-17
1.871000000000000000e+07 3.378202122217650324e-17
1.888000000000000000e+07 3.258185673653223369e-17
1.905000000000000000e+07 3.143451941168986500e-17
1.923000000000000000e+07 3.027420033248753383e-17
1.941000000000000000e+07 2.916692811000524520e-17
1.959000000000000000e+07 2.810981896984276861e-17
1.977000000000000000e+07 2.710017039000541061e-17
1.995000000000000000e+07 2.613544819738144953e-17
2.014000000000000000e+07 2.516324489096727555e-17
2.032000000000000000e+07 2.428356501046819587e-17
2.051000000000000000e+07 2.339631545229518695e-17
2.070000000000000000e+07 2.254922012415689467e-17
2.089000000000000000e+07 2.174011792023340902e-17
2.109000000000000000e+07 2.092725059315703559e-17
2.128000000000000000e+07 2.018992224223341888e-17
2.148000000000000000e+07 1.944852943531818171e-17
2.168000000000000000e+07 1.874085715750725896e-17
2.188000000000000000e+07 1.806508159668045375e-17
2.208000000000000000e+07 1.741949299367378310e-17
2.228000000000000000e+07 1.680248756336931563e-17
2.249000000000000000e+07 1.618374874412568728e-17
2.270000000000000000e+07 1.559323026688696420e-17
2.291000000000000000e+07 1.502940158727409125e-17
2.312000000000000000e+07 1.449082813623792863e-17
2.333000000000000000e+07 1.397616450320274217e-17
2.355000000000000000e+07 1.346126322704126261e-17
2.377000000000000000e+07 1.296985715416418859e-17
2.399000000000000000e+07 1.250067142786267702e-17
2.421000000000000000e+07 1.205251116966334440e-17
2.443000000000000000e+07 1.162425579614121571e-17
2.466000000000000000e+07 1.119667633416388385e-17
2.489000000000000000e+07 1.078857710117553123e-17
2.512000000000000000e+07 1.039890272811368974e-17
2.535000000000000000e+07 1.002666395313620628e-17
2.559000000000000000e+07 9.655827175817546611e-18
2.582000000000000000e+07 9.316394111832307534e-18
2.606000000000000000e+07 8.977954261538302441e-18
2.630000000000000000e+07 8.654744062733572572e-18
2.655000000000000000e+07 8.333383344630088627e-18
2.679000000000000000e+07 8.038790622329061116e-18
2.704000000000000000e+07 7.745634154279490322e-18
2.729000000000000000e+07 7.465720122780156845e-18
2.754000000000000000e+07 7.198337145789408641e-18
2.780000000000000000e+07 6.932835043829017581e-18
2.805000000000000000e+07 6.688990709143583978e-18
2.831000000000000000e+07 6.446657904308188775e-18
2.858000000000000000e+07 6.206507589213120500e-18
2.884000000000000000e+07 5.985730186137337011e-18
2.911000000000000000e+07 5.766752994460150177e-18
2.938000000000000000e+07 5.557698455794150072e-18
2.965000000000000000e+07 5.358031869070587821e-18
2.992000000000000000e+07 5.167251848960781230e-18
3.020000000000000000e+07 4.978289538590286282e-18
3.048000000000000000e+07 4.797886551736313246e-18
3.076000000000000000e+07 4.625581826214633401e-18
3.105000000000000000e+07 4.455199671256071339e-18
3.133000000000000000e+07 4.298073232458138411e-18
3.162000000000000000e+07 4.142569070438131642e-18
3.192000000000000000e+07 3.989032257799373947e-18
3.221000000000000000e+07 3.847316749420009511e-18
3.251000000000000000e+07 3.707274600338564679e-18
3.281000000000000000e+07 3.573546771051271902e-18
3.311000000000000000e+07 3.445794676216463701e-18
3.342000000000000000e+07 3.319724839298260215e-18
3.373000000000000000e+07 3.199368207283123235e-18
3.404000000000000000e+07 3.084416885353988100e-18
3.436000000000000000e+07 2.971121195275691669e-18
3.467000000000000000e+07 2.866284192036142634e-18
3.499000000000000000e+07 2.762870277642229261e-18
3.532000000000000000e+07 2.661062985642078247e-18
3.565000000000000000e+07 2.563902085119116725e-18
3.597000000000000000e+07 2.473884281504273409e-18
3.631000000000000000e+07 2.382526634524957073e-18
3.664000000000000000e+07 2.297854103682889646e-18
3.698000000000000000e+07 2.214513093045368635e-18
3.733000000000000000e+07 2.132629955103797068e-18
3.767000000000000000e+07 2.056678914304718533e-18
3.802000000000000000e+07 1.981992716119916335e-18
3.837000000000000000e+07 1.910666140464912332e-18
3.873000000000000000e+07 1.840617431958964266e-18
3.908000000000000000e+07 1.775565689514250114e-18
3.945000000000000000e+07 1.709891032631302229e-18
3.981000000000000000e+07 1.648880521537212182e-18
4.018000000000000000e+07 1.588984330462471851e-18
4.055000000000000000e+07 1.531783297622636616e-18
4.093000000000000000e+07 1.475690280143308029e-18
4.130000000000000000e+07 1.423519291698196188e-18
4.169000000000000000e+07 1.370999825016656129e-18
4.207000000000000000e+07 1.322136473966094041e-18
4.246000000000000000e+07 1.274229748631613914e-18
4.285000000000000000e+07 1.228473335745436595e-18
4.325000000000000000e+07 1.183657193175120541e-18
4.365000000000000000e+07 1.140866220293114109e-18
4.406000000000000000e+07 1.098993376732823926e-18
4.446000000000000000e+07 1.059977116428844399e-18
4.487000000000000000e+07 1.021765723761422591e-18
4.529000000000000000e+07 9.843909610221193013e-19
4.571000000000000000e+07 9.487095736415979990e-19
4.613000000000000000e+07 9.146303221313272674e-19
4.656000000000000000e+07 8.813101637415373632e-19
4.699000000000000000e+07 8.494936050691031868e-19
4.742000000000000000e+07 8.190999545782582860e-19
4.786000000000000000e+07 7.893934806469804806e-19
4.831000000000000000e+07 7.603917203083117709e-19
4.875000000000000000e+07 7.333110294953984122e-19
4.920000000000000000e+07 7.068503203252091330e-19
4.966000000000000000e+07 6.810236380875591961e-19
5.012000000000000000e+07 6.563658141818854049e-19
5.058000000000000000e+07 6.328139393901266655e-19
5.105000000000000000e+07 6.098309887183084744e-19
5.152000000000000000e+07 5.878820160588978704e-19
5.200000000000000000e+07 5.664757692584229759e-19
5.248000000000000000e+07 5.460350318691179268e-19
5.297000000000000000e+07 5.261105639891834233e-19
5.346000000000000000e+07 5.070866511858911417e-19
5.395000000000000000e+07 4.889148875796769419e-19
5.445000000000000000e+07 4.712035846395755719e-19
5.495000000000000000e+07 4.542870738584331192e-19
5.546000000000000000e+07 4.378070512891134648e-19
5.598000000000000000e+07 4.217661133409746542e-19
5.649000000000000000e+07 4.067410162420817748e-19
5.702000000000000000e+07 3.918288820839097502e-19
5.754000000000000000e+07 3.778564653233076803e-19
5.808000000000000000e+07 3.639995671841826007e-19
5.861000000000000000e+07 3.510115328170521148e-19
5.916000000000000000e+07 3.381400415923643755e-19
5.970000000000000000e+07 3.260715398270377902e-19
6.026000000000000000e+07 3.141193446422059418e-19
6.081000000000000000e+07 3.029089577972530130e-19
6.138000000000000000e+07 2.918136136665887290e-19
6.194000000000000000e+07 2.814033102213857444e-19
6.252000000000000000e+07 2.711059597879908608e-19
6.310000000000000000e+07 2.612753417226899777e-19
6.368000000000000000e+07 2.518862987475454833e-19
6.427000000000000000e+07 2.427641009922021780e-19
6.486000000000000000e+07 2.340511463092135343e-19
6.546000000000000000e+07 2.255877067861447112e-19
6.607000000000000000e+07 2.173717430281699210e-19
6.668000000000000000e+07 2.095264313061119618e-19
6.730000000000000000e+07 2.019118404829861317e-19
6.792000000000000000e+07 1.946400392178584590e-19
6.855000000000000000e+07 1.875831833844335169e-19
6.918000000000000000e+07 1.808432644884689200e-19
6.982000000000000000e+07 1.743034644584271219e-19
7.047000000000000000e+07 1.679612650723409967e-19
7.112000000000000000e+07 1.619049183608023450e-19
7.178000000000000000e+07 1.560321260423869688e-19
7.244000000000000000e+07 1.504232158285283288e-19
7.311000000000000000e+07 1.449847389234760325e-19
7.379000000000000000e+07 1.397140792832024167e-19
7.447000000000000000e+07 1.346807644261607011e-19
7.516000000000000000e+07 1.298029829854995029e-19
7.586000000000000000e+07 1.250780704346395813e-19
7.656000000000000000e+07 1.205662021188108201e-19
7.727000000000000000e+07 1.161957868105759137e-19
7.798000000000000000e+07 1.120216185473530698e-19
7.870000000000000000e+07 1.079783211350875873e-19
7.943000000000000000e+07 1.040633925154167577e-19
8.017000000000000000e+07 1.002742499811964475e-19
8.091000000000000000e+07 9.665601041369670763e-20
8.166000000000000000e+07 9.315386466973204924e-20
8.241000000000000000e+07 8.980890880664777599e-20
8.318000000000000000e+07 8.652948408894747245e-20
8.395000000000000000e+07 8.339838985050392354e-20
8.472000000000000000e+07 8.040764752911399910e-20
8.551000000000000000e+07 7.747725058459038867e-20
8.630000000000000000e+07 7.467914081631514013e-20
8.710000000000000000e+07 7.197315502957454954e-20
8.790000000000000000e+07 6.938863015566639400e-20
8.872000000000000000e+07 6.685876327977080219e-20
8.954000000000000000e+07 6.444314939680078972e-20
9.036000000000000000e+07 6.213565222956724463e-20
9.120000000000000000e+07 5.987796531069196040e-20
9.204000000000000000e+07 5.772189404136477366e-20
9.290000000000000000e+07 5.561408368422932513e-20
9.376000000000000000e+07 5.360161370471427258e-20
9.462000000000000000e+07 5.167935568279549320e-20
9.550000000000000000e+07 4.980076197719076135e-20
9.638000000000000000e+07 4.800675863993808612e-20
9.727000000000000000e+07 4.627378258581027068e-20
9.817000000000000000e+07 4.460012649697086524e-20
9.908000000000000000e+07 4.298410096530699150e-20
1.000000000000000000e+08 4.142403688611045837e-20
